Upstream commit,Date,Summary,Paths touched,Decision,Notes
e495cfa5767485606764e452742808eee89901d3,2023-10-30,(Testing) Separate tests into seperate repo,CMakeLists.txt Makefile.am build config/support-rose.m4,drop,Testing split; autotools/build script changes; drop.
edeaed4de01867943ea8cddd7c18d56f2aa4db35,2023-10-30,(Testing) Add yaml file for gitlab CI,.gitlab-ci.yml,drop,CI config not used in REX.
33377c77b4e92baeeda78a4a334122be1ebc4127,2023-10-30,(Testing) Update Readme,README.md,drop,EDG support mention; EDG dropped in REX.
d18e46d4239ba5c8b905ee846eb9897aa1658783,2023-10-31,(Testing) Re-add byte code directory,build config/support-rose.m4,drop,Autotools and build test scaffolding for bytecode tests
89300d0dfcbd6c3f9b143479e63aa51033ff1be1,2023-11-06,(Release) Incremented version to 0.11.145.4,ROSE_VERSION config/SCM_DATE configure.ac src/frontend/CxxFrontend/EDG_VERSION,drop,Version bump plus EDG_VERSION and configure; SCM_DATE metadata update only; ROSE_VERSION update; no functional changes for REX.
73b6890c408d03160f8f95191206cf1187db2558,2023-11-07,(AST) Renamed most snake_case names to camelCase in binary AST nodes,src/AstNodes/BinaryAnalysis src/frontend/BinaryFormats src/frontend/Disassemblers tutorial/binaryAnalysis_symbolTable.C,drop,Binary analysis AST rename dropped in REX
b39acd4746f6ef5cfe0942f6ed12a1950b7b9787,2023-11-07,(AST) Regenerated AST node types with Rosebud,src/ROSETTA/src/binaryInstruction.C src/ROSETTA/src/jovialNodes.C src/generated/BinaryAnalysis,drop,Generated binary and jovial AST code dropped
59afeb27bc89b51ceede9037035d181efd36c769,2023-11-07,(AST) Fixed deprecation warnings caused by previous commit,src/AstNodes/BinaryAnalysis src/Rose/BinaryAnalysis src/backend/asmUnparser src/backend/unparser/unparser.C src/frontend/BinaryFormats src/frontend/Disassemblers src/frontend/SageIII/sageInterface src/frontend/SageIII/virtualCFG tools/BinaryAnalysis tutorial/binaryAnalysis tutorial/binaryAnalysis_symbolTable.C,drop,Binary analysis deprecation fixes dropped
93125d25cd297e4b50e5df7b3a2a50b2200b9b45,2023-11-10,(Release) Incremented version to 0.11.145.5,ROSE_VERSION config/SCM_DATE configure.ac src/frontend/CxxFrontend/EDG_VERSION,drop,Version bump plus EDG_VERSION and configure
f0f703bcc8666a4565482d5aa840ba6858745ba0,2023-11-11,(Rosebud) Copy input into memory instead of mapping it,src/Rosebud/Ast.C src/Rosebud/rosebud.C,drop,Rosebud change uses Sawyer and boost filesystem dropped in REX
d0415f3f5b957c85e1c1b5ce66e3993ddba36f3e,2023-11-11,(Rosebud) Fixed std::ifstream c'tor call,src/Rosebud/Ast.C,drop,Depends on dropped Rosebud boost filesystem change
020900c27d9d2a4d777ac4f6735f4570bd07cfd0,2023-11-11,(Release) Incremented version to 0.11.145.6,ROSE_VERSION config/SCM_DATE configure.ac src/frontend/CxxFrontend/EDG_VERSION,drop,Version bump plus EDG_VERSION and configure
122a1a95ecd3aa6550ed19763478ad0fd9d32074,2023-11-12,(ByteCode JVM) Add LocalVariableTable and LocalVariableTypeTable code attributes,src/AstNodes/BinaryAnalysis src/ROSETTA src/Rose/BinaryAnalysis/Partitioner2 src/frontend/BinaryFormats src/generated/BinaryAnalysis,drop,Binary JVM analysis dropped
38c18321690ad484690ceeef3d06f6162a870fdc,2023-11-13,(ByteCode Cil) Implement CFG,src/AstNodes/BinaryAnalysis src/ROSETTA/src/binaryInstruction.C src/frontend/BinaryFormats/CilImpl.C,drop,Binary CIL analysis dropped
355633417ba15ffa43fe80dc2de29d2a868c5be1,2023-11-14,(Release) Incremented version to 0.11.145.7,ROSE_VERSION config/SCM_DATE configure.ac src/frontend/CxxFrontend/EDG_VERSION,drop,Version bump plus EDG_VERSION and configure
0a9995113469eaabbf37792d98ed4afb4cbfcbec,2023-11-14,(Ada) use public ancestor constraints for namequal,src/ROSETTA/src/symbol.C src/backend/unparser/nameQualificationSupport.C src/frontend/Experimental_Ada_ROSE_Connection src/frontend/SageIII/sageInterface/sageInterfaceAda.C src/frontend/SageIII/sageInterface/sageInterfaceAda.h,drop,Ada frontend and unparser changes dropped
62b4e0ca0805f5621af54ebbfa69de3634acfd3f,2023-11-14,(Ada) Compute type info for deref on formal type,src/frontend/Experimental_Ada_ROSE_Connection src/frontend/SageIII/sageInterface/sageInterfaceAda.C src/frontend/SageIII/sageInterface/sageInterfaceAda.h,drop,Ada frontend and sageInterface changes dropped
8a9a444acecbb656b84af9fafcdcea6497ac2e96,2023-11-14,(Ada) Use two symbols per enumerator,src/frontend/Experimental_Ada_ROSE_Connection,drop,Ada frontend changes dropped
b7a86c5b9e730edb8399f9b69258a9c042856b59,2023-11-15,(Ada) expose implicit dereferences in IR,src/backend/unparser/AdaCodeGeneration/unparseAda_expressions.C src/frontend/Experimental_Ada_ROSE_Connection src/frontend/SageIII/sageInterface/sageInterfaceAda.C src/frontend/SageIII/sageInterface/sageInterfaceAda.h,drop,Ada frontend and unparser changes dropped
0321bfd082da1ccbd5a54f7c125e07d991696915,2023-11-18,(Release) Incremented version to 0.11.145.8,ROSE_VERSION config/SCM_DATE configure.ac src/frontend/CxxFrontend/EDG_VERSION,drop,Version bump plus EDG_VERSION and configure
dcb2db29169f36ee1675e3f0060eeb8927059ea8,2023-11-27,(Ada) Turned on Include_Pragmas in ASIS APIs,src/frontend/Experimental_Ada_ROSE_Connection/parser/asis_adapter/source,drop,Ada ASIS adapter changes dropped
d008e7dfecb5f27149a328d2e0a12c7d24d3fc52,2023-11-27,(Ada) Improved pragma support,src/backend/unparser/nameQualificationSupport.C src/frontend/Experimental_Ada_ROSE_Connection src/frontend/SageIII/sageInterface/sageInterfaceAda.C src/frontend/SageIII/sageInterface/sageInterfaceAda.h,drop,Ada pragma support dropped
03056cbd7671d5eaad7801f899cecedc49c55271,2023-11-27,(Ada) resolve rebase conflicts with master,src/frontend/Experimental_Ada_ROSE_Connection/AdaMaker.C src/frontend/Experimental_Ada_ROSE_Connection/AdaStatement.C src/frontend/Experimental_Ada_ROSE_Connection/Ada_to_ROSE.C src/frontend/Experimental_Ada_ROSE_Connection/Ada_to_ROSE.h,drop,Ada rebase conflict resolution dropped
901faacd4a74b94fd76a7f6bc665afdd8935a624,2023-11-27,(Ada) preprocessor handling,src/backend/unparser/AdaCodeGeneration src/backend/unparser/languageIndependenceSupport/unparseLanguageIndependentConstructs.C src/frontend/SageIII/attachPreprocessingInfo.C src/frontend/SageIII/attachPreprocessingInfoTraversal.C src/frontend/SageIII/rose_attributes_list.C src/frontend/SageIII/rose_attributes_list.h src/frontend/SageIII/sageInterface/sageInterfaceAda.C src/frontend/SageIII/sageInterface/sageInterfaceAda.h,drop,Ada preprocessor handling dropped
d409a7bb62032884d4d743174b277d80e7046266,2023-11-28,(Ada) No declarative blocks for pragmas,src/frontend/Experimental_Ada_ROSE_Connection/AdaStatement.C src/frontend/SageIII/sageInterface/sageInterfaceAda.C,drop,Ada frontend changes dropped
43784a626a4eabef7534e21a97ccca007a83bcb3,2023-11-29,(codethorn) Add convenience default ctor,tools/CodeThorn/src/ClassHierarchyAnalysis.h,drop,CodeThorn tool dropped
dcad748f3e714d0f63de304bf6648f15df608128,2023-12-01,(Release) Incremented version to 0.11.145.9,ROSE_VERSION config/SCM_DATE configure.ac src/frontend/CxxFrontend/EDG_VERSION,drop,Version bump plus EDG_VERSION and configure
707fd0aaa273596167c590b17281ccbf21bb919a,2023-12-01,wip,src/backend/unparser/AdaCodeGeneration src/frontend/SageIII/sageInterface/sageInterfaceAda.C src/frontend/SageIII/sageInterface/sageInterfaceAda.h,drop,Ada changes dropped
8c172c419033009a5a93f3c9ab87426670bb434e,2023-12-01,(Ada) Ada-style get_qualified_name support,src/ROSETTA/Grammar/Statement.code src/ROSETTA/Grammar/Support.code,drop,Ada qualified name support dropped
51a496d6140bbca214016fe5c3abb30e486520ed,2023-12-03,(Ada) Revise with clause representation,src/backend/unparser/AdaCodeGeneration/unparseAda_statements.C src/backend/unparser/nameQualificationSupport.C src/frontend/Experimental_Ada_ROSE_Connection/AdaStatement.C src/frontend/Experimental_Ada_ROSE_Connection/Ada_to_ROSE.h src/frontend/SageIII/sageInterface/sageInterfaceAda.C src/frontend/SageIII/sageInterface/sageInterfaceAda.h,drop,Ada with clause changes dropped
99a83ac30a2d93002246d564d88960872e527368,2023-12-06,(Release) Incremented version to 0.11.145.10,ROSE_VERSION config/SCM_DATE configure.ac src/frontend/CxxFrontend/EDG_VERSION,drop,Version bump plus EDG_VERSION and configure
da864db83f963e3491db06e61e8ceb3e6ae9a1f1,2023-12-11,(Documentation) Fixed missing documentation for ByteOrder::Endianness,src/Rose/BinaryAnalysis/ByteOrder.h,drop,Binary analysis docs dropped
b9bda9114289cdf9e67c76456a51dfb48f8e1c9b,2023-12-13,(Engineering) Fixed some compiler warnings,src/Rose/BinaryAnalysis/ByteCode/Cil.C src/Rose/BinaryAnalysis/InstructionSemantics/DispatcherCil.C src/Rose/BinaryAnalysis/Partitioner2/EngineJvm.C src/frontend/BinaryFormats/CliHeader.C src/frontend/BinaryFormats/JvmComposite.C src/frontend/Disassemblers/SgAsmCilInstruction.C src/frontend/Disassemblers/SgAsmJvmInstruction.C,drop,Binary analysis warnings dropped
e919659eb656183665542a0cc40c89f90289329a,2023-12-13,(Release) Incremented version to 0.11.145.11,ROSE_VERSION config/SCM_DATE configure.ac src/frontend/CxxFrontend/EDG_VERSION,drop,Version bump plus EDG_VERSION and configure
965e3fbc5e0d0e58a12559008fb0a9242c839fb7,2023-12-14,(Utility) Functional assertions with Rose::affirm,src/Makefile.am src/Rose/Affirm.h src/Rose/CMakeLists.txt src/Rose/Tupfile,drop,Rose library affirm API dropped
297e8b4d23fad554e7b138bd11cdda4c75dda040,2023-12-14,(Fortran Flang) Update to latest LLVM/Flang,src/3rdPartyLibraries/flang-parser/Makefile.am src/ROSETTA/Grammar/Support.code src/frontend/Experimental_Flang_ROSE_Connection src/frontend/SageIII/sage_support/sage_support.C,pick-partial,Flang parser update and autotools Makefile.am skipped; Reverted changes in src/ROSETTA/Grammar/Support.code; src/frontend/SageIII/sage_support/sage_support.C to remove drop-list reintroductions.
5903073dadc76651c91e0a45b48240a3a315243d,2023-12-14,(Release) Incremented version to 0.11.145.12,ROSE_VERSION config/SCM_DATE configure.ac src/frontend/CxxFrontend/EDG_VERSION,drop,Version bump plus EDG_VERSION and configure
4963bb0d2f465966e53dd9cfcf99dc238a086db1,2023-12-15,(ByteCode) Implement CFG,build config/support-rose.m4 src/AstNodes/BinaryAnalysis src/AstNodes/Jovial src/ROSETTA/src/binaryInstruction.C src/ROSETTA/src/jovialNodes.C src/Rose/AST/io/delete.C src/Rose/BinaryAnalysis/ByteCode src/Rose/BinaryAnalysis/Partitioner2 src/frontend/BinaryFormats,drop,Binary analysis and Jovial changes dropped
2120d3a64040ce3b4993b7513df2f4633e17ee98,2023-12-17,(Release) Incremented version to 0.11.145.13,ROSE_VERSION config/SCM_DATE configure.ac src/frontend/CxxFrontend/EDG_VERSION,drop,Version bump plus EDG_VERSION and configure
2da8ba0391ff4a5a0b4af4e66032b5e888710052,2023-12-19,(AstUtil) Support operator mod/read/call set analysis with annotations.,src/midend/astUtil src/midend/astUtil/annotation src/midend/astUtil/astInterface src/midend/astUtil/astSupport,pick,AstUtil operator side effect annotation updates; Reverted changes in src/midend/astUtil/astInterface/AstInterface.C; src/midend/astUtil/astInterface/AstInterface.h to remove drop-list reintroductions.
66b33310d435026de50b5b9f4a80c6384a9f15da,2023-12-19,(Release) Incremented version to 0.11.145.14,ROSE_VERSION config/SCM_DATE configure.ac src/frontend/CxxFrontend/EDG_VERSION,drop,Version bump plus EDG_VERSION and configure
73be4cd1dc40b0f3941a5937eee48c462f52f2d4,2024-01-04,(Ada) added compilation pragma support,src/frontend/Experimental_Ada_ROSE_Connection/parser/asis_adapter/source/asis_adapter-unit.adb,drop,Ada ASIS adapter changes dropped
30287c667f35618a8346d2f6088e2e51a41e7028,2024-01-04,(Testing) Fixups to ensure build when tests directory is absent,.gitlab-ci.yml Makefile.am config/support-rose.m4 scripts/Makefile.am,drop,Upstream test absence fixes and autotools GitLab changes dropped
7a5a0970bc038c4dc899098a6899da34c37330b7,2024-01-04,(Fortran Flang) Implemented KindParam,src/frontend/Experimental_Flang_ROSE_Connection src/frontend/Experimental_General_Language_Support/SageTreeBuilder.C src/frontend/Experimental_General_Language_Support/SageTreeBuilder.h,pick,Flang KindParam and SageTreeBuilder updates; Reverted changes in src/frontend/Experimental_General_Language_Support/SageTreeBuilder.C; src/frontend/Experimental_General_Language_Support/SageTreeBuilder.h to remove drop-list reintroductions.
790201b6e8227e1cd13b015f80843b1089376634,2024-01-04,(Fortran Flang) Implemented parameter type modifier (const),src/frontend/Experimental_Flang_ROSE_Connection/sage-build.cc src/frontend/Experimental_General_Language_Support/SageTreeBuilder.C src/frontend/Experimental_General_Language_Support/general_language_translation.h,pick,Flang parameter type modifier updates; Reverted changes in src/frontend/Experimental_General_Language_Support/SageTreeBuilder.C; src/frontend/Experimental_General_Language_Support/general_language_translation.h to remove drop-list reintroductions.
b26b82aeaa10906ebe40fd3cb06e9194c15604be,2024-01-04,(Fortran Flang) Implemented InternalSubprogramPart,src/backend/unparser/unparser.C src/frontend/Experimental_Flang_ROSE_Connection src/frontend/Experimental_General_Language_Support/SageTreeBuilder.C src/frontend/Experimental_General_Language_Support/SageTreeBuilder.h,pick,Flang InternalSubprogramPart updates; Reverted changes in src/backend/unparser/unparser.C; src/frontend/Experimental_General_Language_Support/SageTreeBuilder.C; src/frontend/Experimental_General_Language_Support/SageTreeBuilder.h to remove drop-list reintroductions.
635d38ce1ce6d2d909df374aead675e31f9ee944,2024-01-04,(Release) Incremented version to 0.11.145.15,ROSE_VERSION config/SCM_DATE configure.ac src/frontend/CxxFrontend/EDG_VERSION,drop,Version bump plus EDG_VERSION and configure
dd8faa3279fad1217bd2cc71ceb1b692e17f8cba,2024-01-04,(Policy) Added some words to the acceptable non-English word list,scripts/policies/RoseNamespace.pl,drop,Reverted changes in scripts/policies/RoseNamespace.pl to remove drop-list reintroductions; no changes kept.
8bc911687f13f7c367f6b4ccf108b7413ea1144a,2024-01-04,"(Architecture) Add directories, build rules, and first files",install-staging/include/rose/Rose/BinaryAnalysis/Architecture/Tupfile src/CMakeLists.txt src/Makefile.am src/Rose/BinaryAnalysis.h src/Rose/BinaryAnalysis/Architecture src/Rose/BinaryAnalysis/BasicTypes.h src/Rose/BinaryAnalysis/CMakeLists.txt src/Rose/Makefile.am,drop,Binary analysis architecture subsystem dropped
3d284cc531e01a1a2aaaa7b30cc44b158a1fda44,2024-01-04,(Architecture) Added diagnostic facility,src/Makefile.am src/Rose/BinaryAnalysis/Architecture/BasicTypes.C src/Rose/BinaryAnalysis/Architecture/BasicTypes.h src/Rose/BinaryAnalysis/Architecture/CMakeLists.txt src/Rose/BinaryAnalysis/Architecture/Tupfile src/Rose/Diagnostics/Diagnostics.C src/Rose/Makefile.am,drop,Binary analysis architecture diagnostics dropped
257116bbc3d15e4de9030716529cfdc9c95f11f4,2024-01-04,(Architecture) Added exception classes,src/Makefile.am src/Rose/BinaryAnalysis/Architecture.h src/Rose/BinaryAnalysis/Architecture/BasicTypes.h src/Rose/BinaryAnalysis/Architecture/CMakeLists.txt src/Rose/BinaryAnalysis/Architecture/Exception.C src/Rose/BinaryAnalysis/Architecture/Exception.h src/Rose/BinaryAnalysis/Architecture/Tupfile src/Rose/Makefile.am,drop,Binary analysis architecture exceptions dropped
769b21cb67015a03eeeff5797ab13846100c6749,2024-01-04,(Architecture) Added architecture registry functions,src/Rose/BinaryAnalysis/Architecture/Base.C src/Rose/BinaryAnalysis/Architecture/Base.h src/Rose/BinaryAnalysis/Architecture/BasicTypes.C src/Rose/BinaryAnalysis/Architecture/BasicTypes.h,drop,Binary analysis architecture registry dropped
0393973876e38e417386473e725d3a8bdfb590ee,2024-01-04,(Architecture) Added register dictionary property,src/Rose/BinaryAnalysis/Architecture/Base.C src/Rose/BinaryAnalysis/Architecture/Base.h,drop,Binary analysis architecture register dictionary dropped
737d9b1bb7a933b1380a101e3c995308b80076a1,2024-01-04,"(Architecture) Added insn decoder, word size, byte order properties",src/Rose/BinaryAnalysis/Architecture/Base.C src/Rose/BinaryAnalysis/Architecture/Base.h src/Rose/BinaryAnalysis/Architecture/Exception.C src/Rose/BinaryAnalysis/Architecture/Exception.h,drop,Binary analysis architecture properties dropped
86757d02fbb4477e894803110b5422d3deecdbfb,2024-01-04,(Architecture) Special registers API,src/Rose/BinaryAnalysis/Architecture/Base.C src/Rose/BinaryAnalysis/Architecture/Base.h,drop,Binary analysis architecture special registers dropped
492784856cd8cc149f81ff77ed0d818d7233799c,2024-01-04,(Architecture) Added instruction semantics,src/Rose/BinaryAnalysis/Architecture/Base.C src/Rose/BinaryAnalysis/Architecture/Base.h,drop,Binary analysis instruction semantics dropped
f0ac440d2030439c68dc579c2974ad949d0d5e06,2024-01-04,(Architecture) Added calling conventions,src/Rose/BinaryAnalysis/Architecture/Base.C src/Rose/BinaryAnalysis/Architecture/Base.h,drop,Binary analysis calling conventions dropped
ed358641209debbbbe53d0b0355fe4b9defefedc,2024-01-04,(Architecture) Created classes for each architecture; register dictionaries,docs/Rose/rose.cfg.in src/Makefile.am src/Rose/BinaryAnalysis/Architecture src/Rose/Makefile.am,drop,Binary analysis architecture classes dropped
b53492df255f0a75c4d779e4a9884daf45fef095,2024-01-04,(Architecture) Insn decoders are part of the architecture,src/Makefile.am src/Rose/BinaryAnalysis/Architecture src/Rose/BinaryAnalysis/BinaryLoader src/Rose/BinaryAnalysis/Debugger src/Rose/BinaryAnalysis/Disassembler src/Rose/BinaryAnalysis/InstructionProvider.h src/Rose/BinaryAnalysis/Partitioner2 src/Rose/StringUtility src/Rose/Makefile.am src/backend/asmUnparser/AsmUnparser_compat.C src/frontend/BinaryFormats src/frontend/Disassemblers/SgAsmInstruction.C tools/BinaryAnalysis/bat-ana.C,drop,Binary analysis architecture API change dropped
37bff85d34884de4e818c6f27f84271b9d218926,2024-01-04,(Architecture) Special registers stored in the register dictionary,src/Rose/BinaryAnalysis/RegisterDictionary.C src/Rose/BinaryAnalysis/RegisterDictionary.h,drop,Binary analysis register dictionary change dropped
4cf1946889ba5e12a5f032de83293204606707da,2024-01-04,(Architecture) ARM architectures are conditionally enabled,src/Rose/BinaryAnalysis/Architecture/ArmAarch32.C src/Rose/BinaryAnalysis/Architecture/ArmAarch32.h src/Rose/BinaryAnalysis/Architecture/ArmAarch64.C src/Rose/BinaryAnalysis/Architecture/ArmAarch64.h src/Rose/BinaryAnalysis/Architecture/BasicTypes.C,drop,Binary analysis ARM architecture gating dropped
5dd05301ed9d8de3f0d257230056b733711ea1c8,2024-01-04,(Architecture) Fixed makefile,src/Makefile.am,drop,Autotools makefile for binary analysis dropped
fe1da2b1f6ab8b770dc41dea2e195e9e5ac7c8fd,2024-01-04,(Architecture) Disassembler uses special registers from Architecture,src/Rose/BinaryAnalysis/Disassembler,drop,Binary analysis disassembler special registers dropped
092eb4b47d109176790ee9abd7ec89cf7d68ccf5,2024-01-04,(Architecture) Disassembler byte order comes from Architecture,src/Rose/BinaryAnalysis/Disassembler,drop,Binary analysis disassembler byte order dropped
78bd05666bf601d67e71db297d2d6cc8c6359bf4,2024-01-04,(Architecture) P2::Engine uses Architecture,src/Rose/BinaryAnalysis/BestMapAddress.C src/Rose/BinaryAnalysis/Partitioner2 src/Rose/BinaryAnalysis/Unparser src/backend/asmUnparser/AsmUnparser_compat.C tools/BinaryAnalysis tutorial/binaryStrings.C,drop,Binary analysis partitioner architecture usage dropped
54c83c3288f1358e4ab51acff0aa891affb64741,2024-01-04,(Architecture) Register dictionaries are built in Architecture,src/Rose/BinaryAnalysis/Architecture src/Rose/BinaryAnalysis/CallingConvention.C src/Rose/BinaryAnalysis/InstructionSemantics src/Rose/BinaryAnalysis/RegisterDictionary src/Rose/BinaryAnalysis/Unparser src/backend/asmUnparser/AsmUnparser.C src/frontend/Disassemblers/SgAsmM68kInstruction.C src/frontend/Disassemblers/SgAsmPowerpcInstruction.C src/frontend/Disassemblers/SgAsmX86Instruction.C,drop,Binary analysis register dictionary API change dropped
efadbc682d60e6dee524cee1957f364ddfafda60,2024-01-04,(Architecture) Add unparser API,src/Rose/BinaryAnalysis/Architecture src/Rose/BinaryAnalysis/Disassembler src/Rose/BinaryAnalysis/Unparser,drop,Binary analysis unparser API change dropped
e874df7070548f048d226a74201bf722852add7d,2024-01-04,(Architecture) InstructionProvider uses architecture,src/Rose/BinaryAnalysis/InstructionProvider src/Rose/BinaryAnalysis/Partitioner2/Partitioner.C src/Rose/BinaryAnalysis/Partitioner2/Partitioner.h tools/BinaryAnalysis/bat-native-trace.C,drop,Binary analysis instruction provider architecture dropped
5d8e088e91288d8e2d2c69942d4401a16b857b49,2024-01-04,(Architecture) Semantic dispatcher uses Architecture; new API,src/Rose/BinaryAnalysis/Architecture src/Rose/BinaryAnalysis/CallingConvention.C src/Rose/BinaryAnalysis/Concolic src/Rose/BinaryAnalysis/DataFlow.C src/Rose/BinaryAnalysis/Disassembler src/Rose/BinaryAnalysis/FeasiblePath.C src/Rose/BinaryAnalysis/InstructionSemantics src/Rose/BinaryAnalysis/ModelChecker/PartitionerModel.C src/Rose/BinaryAnalysis/NoOperation.C src/Rose/BinaryAnalysis/Partitioner2 src/Rose/BinaryAnalysis/PointerDetection.C src/Rose/BinaryAnalysis/StackDelta.C src/Rose/BinaryAnalysis/ToSource.C src/Rose/BinaryAnalysis/Unparser/Base.h src/frontend/Disassemblers src/frontend/Disassemblers/SgAsmM68kInstruction.C src/frontend/Disassemblers/SgAsmX86Instruction.C tutorial/binaryAnalysis/staticSemantics.C,drop,Binary analysis dispatcher architecture API dropped
c1a1adbe6d4c407635a9fc9c40d50d387a4c2856,2024-01-04,(Architecture) Removed Disassembler semantic dispatcher API,src/Rose/BinaryAnalysis/CallingConvention.C src/Rose/BinaryAnalysis/Disassembler src/Rose/BinaryAnalysis/FeasiblePath.C src/Rose/BinaryAnalysis/InstructionCache.h src/Rose/BinaryAnalysis/InstructionProvider src/Rose/BinaryAnalysis/Partitioner2 src/Rose/BinaryAnalysis/PointerDetection.C src/Rose/BinaryAnalysis/StackDelta.C src/Rose/BinaryAnalysis/ToSource.C,drop,Binary analysis dispatcher API removal dropped
37a3188d4a3eb30c305cb80e474606c2dd00834d,2024-01-04,(Architecture) Added partitioner function prologues to architectures,src/Makefile.am src/Rose/BinaryAnalysis/Architecture src/Rose/BinaryAnalysis/Partitioner2/EngineBinary.C src/Rose/Makefile.am,drop,Binary analysis function prologue hooks dropped
ef7fd4383d6ad0200614e14bfe191a9f28db61ed,2024-01-04,(Architecture) Added partitioner basic block creation hooks,src/Rose/BinaryAnalysis/Architecture/Base.C src/Rose/BinaryAnalysis/Architecture/Base.h src/Rose/BinaryAnalysis/Architecture/Motorola.C src/Rose/BinaryAnalysis/Architecture/Motorola.h src/Rose/BinaryAnalysis/Architecture/X86.C src/Rose/BinaryAnalysis/Architecture/X86.h src/Rose/BinaryAnalysis/Partitioner2/EngineBinary.C,drop,Binary analysis basic block hooks dropped
d4dea85f9ddd40896b6bf0218efdf705153bd48c,2024-01-04,(Architecture) Fixed code policy violations,src/Rose/BinaryAnalysis/Architecture.h,drop,Binary analysis policy cleanup dropped
12aa4a4f3e0277221f3d68af89f5152661bcd2d5,2024-01-04,(Architecture) Moved calling convention into Architecture,src/Rose/BinaryAnalysis/Architecture src/Rose/BinaryAnalysis/CallingConvention src/Rose/BinaryAnalysis/ConcreteLocation.C src/Rose/BinaryAnalysis/Disassembler src/Rose/BinaryAnalysis/InstructionProvider.C,drop,Binary analysis calling convention move dropped
626f2563fe60253b2a7e46dd53cc200c6f53f45b,2024-01-04,(Architecture) Removed references to deprecated functions,src/Rose/BinaryAnalysis/Architecture/X86.C src/Rose/BinaryAnalysis/BestMapAddress.C src/Rose/BinaryAnalysis/CallingConvention.C src/Rose/BinaryAnalysis/Debugger/Base.C src/Rose/BinaryAnalysis/InstructionSemantics/NativeSemantics.C src/Rose/BinaryAnalysis/NoOperation.C src/Rose/BinaryAnalysis/Partitioner2/ParallelPartitioner.C src/Rose/BinaryAnalysis/PointerDetection.C src/Rose/BinaryAnalysis/StackDelta.C src/Rose/BinaryAnalysis/ToSource.C tools/BinaryAnalysis/bat-native-trace.C,drop,Binary analysis deprecated references dropped
c0150ae7a701b0b24dbaf49a7aee3eb4d76c446d,2024-01-04,(Architecture) Fixed compiler warnings related to new Architecture API,src/Rose/BinaryAnalysis/NoOperation.C src/frontend/Disassemblers/SgAsmX86Instruction.C,drop,Binary analysis warning fixes dropped
d91294acad04750bd11b9152315c030c5b13fd38,2024-01-04,(Architecture) Remvoed SageBuilderAsm instruction builders,src/frontend/SageIII/sageInterface/SageBuilderAsm.C src/frontend/SageIII/sageInterface/SageBuilderAsm.h,drop,Binary analysis SageBuilderAsm removal dropped
de4855f3a2afcdc0deb77bae2f79849d02a855ae,2024-01-04,(Architecture) SgAsmInstruction points to Architecture,src/AstNodes/BinaryAnalysis/SgAsmInstruction.h src/Rose/BinaryAnalysis/ByteOrder.h src/Rose/BinaryAnalysis/Disassembler src/frontend/BinaryFormats/CilImpl.C src/frontend/Disassemblers/SgAsmInstruction.C src/frontend/SageIII/sageInterface/SageBuilderAsm.C,drop,Binary analysis instruction architecture property dropped
5687b25d450a5f2c6bd6bcbbee7c467afecf72cc,2024-01-04,(Rosebud) Regenerated SgAsm nodes due to SgAsmInstruction changes,src/ROSETTA/src/binaryInstruction.C src/generated/BinaryAnalysis,drop,Binary analysis regenerated SgAsm nodes dropped
c77884286c9fbc168ebdf82a7661e11448b6b5c7,2024-01-04,(Architecture) SgAsmInstruction::description moved to architecture,src/AstNodes/BinaryAnalysis src/Rose/BinaryAnalysis/Architecture src/Rose/BinaryAnalysis/Unparser/Base.C src/frontend/Disassemblers,drop,Binary analysis instruction description move dropped
5e066403fcdcd8b35eb9cb7d6aec69bde63121a8,2024-01-04,(Architecture) SgAsmInstruction::terminatesBasicBlock is moved,src/AstNodes/BinaryAnalysis src/Rose/BinaryAnalysis/Architecture src/Rose/BinaryAnalysis/ByteCode/Analysis.C src/frontend/Disassemblers,drop,Binary analysis terminatesBasicBlock move dropped
6000a9afdf13ab63ff82f755a2b9febb73428330,2024-01-04,(Architecutre) SgAsmInstruction function call detection moved,src/AstNodes/BinaryAnalysis src/Rose/BinaryAnalysis/Architecture src/Rose/BinaryAnalysis/ByteCode/Analysis.C src/Rose/BinaryAnalysis/Disassembler/Base.C src/Rose/BinaryAnalysis/ModelChecker/PartitionerModel.C src/Rose/BinaryAnalysis/Partitioner2 src/frontend/Disassemblers,drop,Binary analysis function call detection move dropped
baa61d1dcdc375a321064f82ab85734444b7ceb3,2024-01-04,(Architecture) SgAsmInstruction function return detection moved,src/AstNodes/BinaryAnalysis src/Rose/BinaryAnalysis/Architecture src/Rose/BinaryAnalysis/ByteCode/Analysis.C src/Rose/BinaryAnalysis/Partitioner2/Partitioner.C src/frontend/Disassemblers,drop,Binary analysis function return detection move dropped
144d0d9bc572f0529fefe589518c8911eacd51e6,2024-01-04,(Architecture) SgAsmInstruction successor functions moved,src/AstNodes/BinaryAnalysis src/Rose/BinaryAnalysis/Architecture src/Rose/BinaryAnalysis/ByteCode/Analysis.C src/Rose/BinaryAnalysis/Disassembler src/Rose/BinaryAnalysis/NoOperation.C src/Rose/BinaryAnalysis/Partitioner2 src/frontend/Disassemblers src/frontend/SageIII/virtualCFG/virtualBinCFG.C,drop,Binary analysis successor and branch target move dropped
9c53e28d44c6657c730cac7a1e3abcfa3a8a4d12,2024-01-04,(Architecture) Moved SgAsmInstruction::isUnknown predicate,src/AstNodes/BinaryAnalysis src/Rose/BinaryAnalysis/Architecture src/Rose/BinaryAnalysis/ModelChecker/BasicBlockUnit.C src/Rose/BinaryAnalysis/Partitioner2 src/frontend/BinaryFormats/CilImpl.C src/frontend/Disassemblers tools/BinaryAnalysis/bat-linear.C,drop,Binary analysis isUnknown move dropped
f715ca1559cc95010689a818a84580bdf184c16f,2024-01-04,(Architecture) Reimplemented Dispatcher special registers,src/Rose/BinaryAnalysis/InstructionSemantics/BaseSemantics/Dispatcher.C src/Rose/BinaryAnalysis/InstructionSemantics/BaseSemantics/Dispatcher.h,drop,Binary analysis dispatcher special registers dropped
50ac3d0061ed3db35f23210946c9f4c5fe7dc94b,2024-01-04,(Architecture) Added new user-defined instruction AST node type,src/AstNodes/BinaryAnalysis/SgAsmUserInstruction.h src/Rose/BinaryAnalysis/InstructionSemantics/DispatcherM68k.h src/frontend/Disassemblers,drop,Binary analysis user instruction node dropped
7c12ebe74c69fb5c0ad33b14ceaa69cc3b1d31e9,2024-01-04,(Rosebud) Regenerated AST nodes,src/ROSETTA/astNodeList src/ROSETTA/src/binaryInstruction.C src/generated/BinaryAnalysis,drop,Binary analysis Rosebud regeneration dropped
74739ac2b804032ce0586de269522be172f30805,2024-01-04,(Architecture) ROSE tools can load user-defined architecture defns,src/Rose/BinaryAnalysis/Architecture/BasicTypes.C src/Rose/BinaryAnalysis/Architecture/BasicTypes.h src/Rose/BinaryAnalysis/Partitioner2/EngineBinary.C src/Rose/CommandLine/Parser.C src/Rose/CommandLine/Parser.h tools/BinaryAnalysis/bat-ana.C,drop,Binary analysis architecture loading dropped
4879e1a3908c685a96b31634443eef62e42407ca,2024-01-04,(RegisterNames) Assignment operator matches constructor,src/Rose/BinaryAnalysis/RegisterNames.C src/Rose/BinaryAnalysis/RegisterNames.h,drop,Binary analysis register names change dropped
1a2a0b526defad14521e52b7ad53ed4a1dbed184,2024-01-04,(Architecture) Some insn unparser changes for user-defined insns,src/Rose/BinaryAnalysis/Unparser src/backend/asmUnparser/AsmUnparser_compat.C src/frontend/Disassemblers/SgAsmInstruction.C,drop,Binary analysis unparser change dropped
d26cca3d13f6a689c01c298233ab7f27af5e999a,2024-01-04,(Support) Updated to latest Sawyer release,src/util/Sawyer/Cached.h src/util/Sawyer/Result.h,drop,Sawyer update dropped
42ec17fd679c248d9308a71ebc7a356b6b27b4e2,2024-01-04,(Architecture) More efficient architecture-specific insn unparsing,src/Rose/BinaryAnalysis/Architecture/Base.C src/Rose/BinaryAnalysis/Architecture/Base.h src/frontend/Disassemblers/SgAsmInstruction.C,drop,Binary analysis unparser efficiency dropped
ac7e1bd4e30fd3dffecd8d8cbcf1375ae6275d87,2024-01-04,(Architecture) Architectures are serialized by name,src/Rose/BinaryAnalysis/Architecture/BasicTypes.C src/Rose/BinaryAnalysis/Architecture/BasicTypes.h src/Rose/BinaryAnalysis/Partitioner2/BasicBlock.h src/Rose/BinaryAnalysis/StackDelta.h,drop,Binary analysis architecture serialization dropped
9f02a95c13a50998d4c4c9a4b23000e8154e717c,2024-01-04,(Architecture) Better error message for messed up RBA files,src/Rose/BinaryAnalysis/SerialIo.C src/Rose/BinaryAnalysis/SerialIo.h tools/BinaryAnalysis,drop,Binary analysis serial IO diagnostics dropped
1ca3d87d285b30ee9ecbcc235e39a2fe6657c806,2024-01-04,(Tup) DWARF does not contain directory prefixes,Tuprules.tup scripts/tup/generate-compile-link-rules,drop,Tup build rule update dropped
7f928aa9d73deaa4e0bd5c8f5fc18a3ad4dbf5f2,2024-01-04,(Architecture) Use RAII for C cleanup,src/backend/asmUnparser/AsmUnparser.C src/frontend/BinaryFormats/GenericFile.C,drop,Binary analysis RAII cleanup dropped
e81b79ed82b29001cf5b878c6240b2202e32d5c5,2024-01-04,(Architecture) Example simple architecture,tools/BinaryAnalysis,drop,Binary analysis simple architecture example dropped
e296c1d49aad69031d68f69bb966371048e54de4,2024-01-04,(Documentation) Sg node properties should be public,src/AstNodes/BinaryAnalysis,drop,Binary analysis node property access dropped
d7c5aa766286659dbbb7adcfffd0aaf2326cb504,2024-01-04,(Documentation) Fix doxygen problems,src/Rose/BinaryAnalysis src/Rose/BitOps.h src/Rose/CodeGen/Factory.h src/Rose/Color.h src/Rose/CommandLine/SuffixMultiplierParser.h src/Rose/Diagnostics.h src/Rose/FileSystem.h src/Rose/Location.h src/Rose/Traits/describe/fields.h src/Rose/Traits/describe/nodes.h src/frontend/BinaryFormats/ElfSection.C src/frontend/BinaryFormats/GenericFile.C,drop,Binary analysis doxygen fixes dropped
424de383c3deeed0883e5be43258fc73119f342b,2024-01-04,(Documentation) New Doxygen config for user oriented documentation,docs/Rose/BinaryAnalysisLayout.xml docs/Rose/robb.cfg scripts/generate-api-documentation,drop,Binary analysis-focused doxygen docs dropped
298c03b708cbb48c117ff58171870d806e0126db,2024-01-04,(Support) Upgrade to latest Sawyer version,src/util/Sawyer,drop,Sawyer upgrade dropped
3cdd5c85b73c00e93cd1042440ed49e8617723da,2024-01-04,(Documentation) Removed low-level arch-specific constants,src/Rose/BinaryAnalysis/InstructionEnumsAarch32.h src/Rose/BinaryAnalysis/InstructionEnumsAarch64.h src/Rose/BinaryAnalysis/InstructionEnumsCil.h src/Rose/BinaryAnalysis/InstructionEnumsJvm.h src/Rose/BinaryAnalysis/InstructionEnumsM68k.h src/Rose/BinaryAnalysis/InstructionEnumsMips.h src/Rose/BinaryAnalysis/InstructionEnumsPowerpc.h src/Rose/BinaryAnalysis/InstructionEnumsX86.h,drop,Binary analysis instruction enums docs change dropped
bccdf3c08bfa7f88508adf3641a4cb642b258f62,2024-01-04,(Documentation) Bug fixes; generation; new docs,docs/Rose docs/RoseUser.cfg scripts/generate-api-documentation src/AstNodes/BinaryAnalysis src/Rose/BinaryAnalysis src/Rose/Diagnostics.h src/Rose/Initialize.h tutorial/binaryAnalysis,drop,Binary analysis docs/tutorial changes dropped
ca54792b7b34854b457c42c446da9e7735b98dce,2024-01-04,(Documentation) Regenerated Rosebud outputs,src/ROSETTA/src/binaryInstruction.C,drop,Binary analysis Rosebud output dropped
700ee31382ebfef8883f435d384a112398c07b87,2024-01-04,(Architecture) Byte-code architectures take precedence over machine code,src/Rose/BinaryAnalysis/Architecture/BasicTypes.C,drop,Binary analysis architecture change dropped
a857bd92dee47a5c3eb69eb969e2b38489a5640a,2024-01-04,(Release) Incremented version to 0.11.145.16,ROSE_VERSION config/SCM_DATE configure.ac src/frontend/CxxFrontend/EDG_VERSION,drop,Version bump touching EDG/configure dropped
0b34bdb9135b736c08342700452f0498f74236a6,2024-01-06,(Fortran Flang) Implemented DeferredShapeSpecList,src/backend/unparser/FortranCodeGeneration/unparseFortran.h src/backend/unparser/languageIndependenceSupport/unparseLanguageIndependentConstructs.C src/backend/unparser/languageIndependenceSupport/unparseLanguageIndependentConstructs.h src/frontend/Experimental_Flang_ROSE_Connection src/frontend/Experimental_General_Language_Support/SageTreeBuilder.C src/frontend/Experimental_General_Language_Support/SageTreeBuilder.h src/frontend/SageIII/sageInterface/sageBuilder.C src/frontend/SageIII/sageInterface/sageBuilder.h,pick,Flang DeferredShapeSpecList support; Reverted changes in src/backend/unparser/languageIndependenceSupport/unparseLanguageIndependentConstructs.C; src/frontend/Experimental_General_Language_Support/SageTreeBuilder.C; src/frontend/Experimental_General_Language_Support/SageTreeBuilder.h; src/frontend/SageIII/sageInterface/sageBuilder.C to remove drop-list reintroductions.
3b7c9c7b084318e69d456a41e0712ff39d6abb6f,2024-01-06,(Fortran Flang) Implemented CUDASubprogramAttrs,src/3rdPartyLibraries/flang-parser/flang-external-builder-main.cc src/frontend/Experimental_Flang_ROSE_Connection src/frontend/Experimental_General_Language_Support/SageTreeBuilder.C src/frontend/Experimental_General_Language_Support/SageTreeBuilder.h src/frontend/Experimental_General_Language_Support/general_language_translation.h,pick,Flang CUDASubprogramAttrs support; Reverted changes in src/frontend/Experimental_General_Language_Support/SageTreeBuilder.C; src/frontend/Experimental_General_Language_Support/SageTreeBuilder.h; src/frontend/Experimental_General_Language_Support/general_language_translation.h to remove drop-list reintroductions.
9e47a28d6997dbd55ceb1e5325ec5ee13b016ad2,2024-01-06,(Architecture) Fix of compiler error on Apple,src/Rose/BinaryAnalysis/Architecture/BasicTypes.C,drop,Binary analysis architecture include fix dropped
9c637ddcad36d2c39332946e9856d8cc98f3a262,2024-01-09,(Release) Incremented version to 0.11.145.17,ROSE_VERSION config/SCM_DATE configure.ac src/frontend/CxxFrontend/EDG_VERSION,drop,Version bump touching EDG/configure dropped
f06114fb8b02f72cdf66c7a9689c97d8da2a3741,2024-01-09,(ByteCode) Fixed problem in CFG creation for dotnet,src/ROSETTA/Grammar/Support.code src/Rose/BinaryAnalysis/Partitioner2/EngineBinary.C,pick-partial,Support.code cleanup; binary analysis change dropped; Reverted changes in src/ROSETTA/Grammar/Support.code to remove drop-list reintroductions.
5d20056151d2b3b4f61b48ea629f260aacc15a7f,2024-01-10,(Release) Incremented version to 0.11.145.18,ROSE_VERSION config/SCM_DATE configure.ac src/frontend/CxxFrontend/EDG_VERSION,drop,Version bump touching EDG/configure dropped
b58029e76d543ef015d8d7233b5fe8a2fd8a4827,2024-01-10,(Unparser) Added UnparserDelegate class files,src/backend/unparser/FortranCodeGeneration src/backend/unparser/UnparserDelegate.h src/backend/unparser/formatSupport/unparse_format.C src/backend/unparser/formatSupport/unparse_format.h src/backend/unparser/languageIndependenceSupport/unparseLanguageIndependentConstructs.C src/backend/unparser/unparser.C src/backend/unparser/unparser.h,pick-partial,Unparser delegate split; dropped Java/PHP/Python/Ada/Jovial/BinaryAnalysis handling; skipped Makefile/Tup inventory; Reverted changes in src/backend/unparser/languageIndependenceSupport/unparseLanguageIndependentConstructs.C; src/backend/unparser/unparser.C to remove drop-list reintroductions.
31185b506815a1688d0aaae0347997041e393175,2024-01-12,(Ada) unparsing to custom output directories,src/backend/unparser/unparser.C src/frontend/Experimental_Ada_ROSE_Connection src/frontend/SageIII/sage_support/cmdline.C src/frontend/SageIII/sage_support/cmdline.h,drop,Ada output path support dropped
24c136447231e20742cd4be835f810a08e3c1850,2024-01-12,(Ada) fix name qualification for array aggregates,src/frontend/Experimental_Ada_ROSE_Connection/AdaExpression.C src/frontend/SageIII/sageInterface/sageGeneric.h src/frontend/SageIII/sageInterface/sageInterfaceAda.h,drop,Ada name qualification fix dropped
7a38198d81c63d0822650c320dbb30e8643b2315,2024-01-12,(gdb backtrack to AST) initial version of the tool,utilities/gdb-stack-to-ast,drop,Utilities tool not in keep list
c2d087d2d87e145616b4bb26f30a8585c0a94353,2024-01-12,(AST Text Generator) output full file path,src/frontend/SageIII/sageInterface/sageInterface.C,pick,AST text generator outputs full path
6019aca901342e513b239183b6a85846aa5d5b82,2024-01-12,(total order of headers) an independent tool,utilities/totalOrderOfHeaders,drop,Utilities tool not in keep list
ac5836d4985a875a198cf902e7322e727fa9a10e,2024-01-12,(total order generator) add verbose; better json parsing,utilities/totalOrderOfHeaders,drop,Utilities tool not in keep list
73bd554b42615e0043df6b098a20141dcdbfa0f8,2024-01-12,(total order generation) new option to turn off cycle removal,utilities/totalOrderOfHeaders,drop,Utilities tool not in keep list
0b037ebbadc8f0e9329e806430665d40147a2fb3,2024-01-12,(total order generation) updated readme for latest options; abortOnCycle,utilities/totalOrderOfHeaders,drop,Utilities tool not in keep list
ec19e8bb6829ce6d2acd8f716283ae5b017be2f8,2024-01-12,(Engineering) Cleanup of compiler warning messages and such,src/AstNodes/BinaryAnalysis/SgAsmFunction.h src/Rose/BinaryAnalysis/FunctionCall.h src/Rose/FileSystem.h src/backend/asmUnparser/AsmUnparser.C src/roseSupport/utility_functions.C src/util/support/FileHelper.h,pick-partial,Applied general warning cleanups; skipped binary analysis/asm unparser
01ba23f2c124ed4656623ae5b9f8626bff9a2575,2024-01-12,(Release) Incremented version to 0.11.145.19,ROSE_VERSION config/SCM_DATE configure.ac src/frontend/CxxFrontend/EDG_VERSION,drop,Version bump touching EDG/configure dropped
a6dec088e2af73084cd7a3712687dd043b2b6aba,2024-01-12,(Binary Analysis) Fixed bug in RegisterStateGeneric hash,src/Rose/BinaryAnalysis/InstructionSemantics/SymbolicSemantics.C,drop,Binary analysis hash fix dropped
fdd3eaa929e049bfcc6043706da9cf9a03308e0f,2024-01-14,(Engineering) Cleanup of compiler warning messages and such,src/midend/programAnalysis/staticSingleAssignment/staticSingleAssignmentInterprocedural.C,drop,staticSingleAssignment module not present in REX
4334bc642ca6518d9e149d13508767d64705af9a,2024-01-14,(Release) Incremented version to 0.11.145.20,ROSE_VERSION config/SCM_DATE configure.ac src/frontend/CxxFrontend/EDG_VERSION,drop,Version bump touching EDG/configure dropped
a421a8714126597b95495638db428e95c852f527,2024-01-17,(AST text generator) handle pointer list types of some AST nodes including SgImportStatement,src/frontend/SageIII/sageInterface/sageInterface.C src/frontend/SageIII/sageInterface/sageInterface.h,pick,AST text generator pointer-list handling
fc2772ab35067f0dfa3e0e8425408553db5cf212,2024-01-17,(textASTGenerator) handling of ada renaming packages; multiple comments,build src/frontend/SageIII/sageInterface/sageInterface.C,pick-partial,Comment formatting only; Ada-specific output dropped
51f6fe7df8a650948165f4fdaa25f13d01678acb,2024-01-17,(Release) Incremented version to 0.11.145.21,ROSE_VERSION config/SCM_DATE configure.ac src/frontend/CxxFrontend/EDG_VERSION,drop,Version bump touching EDG/configure dropped
76bf2226cb1b61c9d0a5dd9188c7b87821b0edfc,2024-01-18,(Tup) UnparserDelegate.h was not installed for Tup builds,src/backend/unparser/Tupfile,drop,Tup build update dropped
bfedb825ee88734811d52e226a7af3a88a4046a0,2024-01-22,(Documentation) Split Doxygen config into parts,docs/DoxygenSettings docs/RoseUser.cfg,pick-partial,Split Doxygen settings into parts; removed Sawyer/BinaryAnalysis/EDG paths from Doxygen config per drop list
66ddc39d4f00b50228fd4bb1f2b14a8142402c0a,2024-01-22,(Documentation) Bug fixes in documentation,docs/DoxygenSettings/Scope.cfg docs/Rose/BinaryAnalysisMainPage.dox docs/developer.cfg docs/user.cfg scripts/generate-api-documentation src/Rose/Affirm.h src/Rose/BinaryAnalysis.h src/Rose/Constants.h,pick-partial,Docs/script updates; skipped binary analysis files and missing Affirm.h; removed BinaryAnalysis layout/manual references per drop list
ba54cb8762afd6be03000368f47cd4a50f085c73,2024-01-22,(Documentation) Generated API documentation is versioned,docs/DoxygenSettings/OutputFiles.cfg docs/DoxygenSettings/Project.cfg docs/developer.cfg scripts/generate-api-documentation,pick,Versioned API documentation output
7352327d2a6cfc46d0b92694607984496053f659,2024-01-22,(Documentation) Improved documentation for Rose::CommandLine,src/Rose/CommandLine.h,drop,Rose::CommandLine header not present (Sawyer dropped)
ec993b5366b170823b037f11bd3623a029066e75,2024-01-22,(Documentation) Added CFG return edge rewrite example,tutorial/binaryAnalysis,drop,Binary analysis tutorial dropped
025aeae9652adc2698eefb0332dab703ef7d96c1,2024-01-22,(Documentation) Added Rose::BinaryAnalysis::Disassembler::Mips,src/Rose/BinaryAnalysis/Disassembler/Mips.C src/Rose/BinaryAnalysis/Disassembler/Mips.h,drop,Binary analysis disassembler docs dropped
f37280a3ad60bab19e2b3cec061a20240550354d,2024-01-22,(ESTCP) Removed old ESTCP directories from the ROSE library,install-staging/include/Estcp/Tupfile install-staging/include/Estcp/Widgets/Tupfile,drop,install-staging cleanup dropped
e257d483e91c7c3336f292fc6580fb9d0378bed0,2024-01-22,(Engineering) Use C++11 enum class instead of enum,src/Rose/Color.h src/Rose/Color/Color.C src/roseSupport/stringify.C,drop,Rose::Color subsystem not present in REX
8c4b46a5482cc57672692b146d89e6196100a40d,2024-01-22,(Headers) Fix non-deterministic header files,src/Rose/BinaryAnalysis/RegisterDescriptor.h src/Rose/SourceLocation.h,drop,Binary analysis + Sawyer dependency dropped
38c9fca7978ab6c1db7b751506bf5204cd9e3a6d,2024-01-22,(Architecture) Fixed assertion for SimpleAssembler example,tools/BinaryAnalysis/SimpleArch.C,drop,Binary analysis tool fix dropped
4e512ee157c7139f8f987de267eb821409e4b736,2024-01-22,(Support) Moved src/util/Sawyer to src/Sawyer,Makefile.am config/support-blacklist.m4 config/support-rose.m4 docs/DoxygenSettings/Examples.cfg docs/DoxygenSettings/InputFiles.cfg docs/Rose/rose-install-demo.cfg.in docs/Rose/rose.cfg.in scripts/restringify src/CMakeLists.txt src/Makefile.am src/ROSETTA/src/Makefile.am src/ROSETTA/src/Tupfile src/Rosebud/Makefile.am src/Rosebud/Tupfile src/Sawyer src/frontend/BinaryFormats/JvmComposite.C src/roseSupport/stringify.C src/roseSupport/stringify.h src/util/CMakeLists.txt src/util/Makefile.am src/util/support/BitVectorRepr.h src/util/support/CountRefHandle.h src/util/support/DirectedGraph.h,drop,Sawyer relocation dropped
beeec7ee5f3eabfae43ed2a685713c7503fc72cc,2024-01-22,(Support) Upgrade to latest Sawyer release,src/Sawyer/Tree.h,drop,Sawyer update dropped
3824c82fd8a7c27b2a0cc37c1fdf91aa19c65ab4,2024-01-22,(Support) Fixed Sawyer::Tree compile error on MSVC,src/Sawyer/Tree.h,drop,Sawyer update dropped
96e801f14e932ff68ae6a45ee03d808a1751a6b1,2024-01-22,(Support) Sawyer moved from Github to GitLab,src/Sawyer,drop,Sawyer repo change dropped
077db342aa9fec8699a0116f1c840c898dc95ef3,2024-01-22,(Support) Possible MSVC bug workaround,src/Sawyer/Tree.h,drop,Sawyer update dropped
caf2b9a5bdbd5f86fa6adb761e8290d9a0be5b68,2024-01-22,(Documentation) Unit tests and examples for Rose::BitOps,docs/DoxygenSettings/Examples.cfg src/Rose/BitOps.h src/Rose/Initialize.h,drop,BitOps update depends on Sawyer/Initialize.h not present
c3d24efbafb710dae5794be5418109712076def6,2024-01-22,(Documentation) Moved some ::Rose stuff to the main page,docs/Rose/BinaryAnalysisMainPage.dox src/Rose/BinaryAnalysis.h src/Rose/Initialize.h tutorial/binaryAnalysis/disassembler.C,drop,Binary analysis docs and missing Initialize.h dropped
20284ddea09a0373660009b24d4cc86fe04e7fc4,2024-01-22,(Fortran Flang) Implemented more of TypeAttrSpec,src/backend/unparser/FortranCodeGeneration/unparseFortran_statements.C src/backend/unparser/unparser.C src/frontend/Experimental_Flang_ROSE_Connection/sage-build.cc src/frontend/Experimental_General_Language_Support/SageTreeBuilder.C src/frontend/Experimental_General_Language_Support/SageTreeBuilder.h src/frontend/Experimental_General_Language_Support/general_language_translation.h,pick,Flang TypeAttrSpec support; Reverted changes in src/backend/unparser/unparser.C; src/frontend/Experimental_General_Language_Support/SageTreeBuilder.C; src/frontend/Experimental_General_Language_Support/SageTreeBuilder.h; src/frontend/Experimental_General_Language_Support/general_language_translation.h to remove drop-list reintroductions.
8cb30e00760e08bfdb3ef1194e4f045833c8645d,2024-01-22,(Release) Incremented version to 0.11.145.22,ROSE_VERSION config/SCM_DATE configure.ac src/frontend/CxxFrontend/EDG_VERSION,drop,Version bump touching EDG/configure dropped
a613a03bc9fc07f4efde6ff70d29e4cd8455995f,2024-01-22,(Testing) Add test of EDG binary creation,.gitlab-ci.yml,drop,EDG CI test dropped
ba1a894b05097d181a9188524ad4e7d94feedf06,2024-01-22,(Support) Add compilation of sawyer based upon new path.,src/frontend/CxxFrontend/Makefile.am,drop,Sawyer build change dropped
024680bc10bfea11da9dda2f371b417fe91c44a5,2024-01-24,(Engineering) Cleanup of compiler warning messages and such,src/midend/programAnalysis/ssaUnfilteredCfg/ssaUnfilteredCfgCalculation.C src/midend/programAnalysis/staticSingleAssignment/staticSingleAssignmentCalculation.C src/midend/programAnalysis/staticSingleAssignment/staticSingleAssignmentInterprocedural.C,drop,SSA analysis modules not present in REX
ce45735ace610f33db9faf8587e9a3dd379f6b15,2024-01-24,(Release) Incremented version to 0.11.145.23,ROSE_VERSION config/SCM_DATE configure.ac src/frontend/CxxFrontend/EDG_VERSION,drop,Version bump touching EDG/configure dropped
4aa2d112dbce391713d153b4ccf61ac0a15c2910,2024-01-24,(Sarif) New ROSE SARIF implementation,docs/Rose/rose.cfg.in install-staging/include/rose/Rose/Sarif/Tupfile scripts/policies/RoseNamespace.pl src/CMakeLists.txt src/Makefile.am src/Rose/CMakeLists.txt src/Rose/Makefile.am src/Rose/Sarif src/Rose/Sarif.h src/Rose/StringUtility/Escape.C,drop,Sarif subsystem dropped in REX
fe5b809f5a0ef06593ee605f9e5dd283d49d5936,2024-01-24,(Sarif) Added Sarif::Rule objects,src/Makefile.am src/Rose/Makefile.am src/Rose/Sarif src/Rose/Sarif.h,drop,Sarif subsystem dropped in REX
f7ff108df60f8435a714c19d93b63aa52999d9f2,2024-01-24,(Sarif) Improved some incremental constraints,src/Rose/Sarif,drop,Sarif subsystem dropped in REX
414dcfdcdd828bfe8b8e43ee3d4b319526c55f03,2024-01-24,(Sarif) Added Sarif::Artifact objects,src/Makefile.am src/Rose/Makefile.am src/Rose/Sarif src/Rose/Sarif.h,drop,Sarif subsystem dropped in REX
169e82dd250fb037ddec0b3aca6c56097e65b451,2024-01-24,(Sarif) Sarif::Location can represent regions,src/Rose/Sarif/Location.C src/Rose/Sarif/Location.h,drop,Sarif subsystem dropped in REX
c8b792bd630503ad7944064362a470c637410e0b,2024-01-24,(Sarif) A Result can point to a Rule,src/Rose/Sarif/Exception.C src/Rose/Sarif/Exception.h src/Rose/Sarif/Result.C src/Rose/Sarif/Result.h,drop,Sarif subsystem dropped in REX
640e12fa45671c7c9ab346b9eabc457854d641f3,2024-01-24,(Sarif) A Result can point to an analysisTarget Artifact,src/Rose/Sarif/Result.C src/Rose/Sarif/Result.h,drop,Sarif subsystem dropped in REX
6ebeb9b49623cfc9c95bf330fa3074b5beb20415,2024-01-24,(Sarif) Portability fixes,src/Rose/Sarif/Node.h src/Rose/Sarif/Rule.C,drop,Sarif subsystem dropped in REX
0bfe71b24405ef3bb9d22830c2807fec2f129897,2024-01-24,(Sarif) BinaryAnalysis::ModelChecker generates SARIF AST,src/Rose/BinaryAnalysis/MemoryMap src/Rose/BinaryAnalysis/ModelChecker,drop,Binary analysis SARIF integration dropped
9291a227c9a5bf52b578981ff87e5717ada98509,2024-01-24,(Sarif) Simplified incremental checks and improved documentation,src/Rose/Sarif,drop,Sarif subsystem dropped in REX
b41cc4d54dee4bb84a0adee401dcb0db3f85ed9f,2024-01-24,(Sarif) Renamed ModelChecker header and improved SARIF output,src/Makefile.am src/Rose/BinaryAnalysis/BasicTypes.h src/Rose/BinaryAnalysis/ModelChecker src/Rose/BinaryAnalysis/ModelChecker.h src/Rose/Diagnostics/Diagnostics.C src/Rose/Makefile.am,drop,Binary analysis ModelChecker changes dropped
502528e6108bc4c82ab4bec8dde2b6ce2471f7f0,2024-01-24,(Sarif) Fixing SARIF output to pass validation,src/Rose/Sarif,drop,Sarif subsystem dropped in REX
23c264131d16884128784117d467aba1f11a6a28,2024-01-24,(Sarif) Disabled for Windows,src/Rose/Sarif src/Sawyer/Tree.h src/featureTests.h,drop,Sarif subsystem dropped in REX
9f79537e6613373ac2040710af6ddfff201293f5,2024-01-24,(Sarif) Removed ::SARIFOutput class,src/3rdPartyLibraries/json,drop,3rdParty json SARIF files not present in REX
8a688a2a479cb4223e128261c56235580cee1213,2024-01-25,(Release) Incremented version to 0.11.145.24,ROSE_VERSION config/SCM_DATE configure.ac src/frontend/CxxFrontend/EDG_VERSION,drop,Version bump touching EDG/configure dropped
2899b14e814d0f275c03ad7c4228ec6b141c8c8a,2024-01-25,(SageInterface) fixed warning related static functions in a header,src/frontend/SageIII/sageInterface/sageInterface.C src/frontend/SageIII/sageInterface/sageInterface.h,pick,SageInterface serialize declarations non-static
9501d10c31168230629c84c4060a33e99c786c3c,2024-01-26,(Release) Incremented version to 0.11.145.25,ROSE_VERSION config/SCM_DATE configure.ac src/frontend/CxxFrontend/EDG_VERSION,drop,Version bump touching EDG/configure dropped
4f499467cb8325d221b945ec9f74c5d6c1b60926,2024-01-28,(Support) --version-long shows whether threads are enabled,src/roseSupport/utility_functions.C,drop,src/roseSupport not present in REX
26df82373cdcf67e75da56b429bd70b4bd663a7e,2024-01-28,(Sarif) Added code and thread flows,src/Makefile.am src/Rose/Makefile.am src/Rose/Sarif src/Rose/Sarif.h,drop,Sarif subsystem dropped in REX
377290c07e09172a88161e7fc702552fc05c258e,2024-01-28,(Model Checker) More statistics about workers,src/Rose/BinaryAnalysis/ModelChecker/Engine.C src/Rose/BinaryAnalysis/ModelChecker/Path.C src/Rose/BinaryAnalysis/ModelChecker/Path.h,drop,Binary analysis ModelChecker dropped
f2de5bf447c938a6c74f725310d8fa42e151cfaa,2024-01-28,(Release) Incremented version to 0.11.145.26,ROSE_VERSION config/SCM_DATE configure.ac src/frontend/CxxFrontend/EDG_VERSION,drop,Version bump touching EDG/configure dropped
b5c604d25bf3c29c1bb6807d57b1c8da018dee65,2024-01-31,(Ada) Link SgAda*RefExp to symbols not decls,src/ROSETTA/Grammar/Expression.code src/ROSETTA/src/expression.C src/backend/unparser/AdaCodeGeneration/unparseAda_expressions.C src/frontend/Experimental_Ada_ROSE_Connection/AdaMaker.C src/frontend/SageIII/sageInterface/sageInterfaceAda.C src/frontend/SageIII/sageInterface/sageInterfaceAda.h,drop,Ada support dropped in REX; removed HEADER_ADA_ANCESTOR_INITIALIZER_EXPRESSION block from ROSETTA grammar
f5f5d4f34d6af81c4357dc252e5ea1b816b72828,2024-01-31,(Ada) fix SgAdaRenamingRefExp::get_type,src/AstNodes/Expression/SgAdaProtectedRefExp.C src/AstNodes/Expression/SgAdaRenamingRefExp.C src/AstNodes/Expression/SgAdaTaskRefExp.C src/ROSETTA/Grammar/Symbol.code src/ROSETTA/src/expression.C src/ROSETTA/src/symbol.C src/backend/unparser/nameQualificationSupport.C src/midend/astDiagnostics/AstConsistencyTests.C,drop,Ada support dropped in REX
0f0f463fa8f7859d3c487aecc3a4545202a64a17,2024-01-31,(Ada) Symbol support for formal package decls,src/ROSETTA/Grammar/Support.code src/frontend/Experimental_Ada_ROSE_Connection/AdaMaker.C src/frontend/Experimental_Ada_ROSE_Connection/AdaStatement.C src/midend/astDiagnostics/AstConsistencyTests.C src/rose-compiler.C,drop,Ada support dropped in REX
9a202b10106e1e02cd92231ab5604d00edeb641a,2024-01-31,(Bug) CMake didn't install UnparserDelegate.h,src/backend/unparser/CMakeLists.txt,pick,Install UnparserDelegate.h in CMake
40b8389a3c4b587a504853fd4261e90a30c33303,2024-01-31,(Sarif) Install Rose/Sarif.h; fixed CodeFlow & ThreadFlow errors,src/Makefile.am src/Rose/CMakeLists.txt src/Rose/Sarif/CodeFlow.C src/Rose/Sarif/ThreadFlow.C src/Rose/Sarif/ThreadFlow.h src/Rose/Sarif/ThreadFlowLocation.C src/Rose/Tupfile,drop,Sarif subsystem dropped in REX
508a3d147f2a6e57ec33cc661b920f5b24f338a7,2024-01-31,(Jovial) STATUS constructor,src/backend/unparser/unparser.C src/frontend/Experimental_Jovial_ROSE_Connection/ATermToSageJovialTraversal.C,drop,Jovial support dropped in REX; removed HEADER_JOVIAL_PRESET_POSITION_EXP block from ROSETTA grammar
f264fb618701acc843fc96e75faf0886c7f37295,2024-01-31,(Release) Incremented version to 0.11.145.27,ROSE_VERSION config/SCM_DATE configure.ac src/frontend/CxxFrontend/EDG_VERSION,drop,Version bump touching EDG/configure dropped
2027eabc46ec2b09b9848c3e2e09273b978b9cca,2024-02-05,(Engineering) Fixed compiler warnings,src/AstNodes/Expression src/Rose/AST/Utils.C src/Rose/BinaryAnalysis src/Rose/Progress.h src/Rose/Sarif src/Rosebud src/frontend/BinaryFormats src/frontend/Disassemblers/SgAsmFunction.C src/frontend/SageIII/dwarfSupport.C src/midend/BinaryAnalysis/libraryIdentification/FunctionInfo.h src/util src/util/ROSE_UNUSED.h tools/BinaryAnalysis,pick-partial,Unused-parameter cleanups retained; Sarif portions dropped; skipped binary analysis/absent files
755a56e6b5651819968c7e82581625528590d02e,2024-02-05,(Engineering) Cleanup of compiler warning messages,src/ROSETTA/Grammar/Node.code src/ROSETTA/src/grammar.C,pick-partial,snprintf in ROSETTA grammar.C; Node.code change not present in REX
45b6f0c75cce2ca299b99c9e9556203071d25a95,2024-02-05,(ByteCode JVM) Implement MethodParameters attribute,src/AstNodes/BinaryAnalysis src/ROSETTA/Grammar/Node.code src/ROSETTA/astNodeList src/ROSETTA/src/binaryInstruction.C src/frontend/BinaryFormats/JvmAttribute.C src/generated/BinaryAnalysis,drop,Binary analysis JVM support dropped
81e15202fe1c59ab585d0e79ab64919d25e3ff73,2024-02-05,(ByteCode JVM) Implement EnclosingMethod attribute,src/AstNodes/BinaryAnalysis/SgAsmJvmEnclosingMethod.h src/ROSETTA/src/binaryInstruction.C src/frontend/BinaryFormats/JvmAttribute.C src/frontend/BinaryFormats/JvmMethod.C,drop,Binary analysis JVM support dropped
698146c1c5a2df8865137cad5ee2e83591276cba,2024-02-05,(Ada) fix warning messages,src/backend/unparser/AdaCodeGeneration src/backend/unparser/MatlabCodeGeneration/MatlabUnparserBottomUpTraversal.C src/backend/unparser/nameQualificationSupport.C src/frontend/SageIII/sageInterface/sageFunctors.h src/frontend/SageIII/sageInterface/sageInterface.C src/frontend/SageIII/sageInterface/sageInterfaceAda.C src/midend/programAnalysis/CallGraphAnalysis/CallGraph.C,drop,Ada support dropped in REX
510b32f8b3cafaf7928301f179cbaf2593bbee63,2024-02-05,(sageInterface) balancing the count if #if and #endif when moving them,src/frontend/SageIII/sageInterface/sageInterface.C,pick,Balance #if/#endif counts in preprocessing moves
a9e751f15964b39c4d85c7b86ea0de0f7de43f0b,2024-02-05,(SageInterface::moveCommentsToNewStatement) fix bug when src is in front of dest stmt; revert pcounter-based manual patch of #endif,src/frontend/SageIII/sageInterface/sageInterface.C src/frontend/SageIII/sageInterface/sageInterface.h,pick,Fix comment move ordering; add printAST(file) helper
fac7d0afa7f99d3ba8789952f087e93976f17f89,2024-02-05,(policy for tabs) removed accidentally introduced tabs,src/frontend/SageIII/sageInterface/sageInterface.C,pick,Remove tabs in sageInterface.C block
df2e28fd25d396bcfceefcefe1fa4a4deb8539aa,2024-02-05,(autoconf) Corrected rpath to openjdk server lib,config/support-java.m4,drop,Autotools config inventory only
c489b4bfb2345d8f9b4d76ba2fde46ae4dafeadf,2024-02-05,(AstUtil) Add support for AST diff from different versions of the same file.,src/3rdPartyLibraries/POET src/3rdPartyLibraries/POET/AutoTuningInterface.cpp src/3rdPartyLibraries/POET/Makefile.am src/3rdPartyLibraries/POET/eval_ext.cpp src/midend/astUtil/AstUtilInterface.C src/midend/astUtil/AstUtilInterface.h src/midend/astUtil/astInterface/AstInterface.C src/midend/astUtil/astInterface/AstInterface.h src/midend/programTransformation/loopProcessing/driver/AutoTuningInterface.C src/midend/programTransformation/loopProcessing/driver/AutoTuningInterface.h,pick-partial,AstUtil AstIdentical + GetVariableSignature; skipped missing POET/loopProcessing files; Reverted changes in src/midend/astUtil/astInterface/AstInterface.C; src/midend/astUtil/astInterface/AstInterface.h to remove drop-list reintroductions.
76187cac22e3e71f286845f6e4a1591b2613f5d3,2024-02-05,(Release) Incremented version to 0.11.145.28,ROSE_VERSION config/SCM_DATE configure.ac src/frontend/CxxFrontend/EDG_VERSION,drop,Version bump touching EDG/configure dropped
f89127da592f82025706bbb4bf62e8e5d85c5d94,2024-02-10,(Engineering) Moved AddressInterval and AddressIntervalSet,src/AstNodes/BinaryAnalysis src/Makefile.am src/ROSETTA/Grammar/Node.code src/ROSETTA/src/binaryInstruction.C src/ROSETTA/src/buildStorageClasses.C src/ROSETTA/src/jovialNodes.C src/Rose/BinaryAnalysis src/Rose/BinaryAnalysis.h src/Rose/Makefile.am src/Rose/Sarif/Location.C src/Rose/Sarif/Location.h src/frontend/BinaryFormats src/frontend/Disassemblers/SgAsmFunction.C src/frontend/SageIII/astFileIO/StorageClassMemoryManagement.C src/frontend/SageIII/astFileIO/StorageClassMemoryManagement.h src/frontend/SageIII/rtiHelpers.h src/generated/BinaryAnalysis tools/BinaryAnalysis,drop,Binary analysis namespace move dropped
cf457514f41df8aadeecf4367e578491f0ee2566,2024-02-10,(Engineering) Created Rose::BinaryAnalysis::RelativeVirtualAddress,src/Makefile.am src/ROSETTA/Grammar/Node.code src/Rose/BinaryAnalysis src/Rose/BinaryAnalysis.h src/Rose/Makefile.am src/Rose/Sarif/Location.C src/Rose/Sarif/Location.h src/frontend/BinaryFormats src/frontend/SageIII/astFileIO/StorageClassMemoryManagement.C src/frontend/SageIII/astFileIO/StorageClassMemoryManagement.h,drop,Binary analysis RVA refactor dropped
4b479e20075de9682412621e8c1ea14d5e8267f0,2024-02-10,(Engineering) Use Rose::BinaryAnalysis::RelativeVirtualAddress,src/AstNodes/BinaryAnalysis src/Rose/BinaryAnalysis/ByteOrder.C src/Rose/BinaryAnalysis/Concolic/M68kSystem/Architecture.C src/Rose/BinaryAnalysis/Partitioner2 src/frontend/BinaryFormats,drop,Binary analysis RVA refactor dropped
49fd3514926258f56f54c16f944a12a29cd6f359,2024-02-10,(Engineering) Regenerated AST node source code,src/ROSETTA/src/binaryInstruction.C src/ROSETTA/src/buildStorageClasses.C src/generated/BinaryAnalysis,drop,Binary analysis regen dropped
d40df7f2da54d2a0c88082a10c2e9b88d1cb2df5,2024-02-10,(Engineering) Avoid using RelativeVirtualAddress deprecated functions,src/Rose/BinaryAnalysis/BinaryLoaderElf.C src/Rose/BinaryAnalysis/BinaryLoaderPe.C src/Rose/BinaryAnalysis/ByteOrder src/Rose/BinaryAnalysis/Concolic/M68kSystem/Architecture.C src/Rose/BinaryAnalysis/Partitioner2 src/Rose/BinaryAnalysis/RelativeVirtualAddress.C src/frontend/BinaryFormats src/frontend/Disassemblers/SgAsmIntegerValueExpression.C,drop,Binary analysis RVA refactor dropped
7477b04306bbeb14af550f2fa8b608c89c4f4363,2024-02-10,(Engineering) Added warnings to some things that will break the API,src/Rose/AST/Defect.h src/Rose/AST/Utils.h,drop,src/Rose/AST not present in REX
b13b94175954f8def9b8350bc4171c7e24febaca,2024-02-10,(Engineering) Fixed a documentation typo in the ::Rose policy checker,scripts/policies/RoseNamespace.pl,drop,Reverted changes in scripts/policies/RoseNamespace.pl to remove drop-list reintroductions; no changes kept.
42fc5181d49462e528957436c62938b53437075c,2024-02-10,(Engineering) Fixed some header warnings from initial commit,src/3rdPartyLibraries/MSTL src/frontend/SageIII/advanced_preprocessing_hooks.h src/frontend/SageIII/attributeListMap.h src/midend/astDiagnostics/AstWarnings.C src/midend/astProcessing src/midend/astUtil/annotation src/midend/astUtil/astSupport src/midend/astUtil/symbolicVal src/util/graphs src/util/support/BitVectorRepr.h src/util/support/union_find.h,pick-partial,Header warning cleanups; skipped missing MSTL and SageIII header files
c4b9211d2dfac7d279bac9609371dc4102595f62,2024-02-10,(total order generation) added an option to specify output header file name,utilities/totalOrderOfHeaders,drop,Utilities dropped in REX
ba8bf31e3e0c5ffa433f0fa5d50fd6c3d6a69c6a,2024-02-10,(total order generation) a new option to include vxworks header,utilities/totalOrderOfHeaders,drop,Utilities dropped in REX
5e01902bbbe9418039e67636a3730590f61a002e,2024-02-10,(total order generation) fix help output to include new lines,utilities/totalOrderOfHeaders/totalOrderGeneration.cpp,drop,Utilities dropped in REX
95db8a3d5a4ba9823ca816a32538e2667eed83fb,2024-02-10,(Engineering) Removed more header warnings from initial commit,src/3rdPartyLibraries/MSTL src/frontend/SageIII/advanced_preprocessing_hooks.h src/frontend/SageIII/astVisualization/astGraph.C src/midend/astProcessing/AstRestructure.h src/midend/astRewriteMechanism/nodeCollectionTemplatesImpl.h src/midend/astUtil/annotation/TypeAnnotation.C src/midend/astUtil/annotation/TypeAnnotation.h src/midend/astUtil/astSupport/AnalysisInterface.h src/midend/programAnalysis/OAWrap/SAGE2OA.h src/midend/programAnalysis/OpenAnalysis/Interface/IRInterface.h src/midend/programAnalysis/OpenAnalysis/Utils/BaseGraph.h src/midend/programAnalysis/staticInterproceduralSlicing src/roseExtensions/roseHPCToolkit/src/xml2profir/factory.cc,pick-partial,Header warning cleanups in midend/OpenAnalysis; skipped missing MSTL/frontend/roseExtensions files
f3e4890d1fa0d324c54691e955647312be3ebb7d,2024-02-10,(Engineering) Removed header file warnings from Jeremiah W.,src/midend/astRewriteMechanism/ASTFragmentCollectorTraversalImpl.h src/midend/astRewriteMechanism/prefixGenerationImpl.h src/midend/programAnalysis/pointerAnal/PtrAnal.C src/midend/programAnalysis/pointerAnal/PtrAnal.h src/util/graphs/MultiGraphObserve.h,pick-partial,Pointer analysis + graph header warnings; skipped missing astRewriteMechanism files
01e5cd9a24645395e6552d4c96a53705af6b4419,2024-02-10,(Engineering) Fixed initial commit unused arg warnings,src/backend/unparser src/frontend/OpenFortranParser_SAGE_Connection src/frontend/SageIII/astFixup src/frontend/SageIII/astPostProcessing src/frontend/SageIII/astVisualization/wholeAST.C src/frontend/SageIII/attributeListMap.C src/frontend/SageIII/fixupCopy_references.C src/frontend/SageIII/fixupCopy_scopes.C src/frontend/SageIII/fixupCopy_symbols.C src/midend/astProcessing src/midend/astQuery src/midend/astRewriteMechanism src/midend/astUtil/astInterface/AstInterface.C src/midend/astUtil/astSupport src/midend/astUtil/symbolicVal/SymbolicOperator.C src/midend/programAnalysis/OAWrap/SAGE2OA.C src/midend/programAnalysis/OpenAnalysis/CFG/CFG.C src/midend/programAnalysis/staticInterproceduralSlicing src/midend/programAnalysis/valuePropagation/ValuePropagate.C src/midend/programTransformation/finiteDifferencing/patternRewrite.C src/midend/programTransformation/implicitCodeGeneration/defaultFunctionGenerator.C src/midend/programTransformation/partialRedundancyElimination src/roseExtensions/roseHPCToolkit/src/xml,pick-partial,Unused-arg cleanups across unparser/frontend/midend; skipped missing astVisualization/astRewriteMechanism/roseExtensions files; Reverted changes in src/backend/unparser/CxxCodeGeneration/unparseCxx_expressions.C; src/backend/unparser/unparser.C; src/midend/astUtil/astInterface/AstInterface.C to remove drop-list reintroductions.
0604d0d280cdda67287aac2f652520ced8d922d2,2024-02-10,(Engineering) Fixed nearly all unused-parameter for library initial commit,src/frontend/OpenFortranParser_SAGE_Connection/FortranParserActionROSE.C src/frontend/SageIII/astFileIO/StorageClassMemoryManagement.C,pick-partial,Unused-param cleanup in FortranParserActionROSE; StorageClassMemoryManagement.C missing
be4da0cee0a4dfebe207715944561a144baf61e1,2024-02-10,(Release) Incremented version to 0.11.145.29,ROSE_VERSION config/SCM_DATE configure.ac src/frontend/CxxFrontend/EDG_VERSION,drop,Version bump touching EDG/configure dropped
5b028cbd567459680d84c7efbba707a4bd6b41c0,2024-02-12,(Binary Analysis) MemoryMap::write fails gracefully for read-only buffers,src/Sawyer/AddressMap.h,drop,Sawyer/BinaryAnalysis dropped
4997d1e64183ebd46cb0614abb909146b678e8e7,2024-02-13,(Fortran Flang) Refactor to use flang visitor,src/3rdPartyLibraries/flang-parser/flang-external-builder-main.cc src/frontend/Experimental_Flang_ROSE_Connection src/frontend/SageIII/sage_support/sage_support.C,pick-partial,Flang visitor refactor; skipped Makefile.am inventory; Reverted changes in src/frontend/SageIII/sage_support/sage_support.C to remove drop-list reintroductions.
a642098607ee253ea296ddb4d7e5008ffbfb14a0,2024-02-13,(Release) Incremented version to 0.11.145.30,ROSE_VERSION config/SCM_DATE configure.ac src/frontend/CxxFrontend/EDG_VERSION,drop,Version bump touching EDG/configure dropped
c37d52fc2dfd52bd0f439370c157915eba976cdb,2024-02-13,(Support) Added StringUtility::jsonEscape,src/Rose/StringUtility/Escape.C src/Rose/StringUtility/Escape.h,pick-partial,Add StringUtility::jsonEscape; removed yamlEscape (YAML dropped in REX)
0a9e09e29ce3bf379c2ee8e1b77b917b685e2003,2024-02-13,(Rosebud) Added a new backend not using ROSETTA,Tuprules.tup docs/DoxygenSettings/InputFiles.cfg src/AstNodes/README.md src/Rosebud,drop,Rosebud Sawyer backend dropped (Sawyer not in REX)
6d144ff1a8ada4e12e565144520b1d2bd936dcc6,2024-02-13,(Sarif) AST nodes are generated by Rosebud; JSON output,CMakeLists.txt config/Makefile.for.ROSE.includes.and.libs config/support-rose.m4 src/AstNodes/Rose/Sarif src/CMakeLists.txt src/Makefile.am src/Rose/BinaryAnalysis/ModelChecker/BasicTypes.C src/Rose/Sarif src/Rose/Sarif.h src/Rosebud/generate src/generated,drop,Sarif Rosebud AST-node migration depends on dropped Sawyer backend
1540b26764f27f79de34b3013fef67473ac8582a,2024-02-13,(Sarif) Generated the Rose::Sarif AST node types with Rosebud,src/generated/Rose/Sarif,drop,Sarif generated nodes depend on dropped Rosebud migration
5f2209e6f762457eaa6d10a0114d6d468548e8fb,2024-02-13,(Binary Analysis) Regenerated AST node types after Rosebud work,src/ROSETTA/src/binaryInstruction.C,drop,Binary analysis regen dropped
e8837fe8ebecd43a59c232850a1f04ef32d2e5f1,2024-02-14,(Engineering) Cleanup of compiler warning messages,src/midend/BinaryAnalysis/ether.h src/midend/astMatching/matcherparser.C src/midend/astProcessing/AstDOTGeneration.C src/midend/astProcessing/AstDOTGenerationImpl.C src/midend/astRewriteMechanism/prefixGenerationImpl.h src/midend/astRewriteMechanism/rewriteDebuggingSupportTemplatesImpl.h src/midend/astUtil/annotation/AnnotExpr.C src/midend/astUtil/astInterface/AstInterface.C src/midend/astUtil/symbolicVal/SymbolicVal.C src/midend/programAnalysis/dominatorTreesAndDominanceFrontiers src/midend/programAnalysis/genericDataflow src/midend/programAnalysis/staticInterproceduralSlicing src/midend/programTransformation/loopProcessing src/midend/programTransformation/ompLowering/xomp.c,pick-partial,Warning cleanup in midend/programTransformation; skipped missing astRewriteMechanism/AstDOT/BinaryAnalysis files; Reverted changes in src/midend/astUtil/astInterface/AstInterface.C to remove drop-list reintroductions.
81f73d0a235edbd53c2afd3ac5aa7d0f4b97ea75,2024-02-14,(Release) Incremented version to 0.11.145.31,ROSE_VERSION config/SCM_DATE configure.ac src/frontend/CxxFrontend/EDG_VERSION,drop,Version bump touching EDG/configure dropped
548afd81aef20bb7e089226a69f2ef1d17effb0c,2024-02-14,(Sarif) Added missing virtual destructor to AST nodes,src/Rosebud/Ast.h src/Rosebud/SawyerGenerator.C,drop,Rosebud Sawyer backend dropped
96a6e189a5c2905c065cf86df3594a77160e86ed,2024-02-14,(Sarif) Regenerated AST node types,src/generated/Rose/Sarif,drop,Sarif generated nodes dropped with Rosebud migration
aba0e3bf21b1ceeb6932679e9549375fb302b54c,2024-02-14,(C++17) Fixed compiler errors in a tutorial and a tool,tools/BinaryAnalysis/SimpleArch.C tutorial/binaryAnalysis/disassembler.C,drop,Binary analysis tools/tutorials dropped
f79224a2120c94a3d9944c514df383e71d5d7962,2024-02-15,(CMake) Fix typo in file,cmake/ConfigureChecks.cmake,pick,Fix typo in ConfigureChecks.cmake
875921a55fc353ca7cc9874cc6a6baaefdd7401c,2024-02-15,(total order header) extended the insertion script to support undoing,utilities/totalOrderOfHeaders/insertHeader2AllCpp.sh utilities/totalOrderOfHeaders/reference/empty.cpp,drop,Utilities dropped in REX
5d1180362e692bbf6b619eb6234df44153145c48,2024-02-15,(Fortran Flang) Implemented more array functionality,src/frontend/Experimental_Flang_ROSE_Connection/sage-build.cc src/frontend/Experimental_Flang_ROSE_Connection/sage-build.h,pick,Flang array spec support in sage-build
0335c9537747e98103940f499630b44db05fdd14,2024-02-15,(Release) Incremented version to 0.11.145.32,ROSE_VERSION config/SCM_DATE configure.ac src/frontend/CxxFrontend/EDG_VERSION,drop,Version bump touching EDG/configure dropped
f4f43798b2b6c017b5db247df07412d559d06c13,2024-02-15,(Support) Upgraded to latest Sawyer release,src/Rose/BinaryAnalysis/Partitioner2/ControlFlowGraph.C src/Sawyer/Graph.h src/Sawyer/GraphAlgorithm.h src/Sawyer/IntervalSet.h src/Sawyer/Optional.h,drop,Sawyer/BinaryAnalysis dropped
c1c20d306aa4ffe6ed70f58d898bddad19be7932,2024-02-16,(Ada) added Has_Null_Exclusion support for An_Aceess_Type_Definition,src/frontend/Experimental_Ada_ROSE_Connection/parser/asis_adapter/source/asis_adapter-element-definitions.adb,drop,Ada support dropped in REX
a46fe8d7b660841b0bcc9252b6a9075f239de092,2024-02-16,(Apple) Added support for XCode/clang version 15.0.0,config/choose-backend-compiler.m4 config/compiler-defs.m4 config/determine-os.m4 config/getAppleCxxMajorVersionNumber.sh config/getAppleCxxMinorVersionNumber.sh config/getAppleCxxPatchVersionNumber.sh,drop,Autotools config inventory only
2d081784c3656da8beb178ef48972ae9379374c5,2024-02-16,(Release) Incremented version to 0.11.145.33,ROSE_VERSION config/SCM_DATE configure.ac src/frontend/CxxFrontend/EDG_VERSION,drop,Version bump touching EDG/configure dropped
e980917ec1a3e28183a76fc0db78677aa799fb5c,2024-02-16,(C++17) Fixed deprecated C++17 features,src/frontend/SageIII/astVisualization/astGraph.h src/frontend/SageIII/attributeListMap.h src/midend/astQuery src/midend/programAnalysis/CallGraphAnalysis/CallGraph.h src/midend/programAnalysis/VirtualFunctionAnalysis/PtrAliasAnalysis.C src/midend/programTransformation/implicitCodeGeneration/destructorCallAnnotator.C src/roseExtensions/roseHPCToolkit/include/rosehpct/xml-xercesc/xml.hh src/roseExtensions/roseHPCToolkit/include/rosehpct/xml/xml.hh src/roseExtensions/roseHPCToolkit/src/xml-xercesc/xml.hh,pick-partial,C++17 functor cleanup in astQuery/callgraph/etc; skipped missing astVisualization/roseHPCToolkit headers
b4fc17c6668f43ed823df8eea53fad71fc88895d,2024-02-17,(Release) Incremented version to 0.11.145.34,ROSE_VERSION config/SCM_DATE configure.ac src/frontend/CxxFrontend/EDG_VERSION,drop,Version bump touching EDG/configure dropped
0eb5d565e0085e1925650faeccb5549facadb9c5,2024-02-19,(C++17) Fixed deprecated C++17 features,src/Rose/BinaryAnalysis/Architecture src/Rose/BinaryAnalysis/ByteCode src/Rose/BinaryAnalysis/Disassembler/Jvm.C src/Rose/BinaryAnalysis/Partitioner2/Engine.h,drop,Binary analysis dropped
33d0cfb9979910e99d28c71f151edb1d49b71d46,2024-02-19,(Fortran Flang) Implemented AssumedImpliedSpec,src/frontend/Experimental_Flang_ROSE_Connection/sage-build.cc,pick,Flang AssumedImpliedSpec handling
26d8d326ae81777dc1ac9684f47ea6e76ada9ecf,2024-02-20,(Release) Incremented version to 0.11.145.35,ROSE_VERSION config/SCM_DATE configure.ac src/frontend/CxxFrontend/EDG_VERSION,drop,Version bump touching EDG/configure dropped
bae2e31c3c94e1c536d01467cd5f914f17e8b0b6,2024-02-21,(ProgramAnalysis) Revise mod-read analysis to support function definitions.,src/midend/astUtil/AstUtilInterface.C src/midend/astUtil/AstUtilInterface.h src/midend/astUtil/astInterface/AstInterface.C src/midend/astUtil/astInterface/AstInterface_ROSE.h src/midend/astUtil/astSupport/ProcessAstTree.C src/midend/astUtil/astSupport/ProcessAstTree.h src/midend/astUtil/astSupport/StmtInfoCollect.C src/midend/programAnalysis/CFG/CFG.h,pick,AstUtil mod-read analysis supports function definitions; Reverted changes in src/midend/astUtil/astInterface/AstInterface.C to remove drop-list reintroductions.
8763777620cfee0a3e7aaec28b1f711a443ef458,2024-02-21,(Documentation) Fixed #include paths for generated nodes,docs/DoxygenSettings/PathRewrites.cfg scripts/generate-api-documentation,pick,Doc Doxygen path rewrites + generate-api-documentation fix; removed BinaryAnalysis/Jovial include rewrite.
93f33352b44191cdd10b8955e3b739fb4ce18eba,2024-02-21,(FLIR) Improved documentation for FLIR tools,src/Rose/BinaryAnalysis/LibraryIdentification.C src/Rose/BinaryAnalysis/LibraryIdentification.h,drop,Binary analysis dropped
4ab1665130f74fec1d7596e9905bf78ede434d7c,2024-02-21,(Binary Analysis) Bug fixes; positional arg parsing,src/Rose/BinaryAnalysis/CodeInserter.C src/Rose/BinaryAnalysis/CodeInserter.h src/Rose/BinaryAnalysis/Partitioner2 src/frontend/BinaryFormats/ElfSegmentTable.C src/frontend/BinaryFormats/GenericHeader.C,drop,Binary analysis dropped
af87c74aa24d1625e63c509d8084225be22d425a,2024-02-21,(Binary Analysis) Fixed call to wrong function leading to infinite recursion,src/Rose/BinaryAnalysis/Architecture/Base.C,drop,Binary analysis dropped
87a1df5440baf903dc7b473eb5034b1b823d718f,2024-02-21,(Ada) not null support,src/ROSETTA/Grammar/LocatedNode.code src/ROSETTA/Grammar/Support.code src/ROSETTA/Grammar/Type.code src/ROSETTA/src/node.C src/backend/unparser/AdaCodeGeneration/unparseAda_statements.C src/backend/unparser/AdaCodeGeneration/unparseAda_types.C src/frontend/Experimental_Ada_ROSE_Connection/AdaExpression.C src/frontend/Experimental_Ada_ROSE_Connection/AdaMaker.C src/frontend/Experimental_Ada_ROSE_Connection/AdaMaker.h src/frontend/Experimental_Ada_ROSE_Connection/AdaStatement.C src/frontend/Experimental_Ada_ROSE_Connection/AdaType.C src/frontend/Experimental_Ada_ROSE_Connection/parser/a_nodes/include/a_nodes.h src/frontend/SageIII/sageInterface/sageBuilder.C src/frontend/SageIII/sageInterface/sageBuilder.h src/frontend/SageIII/sageInterface/sageGeneric.h src/frontend/SageIII/sageInterface/sageInterfaceAda.C src/frontend/SageIII/sageInterface/sageInterfaceAda.h,drop,Ada frontend dropped
26fd7ac7808551e5f979f401da7f5e7b6bd86215,2024-02-21,(Release) Incremented version to 0.11.145.36,ROSE_VERSION config/SCM_DATE configure.ac src/frontend/CxxFrontend/EDG_VERSION,drop,Version bump touching EDG/configure dropped
920d8d0a09d729b99fccbb16511625ef7b206855,2024-02-23,(Engineering) Fixed compiler warnings from Robb,src/Rosebud/CxxGenerator.C src/Rosebud/SawyerGenerator.C src/Rosebud/rosebud.C src/frontend/OpenFortranParser_SAGE_Connection/FortranParserActionROSE.C src/roseExtensions/roseHPCToolkit/src/xml/parser.cc,pick-partial,Applied OFP unused-param fix; roseExtensions dropped; Rosebud changes not present here
fdf425985c3df930ef85539f2d3494c94847caa8,2024-02-23,(Engineering) Regenerated Rose::Sarif AST nodes to fix warnings,src/generated/Rose/Sarif/Analysis.C src/generated/Rose/Sarif/CodeFlow.C src/generated/Rose/Sarif/Log.C src/generated/Rose/Sarif/Result.C src/generated/Rose/Sarif/ThreadFlow.C,drop,Generated Sarif dir not present in REX
096985760216ef409ede5e39dca2cb6aefd33e09,2024-02-23,(Fortran Flang) Implemented ExplicitShapeSpec,src/frontend/Experimental_Flang_ROSE_Connection/sage-build.cc,pick,Flang ExplicitShapeSpec array handling
9cc57dfbdbbb108a844721e152bbfff2944c2dc7,2024-02-23,(Ada) printout ASIS dot file path in debug mode,src/frontend/Experimental_Ada_ROSE_Connection/parser/asis_adapter/source/asis_adapter-tool.adb src/frontend/Experimental_Ada_ROSE_Connection/parser/support/source/dot.adb src/frontend/Experimental_Ada_ROSE_Connection/parser/support/source/dot.ads,drop,Ada frontend dropped
5307088a0f799c21f0f24ed522a9ff1a5444f8cd,2024-02-23,(Engineering) Fixed unused parameters blamed on Jeremiah from 2008,src/frontend/OpenFortranParser_SAGE_Connection/FortranParserActionROSE.C src/frontend/OpenFortranParser_SAGE_Connection/preproc-fortran-fixed.ll src/frontend/OpenFortranParser_SAGE_Connection/preproc-fortran.ll src/frontend/SageIII/rtiHelpers.C src/frontend/SageIII/virtualCFG/memberFunctions.C src/midend/astUtil/astInterface/AstInterface.C,pick-partial,Applied warning fixes; UPC portions not present in REX; Reverted changes in src/midend/astUtil/astInterface/AstInterface.C to remove drop-list reintroductions.
d1179fedd64c18e7f83fe0e4133b01e87b47ce7e,2024-02-23,(Engineering) Fixed unused parameters blamed on Stutsman from 2008,src/backend/unparser/PHPCodeGeneration/unparsePHP.C,drop,PHP frontend dropped
d02654da8f3d0ee4321b6bcbcf103df8fb1476d9,2024-02-23,(Engineering) Fixed unused parameters blamed on Andreas from 2013,src/frontend/SageIII/attachPreprocessingInfo.C,drop,attachPreprocessingInfoUsingWave not present in REX
b3483b396d7526ecd1946b162d52cac94dd8934a,2024-02-23,(Engineering) Fixed unused parameters blamed on Scott from 2011,src/backend/unparser/CxxCodeGeneration/unparseCxx_expressions.C src/frontend/OpenFortranParser_SAGE_Connection/FortranParserActionROSE.C,pick,Warning cleanups in unparser and OFP actions; Reverted changes in src/backend/unparser/CxxCodeGeneration/unparseCxx_expressions.C to remove drop-list reintroductions.
badacccecfd320d3b5cd8ba902e0512e9b9fc644,2024-02-23,(Binary Analysis) Add Partitioner function for binary entry points.,src/Rose/BinaryAnalysis/Partitioner2/Partitioner.C src/Rose/BinaryAnalysis/Partitioner2/Partitioner.h,drop,Binary analysis dropped
7a5e5dee44464148002d87fa49837eab6ae38147,2024-02-23,(Clang Warnings) Fixed a few warning messages,src/3rdPartyLibraries/MSTL/DOTGenerationImpl.h src/frontend/SageIII/astVisualization/wholeAST.C src/midend/programTransformation/astOutlining/NameGenerator.cc src/midend/programTransformation/astOutlining/NameGenerator.hh src/midend/programTransformation/partialRedundancyElimination/pre.C,pick-partial,Applied astOutlining + PRE warning fixes; astVisualization dropped; MSTL not present
862381e43a500ef2576078bee474944c61976ad6,2024-02-23,(Release) Incremented version to 0.11.145.37,ROSE_VERSION config/SCM_DATE configure.ac src/frontend/CxxFrontend/EDG_VERSION,drop,Version bump touching EDG/configure dropped
b43fb9376dc8abd4d74a59b85780ca707f60f5cd,2024-02-23,(Engineering) Fixed warning messages from clang,src/frontend/SageIII/astPostProcessing/fixupCxxSymbolTablesToSupportAliasingSymbols.C src/frontend/SageIII/astPostProcessing/fixupSymbolTables.C src/frontend/SageIII/astPostProcessing/fixupTemplateArguments.C src/frontend/SageIII/astPostProcessing/markTemplateInstantiationsForOutput.C src/frontend/SageIII/astPostProcessing/markTemplateSpecializationsForOutput.C,pick,Clang warning cleanup in astPostProcessing
d58d37831e9e91896e9f1bda84055b3f2c30bdd5,2024-02-23,(Engineering) Fixed warning messages from clang,src/frontend/SageIII/astTokenStream/tokenStreamMapping.C,pick-partial,Applied most astTokenStream warning cleanup; retained large dead-code #else block
94f9f24ccd67a08368062a62d320d85c8ec72b27,2024-02-23,(Engineering) Fixed warning messages from clang,src/frontend/SageIII/sageInterface/sageInterface.C,pick,SageInterface clang warning cleanup
06dd481ea7bf9a194aab5f0cb97c8c3d4c71c2c9,2024-02-24,(Engineering) Fixed warning messages from clang,src/frontend/SageIII/manglingSupport.C src/frontend/SageIII/rose_attributes_list.C src/frontend/SageIII/sage_support/sage_support.C,pick,SageIII warning cleanup (mangling/attributes/sage_support); Reverted changes in src/frontend/SageIII/sage_support/sage_support.C to remove drop-list reintroductions.
9a0b981a7c1ad10bf20216135c586e1ce53a11de,2024-02-24,(Engineering) Fixing warning messages from clang,src/midend/programAnalysis/genericDataflow/analysis/dataflow.C,pick,genericDataflow dead-code cleanup
626ec82ad01d7ebafd5d5198dc5501053f0151eb,2024-02-25,(Release) Incremented version to 0.11.145.38,ROSE_VERSION config/SCM_DATE configure.ac src/frontend/CxxFrontend/EDG_VERSION,drop,Version bump touching EDG/configure dropped
eb241d6364a8ea830089f8824f72970261c63b3f,2024-02-26,(Engineering) Removed recent warnings blamed on ROSE Manager,src/midend/astUtil/astSupport/ProcessAstTree.C,pick,ProcessAstTree unused-parameter cleanup
274e472a4fbf6eebfb0a500bf5c24a0fe491af51,2024-02-26,(Engineering) Improve ticket ID matching in good-commits script,scripts/good-commits.pl,pick,Improve ticket matching in good-commits script
971928ab494a5043b62787d2bf89ae0037cc75ba,2024-02-27,(Ada) clean up installed headers,src/ROSETTA/Grammar/Type.code src/ROSETTA/src/type.C src/backend/unparser/unparser.C src/frontend/Experimental_Ada_ROSE_Connection/AdaMaker.C src/frontend/Experimental_Ada_ROSE_Connection/AdaMaker.h src/frontend/Experimental_Ada_ROSE_Connection/AdaStatement.C src/frontend/Experimental_Ada_ROSE_Connection/AdaType.C src/frontend/Experimental_Ada_ROSE_Connection/Ada_to_ROSE.C src/frontend/Experimental_Ada_ROSE_Connection/Ada_to_ROSE.h src/frontend/Experimental_Ada_ROSE_Connection/Ada_to_ROSE_translation.h src/frontend/Experimental_Ada_ROSE_Connection/Makefile.am src/frontend/Experimental_Ada_ROSE_Connection/ada_support.C src/frontend/SageIII/sageInterface/sageGeneric.h src/frontend/SageIII/sage_support/sage_support.C,pick-partial,Applied SgProject::link warning log; Ada/ROSETTA changes skipped; NotNull not present; Reverted changes in src/backend/unparser/unparser.C; src/frontend/SageIII/sage_support/sage_support.C to remove drop-list reintroductions.
04d2fed0a7e98239f1fe6c11227d968e2152f12e,2024-02-27,(Engineering) Fixed warning messages from clang,src/midend/programAnalysis/genericDataflow/analysis/dataflow.C,pick,genericDataflow dead-code removals
46612fe117ad85ce0517fc0f892fa7dc7616349d,2024-02-27,(Release) Incremented version to 0.11.145.39,ROSE_VERSION config/SCM_DATE configure.ac src/frontend/CxxFrontend/EDG_VERSION,drop,Version bump touching EDG/configure dropped
6cdc5d21223a3f4d7dd0c18d027dc3e3a2e8b5f3,2024-02-27,(Fortran Flang) Finished ArraySpec,src/backend/unparser/FortranCodeGeneration/unparseFortran_statements.C src/backend/unparser/FortranCodeGeneration/unparseFortran_types.C src/frontend/Experimental_Flang_ROSE_Connection/BuildExprVisitor.h src/frontend/Experimental_Flang_ROSE_Connection/BuildVisitor.h src/frontend/Experimental_Flang_ROSE_Connection/sage-build.cc src/frontend/Experimental_Flang_ROSE_Connection/sage-build.h src/frontend/Experimental_General_Language_Support/general_language_translation.h,pick,Flang ArraySpec and related updates; Reverted changes in src/frontend/Experimental_General_Language_Support/general_language_translation.h to remove drop-list reintroductions.
57028484a578f4a51f2f6c3bdf1e68a917f6a051,2024-02-29,(Engineering) Fixed warning messages from clang,src/backend/unparser/CxxCodeGeneration/unparseCxx_expressions.C src/backend/unparser/unparser.C src/frontend/SageIII/manglingSupport.C,pick,Backend clang warning cleanups; Reverted changes in src/backend/unparser/CxxCodeGeneration/unparseCxx_expressions.C; src/backend/unparser/unparser.C to remove drop-list reintroductions.
efb4baa8c0c6e81848035a55338528b5370dda5b,2024-02-29,(Fortran Flang) Implementing BlockData,src/frontend/SageIII/sageInterface/sageBuilder.C src/frontend/SageIII/sageInterface/sageBuilder.h,pick-partial,Applied sageBuilder updates; Python/UPC declarations not in REX; Reverted changes in src/frontend/SageIII/sageInterface/sageBuilder.C to remove drop-list reintroductions.
f3effe40a912761ab776e886c95124695786762c,2024-02-29,(Fortran Flang) Implementing BlockData,src/frontend/SageIII/sageInterface/sageBuilder.C,drop,Reverted changes in src/frontend/SageIII/sageInterface/sageBuilder.C to remove drop-list reintroductions; no changes kept.
db4c4152c06c9b12fbba649edd1a17a96b603f77,2024-02-29,(Release) Incremented version to 0.11.145.40,ROSE_VERSION config/SCM_DATE configure.ac src/frontend/CxxFrontend/EDG_VERSION,drop,Version bump touching EDG/configure dropped
1046958695ed044392bb497b7cd5ed0802a50508,2024-03-01,(Engineering) Regenerated Rose::Sarif AST nodes to fix warnings,src/generated/Rose/Sarif/Analysis.C src/generated/Rose/Sarif/CodeFlow.C src/generated/Rose/Sarif/Log.C src/generated/Rose/Sarif/Result.C src/generated/Rose/Sarif/ThreadFlow.C,drop,Generated Sarif dir not present in REX
f85bc09e4f027e310ccfa708f1bc8bafad2b3ed5,2024-03-01,(Engineering) Fixed compiler warnings from Robb,src/Rosebud/SawyerGenerator.C,drop,Sawyer/Rosebud generator dropped
f45955a49c3ad6caf114ddb0178c5c5ad69c755d,2024-03-01,(Testing) Adding Plumhall tests to .gitlab-ci and removing Polyopt,.gitlab-ci.yml,drop,.gitlab-ci.yml not in keep list
1a04e4ef1ca4213372529d0685d0adb181ac154b,2024-03-01,(Testing) Adding SAPOH tests & fixing Push-Weekly,.gitlab-ci.yml,drop,.gitlab-ci.yml not in keep list
b52d745facd645fc6fdc0ce3a87987f03bfc366d,2024-03-01,(Fortran Flang) Implementing BlockData,src/backend/unparser/FortranCodeGeneration/unparseFortran_statements.C src/frontend/Experimental_Flang_ROSE_Connection/BuildExprVisitor.h src/frontend/Experimental_Flang_ROSE_Connection/BuildVisitor.h src/frontend/Experimental_Flang_ROSE_Connection/sage-build.cc src/frontend/Experimental_Flang_ROSE_Connection/sage-build.h src/frontend/Experimental_General_Language_Support/SageTreeBuilder.C src/frontend/Experimental_General_Language_Support/SageTreeBuilder.h,pick,Flang BlockData stage 3 updates; Reverted changes in src/frontend/Experimental_General_Language_Support/SageTreeBuilder.C; src/frontend/Experimental_General_Language_Support/SageTreeBuilder.h to remove drop-list reintroductions.
bcfbeb0eefa0fbbbdf2a64caf992aa9b20691907,2024-03-01,(Engineering) Fixed warning messages from clang,src/backend/unparser/CxxCodeGeneration/unparseCxx_expressions.C,drop,Reverted changes in src/backend/unparser/CxxCodeGeneration/unparseCxx_expressions.C to remove drop-list reintroductions; no changes kept.
afe8b64992c8099d644b5445b64f1366bdefdcf0,2024-03-01,(Release) Incremented version to 0.11.145.41,ROSE_VERSION config/SCM_DATE configure.ac src/frontend/CxxFrontend/EDG_VERSION,drop,Version bump touching EDG/configure dropped
6bdca21f7c74d60b44651e23545ede4f6c044c31,2024-03-01,(Engineering) Fixed warning messages from clang,src/backend/unparser/CxxCodeGeneration/unparseCxx_expressions.C,drop,Reverted changes in src/backend/unparser/CxxCodeGeneration/unparseCxx_expressions.C to remove drop-list reintroductions; no changes kept.
1679ff6ca9d3d2ea81b88df61afbc24501a3ec50,2024-03-03,(Release) Incremented version to 0.11.145.42,ROSE_VERSION config/SCM_DATE configure.ac src/frontend/CxxFrontend/EDG_VERSION,drop,Version bump touching EDG/configure dropped
027ef5fa01f361eb32f8b1e9e430627bc869aae1,2024-03-03,(Support) Updated to latest sawyer release,src/Sawyer/DenseIntegerSet.h src/Sawyer/IntervalSet.h src/Sawyer/Set.h,drop,Sawyer dropped
e7519b56820bae48c2a5c5d6095ed1d96db64442,2024-03-03,(Model Checker) Improved documentation,src/Rose/BinaryAnalysis/ModelChecker/BasicTypes.h src/Rose/BinaryAnalysis/ModelChecker/PathNode.h,drop,Binary analysis dropped
62fce5a5fc903c77f0dfe8379d0d4a9cb87d9954,2024-03-03,(Model Checker) To prune or not when inserting starting points,src/Rose/BinaryAnalysis/ModelChecker/BasicTypes.h src/Rose/BinaryAnalysis/ModelChecker/Engine.C src/Rose/BinaryAnalysis/ModelChecker/Engine.h,drop,Binary analysis dropped
b1d3713914e9e426dd86a7037bcc95f6f7a0d68f,2024-03-03,(Binary Analysis) Added config for optional cereal library,CMakeLists.txt Tuprules.tup cmake/FindCereal.cmake rose_config.h.in.cmake scripts/tup/cmake-config-tup scripts/tup/rose-configure-tup tup.config,drop,Binary analysis + tup inventory dropped
9f8ab35048b88259ac5b4399003c46f86ab68eba,2024-03-03,(Rosebud) Added preliminary support for cereal,src/AstNodes/Rose/Sarif/Artifact.h src/Rosebud/BoostSerializer.C src/Rosebud/BoostSerializer.h src/Rosebud/CMakeLists.txt src/Rosebud/CerealSerializer.C src/Rosebud/CerealSerializer.h src/Rosebud/Makefile.am src/Rosebud/NoneSerializer.C src/Rosebud/NoneSerializer.h src/Rosebud/RosettaGenerator.C src/Rosebud/RosettaGenerator.h src/Rosebud/SawyerGenerator.C src/Rosebud/Serializer.C src/Rosebud/Serializer.h src/Rosebud/Tupfile src/Rosebud/generate src/frontend/SageIII/sage3basic.h,drop,Dropped Rosebud changes to avoid Sawyer (dropped component); Rosebud removed.
23115cc4d962f1f4431880afa382b6ebf8e133ad,2024-03-03,(Rosebud) Regenerated Rose::Sarif nodes using cereal,src/generated/Rose/Sarif/Analysis.C src/generated/Rose/Sarif/Analysis.h src/generated/Rose/Sarif/Artifact.C src/generated/Rose/Sarif/Artifact.h src/generated/Rose/Sarif/CMakeLists.txt src/generated/Rose/Sarif/CodeFlow.C src/generated/Rose/Sarif/CodeFlow.h src/generated/Rose/Sarif/Location.C src/generated/Rose/Sarif/Location.h src/generated/Rose/Sarif/Log.C src/generated/Rose/Sarif/Log.h src/generated/Rose/Sarif/Makefile.am src/generated/Rose/Sarif/Node.C src/generated/Rose/Sarif/Node.h src/generated/Rose/Sarif/NodeDeclarations.h src/generated/Rose/Sarif/Result.C src/generated/Rose/Sarif/Result.h src/generated/Rose/Sarif/Rule.C src/generated/Rose/Sarif/Rule.h src/generated/Rose/Sarif/ThreadFlow.C src/generated/Rose/Sarif/ThreadFlow.h src/generated/Rose/Sarif/ThreadFlowLocation.C src/generated/Rose/Sarif/ThreadFlowLocation.h src/generated/Rose/Sarif/Tupfile,drop,Sarif subsystem dropped in REX
2e68bc6051730f005828929059f752ed881cf535,2024-03-03,(Rosebud) Supports private accessors/mutators,src/AstNodes/Rose/Sarif/Artifact.h src/AstNodes/Rose/Sarif/Location.h src/AstNodes/Rose/Sarif/ThreadFlow.h src/Rose/Sarif/Location.C src/Rose/Sarif/Result.C src/Rose/SourceLocation.h src/Rosebud/SawyerGenerator.C src/Rosebud/SawyerGenerator.h src/Rosebud/Utility.C src/Rosebud/Utility.h,drop,Dropped Rosebud changes to avoid Sawyer (dropped component); Rosebud removed.
42fb080432804abe84073212b3fcc1bbb74d305d,2024-03-03,(Rosebud) Adds support for multiple serializers at once,src/Rosebud/BoostSerializer.C src/Rosebud/CerealSerializer.C src/Rosebud/RosettaGenerator.C src/Rosebud/SawyerGenerator.C src/Rosebud/Serializer.C src/Rosebud/Serializer.h src/Rosebud/Utility.h src/Rosebud/generate src/Rosebud/rosebud.C,drop,Dropped Rosebud changes to avoid Sawyer (dropped component); Rosebud removed.; Serializer::lookup; Rose/RosettaGenerator updates; cereal prologue/memory + cppStack); skipped BoostSerializer/SawyerGenerator/generate
4dac00abc0aa8059622cd6afe74284ca445fa3b3,2024-03-03,(Rosebud) Regenerated Rose::Sarif nodes to support boost and cereal,src/generated/Rose/Sarif/Analysis.C src/generated/Rose/Sarif/Analysis.h src/generated/Rose/Sarif/Artifact.C src/generated/Rose/Sarif/Artifact.h src/generated/Rose/Sarif/CMakeLists.txt src/generated/Rose/Sarif/CodeFlow.C src/generated/Rose/Sarif/CodeFlow.h src/generated/Rose/Sarif/Location.C src/generated/Rose/Sarif/Location.h src/generated/Rose/Sarif/Log.C src/generated/Rose/Sarif/Log.h src/generated/Rose/Sarif/Makefile.am src/generated/Rose/Sarif/Node.C src/generated/Rose/Sarif/Node.h src/generated/Rose/Sarif/NodeDeclarations.h src/generated/Rose/Sarif/Result.C src/generated/Rose/Sarif/Result.h src/generated/Rose/Sarif/Rule.C src/generated/Rose/Sarif/Rule.h src/generated/Rose/Sarif/ThreadFlow.C src/generated/Rose/Sarif/ThreadFlow.h src/generated/Rose/Sarif/ThreadFlowLocation.C src/generated/Rose/Sarif/ThreadFlowLocation.h src/generated/Rose/Sarif/Tupfile,drop,Sarif/Boost serialization dropped in REX
9747c9f4fd4d6e5aba9cac28349c4a72c9569188,2024-03-03,(Support) Upgrade to latest Sawyer version with Cereal support,src/Sawyer/AddressMap.h src/Sawyer/AddressSegment.h src/Sawyer/AllocatingBuffer.h src/Sawyer/BitFlags.h src/Sawyer/BitVector.h src/Sawyer/Buffer.h src/Sawyer/Cached.h src/Sawyer/Graph.h src/Sawyer/HashMap.h src/Sawyer/IndexedList.h src/Sawyer/Interval.h src/Sawyer/IntervalMap.h src/Sawyer/IntervalSet.h src/Sawyer/Map.h src/Sawyer/MappedBuffer.h src/Sawyer/NullBuffer.h src/Sawyer/Optional.h src/Sawyer/Result.h src/Sawyer/Sawyer.h src/Sawyer/Set.h src/Sawyer/SharedPointer.h src/Sawyer/StaticBuffer.h src/Sawyer/Tree.h,drop,Sawyer library dropped in REX
5784274d459ae6ab366d3d2877cc82700367c0f7,2024-03-03,(Support) Added serialization functions for UUID and paths,src/util/CMakeLists.txt src/util/Makefile.am src/util/Tupfile src/util/rose_serialize_path.h src/util/rose_serialize_uuid.h,drop,Boost serialization helpers dropped in REX
aadaf4a48988e8fbc495e1d7cdde7d2cdab9c0cf,2024-03-03,(Support) Serialization for Sarif::Rule and SourceLocation,src/AstNodes/Rose/Sarif/Rule.h src/Rose/SourceLocation.h,drop,Boost serialization dropped in REX
2b66a42bdf55cab5f430a1521f6d8c93480c3ab8,2024-03-04,(Engineering) Fixed warning messages from clang,src/backend/unparser/CxxCodeGeneration/unparseCxx_expressions.C,drop,Reverted changes in src/backend/unparser/CxxCodeGeneration/unparseCxx_expressions.C to remove drop-list reintroductions; no changes kept.
97ab4e216988b3090815eaa77b4eefa26e115992,2024-03-04,(Release) Incremented version to 0.11.145.43,ROSE_VERSION config/SCM_DATE configure.ac src/frontend/CxxFrontend/EDG_VERSION,pick-partial,Updated ROSE_VERSION; skipped config/SCM_DATE (inventory); configure.ac (autotools); EDG_VERSION (EDG dropped)
57c03d1a08603320d700700a98f9699a2dad86b9,2024-03-08,(CMake) Fix configuration error when running cmake .. -DEDG_VERSION=6.0,src/frontend/CxxFrontend/EDG,drop,EDG frontend dropped in REX
d11e6090c640443c01d2f65074d290dfae028ecd,2024-03-08,(TestScript) Fix rth_run.pl script to not generate empty filters.,scripts/rth_run.pl,pick,rth_run.pl: skip empty filter entries; log each filter command
09912a78cd237874767382f4a9a65b8a1feb0188,2024-03-08,(Analysis) Fix reaching definition analysis connection to side effect analysis.,src/midend/astUtil/astInterface/AstInterface.C src/midend/programAnalysis/bitvectorDataflow/ReachingDefinition.C,pick,ReachingDefinition: avoid functor-to-function warnings; IsVarRef no longer strips casts; Reverted changes in src/midend/astUtil/astInterface/AstInterface.C to remove drop-list reintroductions.
4aaae9aac0b010c66305b37cb556718494f6b67b,2024-03-08,(AstUtil) Fix compilation warning.,src/midend/astUtil/AstUtilInterface.C,pick,Added default cases in AstUtilInterface switches to silence warnings
e0bec98b1edd96d98ba65863d2a0e67f9cc6fcc2,2024-03-08,(Analysis) Fix Mod-read analysis for FunctionDefinition.,src/midend/astUtil/astSupport/StmtInfoCollect.C,pick,Fix mod/read analysis traversal in StmtInfoCollect for function definitions
ad349e5225c9bf8051ba64bb95b53e0da0c1fc4c,2024-03-08,(Tutorial Fix) Removed AST Consistency checks from identityTranslator,exampleTranslators/defaultTranslator/defaultTranslator.C exampleTranslators/documentedExamples/simpleTranslatorExamples/identityTranslator.C tutorial/spawn-frontend/identityTranslator.C,drop,Keeps AstTests::runAllTests in example translators (do not weaken internal checks)
9d02d0548c659e9c00dccafa33e1857e73515984,2024-03-08,(Fortran Flang) Implementing DataStmt,src/ROSETTA/Grammar/Support.code src/backend/unparser/FortranCodeGeneration/unparseFortran_statements.C src/backend/unparser/unparser.C src/frontend/OpenFortranParser_SAGE_Connection/FortranParserActionROSE.C src/roseSupport/stringify.C,pick-partial,DataStmt enum rename + Fortran parser/unparser updates (explicit list; Reverted changes in src/ROSETTA/Grammar/Support.code; src/backend/unparser/unparser.C to remove drop-list reintroductions.; implicit list assert; slash formatting); skipped unparser.C cleanup and missing stringify.C in REX
53e3eeea9eec7c47a3884fc51f36ebaf86bcab26,2024-03-08,(SageInterface) preserve inner dangling #endif or #if etc. before removing/replacing statements,src/frontend/SageIII/sageInterface/sageInterface.C src/frontend/SageIII/sageInterface/sageInterface.h,pick,Preserve dangling #if/#endif by moving inner directives before remove/replace
d8edf82bbb7c87816be21525343de8e03c83b673,2024-03-08,(SageInterface) remove NULL comments after moving them to new places,src/frontend/SageIII/sageInterface/sageInterface.C,pick,Remove NULL preprocessing infos after moving dangling #if/#endif directives
946581c24e809904c152c3da0f2a8b81e854e2e5,2024-03-08,(SageInterface) git moving dangling directives: support #else and #elif,src/frontend/SageIII/sageInterface/sageInterface.C,pick,Extend dangling directive move-up to handle #else/#elif and associated erasure
83d1cb4d1323a2a648e82e936cfece870b0db8c6,2024-03-08,(sageinterface) moving dangling #else directives: fix dict's key,src/frontend/SageIII/sageInterface/sageInterface.C,pick,Fix associated-directive keying for dangling #else/#elif handling
720d0a3b79ad02a6539d5a09692dd7c86d5e5714,2024-03-08,(SageInterface) move dangling middle directives,src/frontend/SageIII/sageInterface/sageInterface.C src/frontend/SageIII/sageInterface/sageInterface.h src/frontend/SageIII/sageInterface/sageInterface_type.C src/midend/programTransformation/ompLowering/omp_lowering.cpp,pick,Move dangling-directive helpers to sageInterface_type.C; add eraseNullPreprocessingInfo; disconnect OMP single body before replace
e96de2f563c6ca19e07b415d54f576b8d0a92ae0,2024-03-08,(sageInterface) cleanup code,src/frontend/SageIII/sageInterface/sageInterface.C src/frontend/SageIII/sageInterface/sageInterface_type.C,pick,Move dangling-directive helpers back to sageInterface.C; keep eraseNullPreprocessingInfo
6d46adbd5d0e6ab5ee9a96747866f1432ec062f9,2024-03-08,(sageInterface) remove some tab chars,src/frontend/SageIII/sageInterface/sageInterface.C,pick,SageInterface whitespace cleanup (tabs -> spaces)
4d676af2b46e67d0cd8b52dfbbcedd9d072ee730,2024-03-08,(Cil) add unparse/dump methods to SgAsmCil* nodes,src/AstNodes/BinaryAnalysis/SgAsmCilAssembly.h src/AstNodes/BinaryAnalysis/SgAsmCilAssemblyOS.h src/AstNodes/BinaryAnalysis/SgAsmCilAssemblyOSTable.h src/AstNodes/BinaryAnalysis/SgAsmCilAssemblyProcessor.h src/AstNodes/BinaryAnalysis/SgAsmCilAssemblyProcessorTable.h src/AstNodes/BinaryAnalysis/SgAsmCilAssemblyRef.h src/AstNodes/BinaryAnalysis/SgAsmCilAssemblyRefOS.h src/AstNodes/BinaryAnalysis/SgAsmCilAssemblyRefOSTable.h src/AstNodes/BinaryAnalysis/SgAsmCilAssemblyRefProcessor.h src/AstNodes/BinaryAnalysis/SgAsmCilAssemblyRefProcessorTable.h src/AstNodes/BinaryAnalysis/SgAsmCilAssemblyRefTable.h src/AstNodes/BinaryAnalysis/SgAsmCilAssemblyTable.h src/AstNodes/BinaryAnalysis/SgAsmCilClassLayout.h src/AstNodes/BinaryAnalysis/SgAsmCilClassLayoutTable.h src/AstNodes/BinaryAnalysis/SgAsmCilConstant.h src/AstNodes/BinaryAnalysis/SgAsmCilConstantTable.h src/AstNodes/BinaryAnalysis/SgAsmCilCustomAttribute.h src/AstNodes/BinaryAnalysis/SgAsmCilCustomAttributeTable.h src/AstNodes/BinaryAnalysis/SgAsmCilDataStream.h src/AstNodes/BinaryAnalysis/SgAsmCilDeclSecurity.h src/AstNodes/BinaryAnalysis/SgAsmCilDeclSecurityTable.h src/AstNodes/BinaryAnalysis/SgAsmCilEvent.h src/AstNodes/BinaryAnalysis/SgAsmCilEventMap.h src/AstNodes/BinaryAnalysis/SgAsmCilEventMapTable.h src/AstNodes/BinaryAnalysis/SgAsmCilEventTable.h src/AstNodes/BinaryAnalysis/SgAsmCilExportedType.h src/AstNodes/BinaryAnalysis/SgAsmCilExportedTypeTable.h src/AstNodes/BinaryAnalysis/SgAsmCilField.h src/AstNodes/BinaryAnalysis/SgAsmCilFieldLayout.h src/AstNodes/BinaryAnalysis/SgAsmCilFieldLayoutTable.h src/AstNodes/BinaryAnalysis/SgAsmCilFieldMarshal.h src/AstNodes/BinaryAnalysis/SgAsmCilFieldMarshalTable.h src/AstNodes/BinaryAnalysis/SgAsmCilFieldRVA.h src/AstNodes/BinaryAnalysis/SgAsmCilFieldRVATable.h src/AstNodes/BinaryAnalysis/SgAsmCilFieldTable.h src/AstNodes/BinaryAnalysis/SgAsmCilFile.h src/AstNodes/BinaryAnalysis/SgAsmCilFileTable.h src/AstNodes/BinaryAnalysis/SgAsmCilGenericParam.h src/AstNodes/BinaryAnalysis/SgAsmCilGenericParamConstraint.h src/AstNodes/BinaryAnalysis/SgAsmCilGenericParamConstraintTable.h src/AstNodes/BinaryAnalysis/SgAsmCilGenericParamTable.h src/AstNodes/BinaryAnalysis/SgAsmCilImplMap.h src/AstNodes/BinaryAnalysis/SgAsmCilImplMapTable.h src/AstNodes/BinaryAnalysis/SgAsmCilInterfaceImpl.h src/AstNodes/BinaryAnalysis/SgAsmCilInterfaceImplTable.h src/AstNodes/BinaryAnalysis/SgAsmCilManifestResource.h src/AstNodes/BinaryAnalysis/SgAsmCilManifestResourceTable.h src/AstNodes/BinaryAnalysis/SgAsmCilMemberRef.h src/AstNodes/BinaryAnalysis/SgAsmCilMemberRefTable.h src/AstNodes/BinaryAnalysis/SgAsmCilMetadataHeap.h src/AstNodes/BinaryAnalysis/SgAsmCilMetadataRoot.h src/AstNodes/BinaryAnalysis/SgAsmCilMethodDef.h src/AstNodes/BinaryAnalysis/SgAsmCilMethodDefTable.h src/AstNodes/BinaryAnalysis/SgAsmCilMethodImpl.h src/AstNodes/BinaryAnalysis/SgAsmCilMethodImplTable.h src/AstNodes/BinaryAnalysis/SgAsmCilMethodSemantics.h src/AstNodes/BinaryAnalysis/SgAsmCilMethodSemanticsTable.h src/AstNodes/BinaryAnalysis/SgAsmCilMethodSpec.h src/AstNodes/BinaryAnalysis/SgAsmCilMethodSpecTable.h src/AstNodes/BinaryAnalysis/SgAsmCilModule.h src/AstNodes/BinaryAnalysis/SgAsmCilModuleRef.h src/AstNodes/BinaryAnalysis/SgAsmCilModuleRefTable.h src/AstNodes/BinaryAnalysis/SgAsmCilModuleTable.h src/AstNodes/BinaryAnalysis/SgAsmCilNestedClass.h src/AstNodes/BinaryAnalysis/SgAsmCilNestedClassTable.h src/AstNodes/BinaryAnalysis/SgAsmCilParam.h src/AstNodes/BinaryAnalysis/SgAsmCilParamTable.h src/AstNodes/BinaryAnalysis/SgAsmCilProperty.h src/AstNodes/BinaryAnalysis/SgAsmCilPropertyMap.h src/AstNodes/BinaryAnalysis/SgAsmCilPropertyMapTable.h src/AstNodes/BinaryAnalysis/SgAsmCilPropertyTable.h src/AstNodes/BinaryAnalysis/SgAsmCilStandAloneSig.h src/AstNodes/BinaryAnalysis/SgAsmCilStandAloneSigTable.h src/AstNodes/BinaryAnalysis/SgAsmCilTypeDef.h src/AstNodes/BinaryAnalysis/SgAsmCilTypeDefTable.h src/AstNodes/BinaryAnalysis/SgAsmCilTypeRef.h src/AstNodes/BinaryAnalysis/SgAsmCilTypeRefTable.h src/AstNodes/BinaryAnalysis/SgAsmCilTypeSpec.h src/AstNodes/BinaryAnalysis/SgAsmCilTypeSpecTable.h src/AstNodes/BinaryAnalysis/SgAsmCilUint32Heap.h src/AstNodes/BinaryAnalysis/SgAsmCilUint8Heap.h src/ROSETTA/src/binaryInstruction.C src/frontend/BinaryFormats/CilImpl.C src/frontend/Disassemblers/cilgen/blueprint/CilImpl_C.txt src/frontend/Disassemblers/cilgen/blueprint/heaputil.txt src/frontend/Disassemblers/cilgen/blueprint/rootutil.txt src/frontend/Disassemblers/cilgen/blueprint/rosebud-AsmCilHeaders_h.txt src/frontend/Disassemblers/cilgen/blueprint/util.txt src/frontend/Disassemblers/cilgen/cil.json,drop,Binary analysis/CIL components dropped in REX
44d812a58c2822c285ce8b35fad856d4e73cad96,2024-03-08,(ClangFE) updated to supprot LLVM/Clang v.16,config/support-clang.m4 src/frontend/CxxFrontend/Clang/clang-frontend-type.cpp src/frontend/CxxFrontend/Clang/clang-to-dot-type.cpp,pick-partial,Clang FE: added replacement_decl handling in clang-to-dot-type; getUnmodifiedType already present; skipped autotools support-clang.m4
710b20ce07a0dbec35e1542dc7cd67eb88032c5a,2024-03-08,(Release) Incremented version to 0.11.145.44,ROSE_VERSION config/SCM_DATE configure.ac src/frontend/CxxFrontend/EDG_VERSION,pick-partial,Updated ROSE_VERSION; skipped config/SCM_DATE (inventory); configure.ac (autotools); EDG_VERSION (EDG dropped)
c3be3b14494b9d27b395c1f4a384c21ea3954930,2024-03-08,(Rosebud) Fixed missing header file in generated boost serialization,src/Rosebud/BoostSerializer.C,drop,BoostSerializer removed in REX; do not reintroduce
cd19dcf693ace03fe3164a85d3145a4205805f6f,2024-03-08,(Sarif) Regenerated Rose::Sarif AST nodes for boost serialization,src/generated/Rose/Sarif/Analysis.h src/generated/Rose/Sarif/Artifact.h src/generated/Rose/Sarif/CodeFlow.h src/generated/Rose/Sarif/Location.h src/generated/Rose/Sarif/Log.h src/generated/Rose/Sarif/Node.h src/generated/Rose/Sarif/Result.h src/generated/Rose/Sarif/Rule.h src/generated/Rose/Sarif/ThreadFlow.h src/generated/Rose/Sarif/ThreadFlowLocation.h,drop,Sarif subsystem dropped in REX
2739ec524587a912df0352f86e69b67a2b8f588e,2024-03-08,(Build) Sawyer headers installed in $ROSE_ROOT/include/rose/Sawyer,install-staging/include/rose/Sawyer/Tupfile src/Sawyer/CMakeLists.txt src/Sawyer/Tupfile,drop,Sawyer library dropped in REX
cf12afb5aa899a31083fcd1a0567559b411bde9f,2024-03-09,(Engineering) Fixed warning messages from clang,src/backend/unparser/CxxCodeGeneration/unparseCxx_expressions.C,drop,Reverted changes in src/backend/unparser/CxxCodeGeneration/unparseCxx_expressions.C to remove drop-list reintroductions; no changes kept.; fix precedence/indent)
bb044b0aa6883bb8fd54e10698cdae10ee6922f6,2024-03-09,(Engineering) Moved deprecation macros to their own header file,src/frontend/SageIII/sage3basic.h src/util/CMakeLists.txt src/util/Makefile.am src/util/ROSE_DEPRECATED.h src/util/Tupfile,pick-partial,Moved deprecation macros to src/util/ROSE_DEPRECATED.h + CMake install; updated sage3basic.h include; skipped Makefile.am/Tupfile
ccfa7519a07b6f817b173789390b6a498f97be22,2024-03-09,(Engineering) Split generated AST declarations and variant enum,Tuprules.tup cmake/copy_files.cmake scripts/edg-generate-sig src/CMakeLists.txt src/ROSETTA/src/Makefile.am src/ROSETTA/src/Tupfile src/ROSETTA/src/grammar.C src/ROSETTA/src/grammar.h src/frontend/SageIII/CMakeLists.txt src/frontend/SageIII/Makefile.am,pick-partial,ROSETTA/CMake: emit Cxx_GrammarDeclarations.h + Cxx_GrammarVariants.h and include/install them; skipped Makefile.am/Tupfile and edg-generate-sig
9320bdbf35a966b6ffa8c281d9fa51d42e92c52a,2024-03-09,(Fortran Flang) Implemented StarSize,src/ROSETTA/Grammar/Statement.code src/ROSETTA/Grammar/Type.code src/ROSETTA/Grammar/grammarConstructorDefinitionMacros.macro src/ROSETTA/src/expression.C src/ROSETTA/src/type.C src/backend/unparser/FortranCodeGeneration/unparseFortran_types.C src/frontend/Experimental_Flang_ROSE_Connection/BuildExprVisitor.h src/frontend/Experimental_Flang_ROSE_Connection/BuildVisitor.h src/frontend/Experimental_Flang_ROSE_Connection/Makefile.am src/frontend/Experimental_Flang_ROSE_Connection/sage-build.C src/frontend/Experimental_Flang_ROSE_Connection/sage-build.h src/frontend/Experimental_Flang_ROSE_Connection/tiny.f90 src/frontend/Experimental_General_Language_Support/SageTreeBuilder.C src/frontend/Experimental_General_Language_Support/SageTreeBuilder.h src/frontend/SageIII/sageInterface/sageBuilder_fortran.C,pick-partial,Flang Fortran StarSize support + builder/unparser updates; skipped Jovial SgTypeFixed get_mangled/hack and Makefile.am; Reverted changes in src/ROSETTA/src/expression.C; src/frontend/Experimental_General_Language_Support/SageTreeBuilder.C; src/frontend/Experimental_General_Language_Support/SageTreeBuilder.h to remove drop-list reintroductions.
fc36966f9fbb889f8420ce2e4eee40d9b6e8dc52,2024-03-09,(Release) Incremented version to 0.11.145.45,ROSE_VERSION config/SCM_DATE configure.ac src/frontend/CxxFrontend/EDG_VERSION,pick-partial,ROSE_VERSION bump to 0.11.145.45; skipped config/SCM_DATE; configure.ac; EDG_VERSION
ade48a31d11182da00b22a4fa8d7276799deb70b,2024-03-09,(Engineering) Fixed warning messages from clang,src/backend/unparser/CxxCodeGeneration/unparseCxx_expressions.C,drop,Reverted changes in src/backend/unparser/CxxCodeGeneration/unparseCxx_expressions.C to remove drop-list reintroductions; no changes kept.
d7eec25556e61af40ac5601a11991fa4e408431b,2024-03-11,(Engineering) Added ROSETTA function to emit code before class definition,src/ROSETTA/src/AstNodeClass.C src/ROSETTA/src/AstNodeClass.h src/ROSETTA/src/grammar.C,pick,ROSETTA: add appendPreDefinitionText and emit pre-definition text in header generation
c595bd32b79a3e9b57181819090f873eb49a107d,2024-03-11,(Ada) improve source location information,src/ROSETTA/Grammar/Symbol.code src/backend/unparser/AdaCodeGeneration/unparseAda.h src/backend/unparser/AdaCodeGeneration/unparseAda_types.C src/frontend/Experimental_Ada_ROSE_Connection/AdaExpression.C src/frontend/Experimental_Ada_ROSE_Connection/AdaMaker.C src/frontend/Experimental_Ada_ROSE_Connection/AdaType.C src/frontend/Experimental_Ada_ROSE_Connection/Ada_to_ROSE.C src/frontend/SageIII/sageInterface/sageGeneric.h src/frontend/SageIII/sageInterface/sageInterfaceAda.C src/frontend/SageIII/sageInterface/sageInterfaceAda.h,drop,Ada frontend/unparser changes dropped in REX
c0440c7747a6ee1b5029e8efdfe4913e41eef2dc,2024-03-11,(Release) Incremented version to 0.11.145.46,ROSE_VERSION config/SCM_DATE configure.ac src/frontend/CxxFrontend/EDG_VERSION,pick-partial,ROSE_VERSION bump to 0.11.145.46; skipped config/SCM_DATE; configure.ac; EDG_VERSION
448d6704d2af8970c4a481be2976d65d646d166c,2024-03-13,(Engineering) Added --small-headers switch to CxxGrammarMetaProgram,src/ROSETTA/src/CxxGrammarMetaProgram.C src/ROSETTA/src/grammar.C src/ROSETTA/src/grammar.h,pick-partial,Add small-headers support in grammar; manual arg parsing (Sawyer dropped)
a75d21f9152d5fbb1e08b00bd8918f8da6f2cb60,2024-03-13,(Analysis) Fix and extend Mod-read set analysis.,src/midend/astUtil/astInterface/AstInterface.C src/midend/astUtil/astInterface/AstInterface.h src/midend/astUtil/astSupport/StmtInfoCollect.C,pick,Mod/read set analysis: include initializers and handle function pointer typedefs; Reverted changes in src/midend/astUtil/astInterface/AstInterface.C; src/midend/astUtil/astInterface/AstInterface.h to remove drop-list reintroductions.
891d16d94337f9eba9ea7133877b6ae93c651edf,2024-03-13,(Engineering) Fixed warning messages from clang,src/backend/unparser/CxxCodeGeneration/unparseCxx_expressions.C,drop,Reverted changes in src/backend/unparser/CxxCodeGeneration/unparseCxx_expressions.C to remove drop-list reintroductions; no changes kept.
1a15948b66b1ae254fb3a11230b1e5162f6dd094,2024-03-13,"(Fortran Flang) Implemented StarSize, Complex and DoubleComplex",src/backend/unparser/FortranCodeGeneration/unparseFortran_expressions.C src/backend/unparser/FortranCodeGeneration/unparseFortran_types.C src/frontend/Experimental_Flang_ROSE_Connection/BuildExprVisitor.h src/frontend/Experimental_Flang_ROSE_Connection/BuildVisitor.h src/frontend/Experimental_Flang_ROSE_Connection/sage-build.C src/frontend/Experimental_Flang_ROSE_Connection/sage-build.h,pick,Fortran Flang: TypeParamValue/CharLength + Complex/DoubleComplex + Character selector handling; unparser tweaks
2de20c6e109fda05c5971ef6cde3b83168e16210,2024-03-13,(Release) Incremented version to 0.11.145.47,ROSE_VERSION config/SCM_DATE configure.ac src/frontend/CxxFrontend/EDG_VERSION,pick-partial,ROSE_VERSION bump to 0.11.145.47; skipped config/SCM_DATE; configure.ac; EDG_VERSION
6f733882868d0e4e936427fc4002b794c04e098c,2024-03-13,(Ada) inject alias symbols into derived records,src/frontend/SageIII/astHiddenTypeAndDeclarationLists/newHiddenList.h src/frontend/SageIII/astPostProcessing/fixupCxxSymbolTablesToSupportAliasingSymbols.C,drop,Ada alias symbol injection changes (Ada dropped in REX)
950d91651b3d6ece3ac376aba49a9b52f7d97d39,2024-03-13,(Ada) Lookup discriminants by name if not found,src/frontend/Experimental_Ada_ROSE_Connection/AdaExpression.C src/frontend/Experimental_Ada_ROSE_Connection/AdaStatement.C src/frontend/Experimental_Ada_ROSE_Connection/Ada_to_ROSE.C src/frontend/Experimental_Ada_ROSE_Connection/ada_support.C src/frontend/SageIII/astPostProcessing/fixupCxxSymbolTablesToSupportAliasingSymbols.C src/frontend/SageIII/sageInterface/sageInterfaceAda.C,drop,Ada discriminant lookup updates (Ada dropped in REX)
e560637ba85fe534cd0ae1f238d7b623c0f3e0f2,2024-03-13,(Ada) support compilation pragmas,src/frontend/Experimental_Ada_ROSE_Connection/AdaStatement.C src/frontend/Experimental_Ada_ROSE_Connection/AdaStatement.h src/frontend/Experimental_Ada_ROSE_Connection/Ada_to_ROSE.C src/frontend/Experimental_Ada_ROSE_Connection/Ada_to_ROSE.h,drop,Ada compilation pragma support (Ada dropped in REX)
a7d8daa112ef63a1352f35d11e98192e85195467,2024-03-13,(Ada) Enable testing if a formal type is scalar,src/backend/unparser/AdaCodeGeneration/unparseAda_types.C src/frontend/Experimental_Ada_ROSE_Connection/AdaExpression.C src/frontend/Experimental_Ada_ROSE_Connection/AdaMaker.C src/frontend/Experimental_Ada_ROSE_Connection/AdaStatement.C src/frontend/Experimental_Ada_ROSE_Connection/Ada_to_ROSE.C src/frontend/Experimental_Ada_ROSE_Connection/Ada_to_ROSE.h src/frontend/SageIII/sageInterface/sageGeneric.h src/frontend/SageIII/sageInterface/sageInterfaceAda.C,drop,Ada formal type scalar + unparse tweaks (Ada dropped in REX)
0ddbe04560475cfd94ff560c51f99ed5b32f2715,2024-03-14,(SageInteface) ast text print: fix a pos bug,src/frontend/SageIII/sageInterface/sageInterface.C,pick,Fix comment relative position output for preprocessing info
e63c3c302c43b5018bd8c978ee1aacc15f23a770,2024-03-14,(make install-tools) install CodeThorn,tools/Makefile.am,drop,CodeThorn install via Makefile.am (CodeThorn + autotools dropped)
9e60bea0b0df2e0ebff245806fd34c89f40e0150,2024-03-14,(SageInterface) fix tabs,src/frontend/SageIII/sageInterface/sageInterface.C,pick,Fix accidental tab spacing in sageInterface serialize output
6387eca09d11894959d93932fbff30de3d260fbd,2024-03-14,(Release) Incremented version to 0.11.145.48,ROSE_VERSION config/SCM_DATE configure.ac src/frontend/CxxFrontend/EDG_VERSION,pick-partial,ROSE_VERSION bump to 0.11.145.48; skipped config/SCM_DATE; configure.ac; EDG_VERSION
206ff8349408f655cee2e654b52477f47c90731a,2024-03-15,(ROSE) Fixes for unit-test support.,src/backend/unparser/CxxCodeGeneration/unparseCxx_types.C src/backend/unparser/nameQualificationSupport.C src/frontend/SageIII/sageInterface/sageInterface.C src/frontend/SageIII/sage_support/cmdline.C src/frontend/SageIII/sage_support/sage_support.C src/roseSupport/utility_functions.C,pick-partial,Unit-test support: getPreviousStatement overhaul; Reverted changes in src/frontend/SageIII/sage_support/sage_support.C to remove drop-list reintroductions; kept -std stripping but removed UPC/upcxx options and Java classpath handling per drop list; removed binaryAnalysis warning comment in fixupFunctionDefaultArguments.C
a327ae692d544c4d7552c4e67118d80c5a300918,2024-03-16,(Release) Incremented version to 0.11.145.49,ROSE_VERSION config/SCM_DATE configure.ac src/frontend/CxxFrontend/EDG_VERSION,pick-partial,ROSE_VERSION bump to 0.11.145.49; skipped config/SCM_DATE; configure.ac; EDG_VERSION
15393fa457065a770a6c2dc141586d484e743fe7,2024-03-18,(Jovial) Fix DEF LABEL,src/frontend/Experimental_Jovial_ROSE_Connection/ATermToSageJovialTraversal.C src/frontend/SageIII/sage_support/sage_support.C,drop,Jovial DEF label handling (Jovial dropped in REX)
ec244f5009f1b38ae6fccecb3ebe3997134883c9,2024-03-19,(Analysis) Fix side effect analysis in treating function definitions.,src/midend/astUtil/astSupport/StmtInfoCollect.C,pick,Fix side-effect analysis for function definitions/parameter initializers
1d0c2781e5b208802bdd6dc86b85faebb662a0f4,2024-03-19,(Release) Incremented version to 0.11.145.50,ROSE_VERSION config/SCM_DATE configure.ac src/frontend/CxxFrontend/EDG_VERSION,pick-partial,ROSE_VERSION bump to 0.11.145.50; skipped config/SCM_DATE; configure.ac; EDG_VERSION
b6863ef6074659de1bd38dd2691fb02df63f95a7,2024-03-19,(Jovial) Implement builtin variable BITSINBYTE,src/frontend/Experimental_Jovial_ROSE_Connection/ATermToSageJovialTraversal.C,drop,Jovial BITSINBYTE builtin (Jovial dropped in REX)
a8372058e02af144ce622340b90b11f2133f1160,2024-03-21,(CMake) Fix error when enabling example translators,exampleTranslators/CMakeLists.txt,pick,CMake: fix example translators subdir ordering
a23e79edaa536d8da137456c38f4595a0761866e,2024-03-21,(AstHandling) Fix seg-fault in astSupport/AstInterface.,src/midend/astUtil/astInterface/AstInterface.C,drop,Reverted changes in src/midend/astUtil/astInterface/AstInterface.C to remove drop-list reintroductions; no changes kept.
01db0fac567eb89d063ded1e55bed72b6b4bf723,2024-03-21,(Jovial) Implement builtin variable LOCSINWORD,src/frontend/Experimental_Jovial_ROSE_Connection/ATermToSageJovialTraversal.C,drop,Jovial LOCSINWORD builtin (Jovial dropped in REX)
4569efc75569a468cb566957ab38809595a07a44,2024-03-21,(Release) Incremented version to 0.11.145.51,ROSE_VERSION config/SCM_DATE configure.ac src/frontend/CxxFrontend/EDG_VERSION,pick-partial,ROSE_VERSION bump to 0.11.145.51; skipped config/SCM_DATE; configure.ac; EDG_VERSION
01c7d31ffb6c5981ace0da9b2452d43be5da7684,2024-03-21,(Fortran Flang) Implemented ContinueStmt and FailImageStmt,src/frontend/Experimental_Flang_ROSE_Connection/BuildExprVisitor.h src/frontend/Experimental_Flang_ROSE_Connection/BuildVisitor.h src/frontend/Experimental_Flang_ROSE_Connection/sage-build.C src/frontend/Experimental_Flang_ROSE_Connection/sage-build.h src/frontend/Experimental_Flang_ROSE_Connection/unparse-sage.cpp src/frontend/Experimental_General_Language_Support/SageTreeBuilder.C src/frontend/Experimental_General_Language_Support/SageTreeBuilder.h,pick,Flang: Continue/FailImage/DoConstruct handling + label support + logical literal updates; Reverted changes in src/frontend/Experimental_General_Language_Support/SageTreeBuilder.C; src/frontend/Experimental_General_Language_Support/SageTreeBuilder.h to remove drop-list reintroductions.
46f2f40746e91239d728c4f7ee734b42d6071594,2024-03-22,(total order headers) ignore unrecognized json files and send warnings,utilities/totalOrderOfHeaders/totalOrderGeneration.cpp,drop,totalOrderOfHeaders utility not present in REX
f9a8d070ceed8926f7b853ed4beeb355be37d42c,2024-03-22,(total order header) better handling of empty paths,utilities/totalOrderOfHeaders/json/sample4.json utilities/totalOrderOfHeaders/totalOrderGeneration.cpp,drop,totalOrderOfHeaders utility not present in REX
0e4c18d6474acc27e28066d98220a0a3f01a8c92,2024-03-22,(Release) Incremented version to 0.11.145.52,ROSE_VERSION config/SCM_DATE configure.ac src/frontend/CxxFrontend/EDG_VERSION,pick-partial,ROSE_VERSION bump to 0.11.145.52; skipped config/SCM_DATE; configure.ac; EDG_VERSION
6fabf770dbc1346e67e6598b46726edb4afd2549,2024-03-22,(Ada) recognize volatile as declarative pragma,src/frontend/Experimental_Ada_ROSE_Connection/AdaMaker.h src/frontend/Experimental_Ada_ROSE_Connection/AdaStatement.C src/frontend/SageIII/sageInterface/sageInterfaceAda.C src/frontend/SageIII/sageInterface/sageInterfaceAda.h,drop,Ada pragma/semantic APIs (Ada dropped in REX)
b237cbdb202e8fad333c46e4aa12a7fa8b92deb3,2024-03-23,(AstDiff) Add finer-grained tracking of differences when comparing two ASTs.,src/midend/astUtil/AstUtilInterface.C src/midend/astUtil/astInterface/AstInterface.C src/midend/astUtil/astInterface/AstInterface.h src/midend/astUtil/astInterface/AstInterface_ROSE.h,pick,AstDiff: finer-grained AstIdentical + static_assert/typedef signatures; Reverted changes in src/midend/astUtil/astInterface/AstInterface.C; src/midend/astUtil/astInterface/AstInterface.h to remove drop-list reintroductions.
74861967d94219ae48217801ca2d30fa6349a6a6,2024-03-23,(Engineering) Removed DEAD CODE,src/backend/unparser/CxxCodeGeneration/unparseCxx_expressions.C,drop,Reverted changes in src/backend/unparser/CxxCodeGeneration/unparseCxx_expressions.C to remove drop-list reintroductions; no changes kept.
a90d9856c3b07622264d8ed9c0f65dd2bec7f1fc,2024-03-23,(Release) Incremented version to 0.11.145.53,ROSE_VERSION config/SCM_DATE configure.ac src/frontend/CxxFrontend/EDG_VERSION,pick-partial,ROSE_VERSION bump to 0.11.145.53; skipped config/SCM_DATE; configure.ac; EDG_VERSION
2b6c10b34d2519938640633a725b28f86513fcb4,2024-03-24,(Engineering) DEAD CODE removal,src/backend/unparser/CxxCodeGeneration/unparseCxx_expressions.C src/backend/unparser/unparser.C src/frontend/SageIII/sageInterface/sageBuilder.C,drop,Reverted changes in src/backend/unparser/CxxCodeGeneration/unparseCxx_expressions.C; src/backend/unparser/unparser.C; src/frontend/SageIII/sageInterface/sageBuilder.C to remove drop-list reintroductions; no changes kept.
f7f85d9172ce70e5132e1ad1ff6d1e8ef7632279,2024-03-25,(Release) Incremented version to 0.11.145.54,ROSE_VERSION config/SCM_DATE configure.ac src/frontend/CxxFrontend/EDG_VERSION,pick-partial,ROSE_VERSION bump to 0.11.145.54; skipped config/SCM_DATE; configure.ac; EDG_VERSION
64083db80dae02ea0df44de66023627c68e45f9b,2024-03-26,(Jovial) Labels Point to Nothing,src/frontend/Experimental_General_Language_Support/SageTreeBuilder.C src/frontend/Experimental_General_Language_Support/SageTreeBuilder.h src/frontend/Experimental_Jovial_ROSE_Connection/ATermToSageJovialTraversal.C,drop,Jovial label handling (Jovial dropped in REX)
5a445fcaa686e4cedb534874f42f81e2fc69ad1e,2024-03-27,(Release) Incremented version to 0.11.145.55,ROSE_VERSION config/SCM_DATE configure.ac src/frontend/CxxFrontend/EDG_VERSION,pick-partial,ROSE_VERSION bump to 0.11.145.55; skipped config/SCM_DATE; configure.ac; EDG_VERSION
07f868ff840191b59af3889202278aa448be17b9,2024-03-27,(Jovial) Labels Point to Nothing,src/frontend/Experimental_General_Language_Support/SageTreeBuilder.C src/frontend/Experimental_General_Language_Support/SageTreeBuilder.h src/frontend/Experimental_Jovial_ROSE_Connection/ATermToSageJovialTraversal.C src/frontend/Experimental_Jovial_ROSE_Connection/ATermToSageJovialTraversal.h,drop,Jovial label handling (Jovial dropped in REX)
1c5850b80528569f4558be3199a68bfcf1633e24,2024-03-28,(Release) Incremented version to 0.11.145.56,ROSE_VERSION config/SCM_DATE configure.ac src/frontend/CxxFrontend/EDG_VERSION,pick-partial,ROSE_VERSION bump to 0.11.145.56; skipped config/SCM_DATE; configure.ac; EDG_VERSION
4eca3279c14905b1b046ed5207b322877e0094b0,2024-03-31,(SageInterface and unparser) moveCommentsToNewStatement() handles SgGlobal and inside position,src/backend/unparser/languageIndependenceSupport/unparseLanguageIndependentConstructs.C src/frontend/SageIII/sageInterface/sageInterface.C,pick,Handle SgGlobal inside comments in moveCommentsToNewStatement + unparser; Reverted changes in src/backend/unparser/languageIndependenceSupport/unparseLanguageIndependentConstructs.C to remove drop-list reintroductions.
4f7e277d87f8d5506ea32b5187e35f708e8b7b34,2024-03-31,(SageInterface) fix tabs,src/backend/unparser/languageIndependenceSupport/unparseLanguageIndependentConstructs.C src/frontend/SageIII/sageInterface/sageInterface.C,pick,Tabs to spaces in SgGlobal comment handling (already aligned); Reverted changes in src/backend/unparser/languageIndependenceSupport/unparseLanguageIndependentConstructs.C to remove drop-list reintroductions.
c1ab90099467655ca35c51f4fed344ff2dc387bf,2024-03-31,"(Policy) ""hexdump"" is a valid user-visible symbol",scripts/policies/RoseNamespace.pl,drop,Reverted changes in scripts/policies/RoseNamespace.pl to remove drop-list reintroductions; removed BinaryAnalysis example.
86e4d5208ffb11f9aaad36043d905df40cbd3ed3,2024-03-31,(Policy) Commit message issue links can use Gitlab format,scripts/good-commits.pl,pick,"Allow ""Issue #NN"" style in good-commits policy"
98047395d05f871297ee0b57952ab22cf76398c0,2024-03-31,(Sawyer) Update to latest version,src/Sawyer/BitFlags.h,drop,Sawyer update (Sawyer dropped in REX)
f833282169997b6a875e725a4bc1ec3cf21ade7f,2024-03-31,(CIL) Restored removed decl for CIL typedef member function,src/AstNodes/BinaryAnalysis/SgAsmCilTypeDef.h,drop,BinaryAnalysis CIL header (BinaryAnalysis dropped in REX)
809b720ec8aa0d732694ecdd440ce8145eaf3265,2024-03-31,(CIL) Fix missing documentation cross references,src/AstNodes/BinaryAnalysis/SgAsmCilDataStream.h src/AstNodes/BinaryAnalysis/SgAsmCilMetadataHeap.h src/AstNodes/BinaryAnalysis/SgAsmCilMetadataRoot.h,drop,BinaryAnalysis CIL docs (BinaryAnalysis dropped in REX)
9b12d0b586adfb42207b61004314818c4e403acc,2024-03-31,(Engineering) Fix compiler warnings,src/Rose/BinaryAnalysis/Dwarf/Dwarf.C src/Sawyer/IntervalSet.h src/Sawyer/Optional.h,drop,BinaryAnalysis/Sawyer warnings fix (both dropped in REX)
e7129ea2d45d047b6dacf8035a295c031db11707,2024-03-31,(CIL) Regenerated Rosebud outputs / ROSETTA inputs,src/ROSETTA/src/binaryInstruction.C,drop,BinaryAnalysis ROSETTA regeneration (BinaryAnalysis dropped in REX)
734b209ce77d6c3b3380c0ff88825380d3a35f9e,2024-03-31,"(AST) Traversal that doesn't require 600,000 lines of headers",src/Makefile.am src/Rose/AST.h src/Rose/AST/CMakeLists.txt src/Rose/AST/Traversal.C src/Rose/AST/Traversal.h src/Rose/AST/Tupfile src/Rose/Makefile.am,drop,Rose/AST subtree dropped in REX
c56fb8eced3e0fc18c49ec7bb8a3e86720af09d1,2024-03-31,(Jovial) REF LABEL,src/frontend/Experimental_Jovial_ROSE_Connection/ATermToSageJovialTraversal.C,drop,Jovial REF label handling (Jovial dropped in REX)
1233c0e9d23df6808b175614a2fe2d166e82c2a0,2024-03-31,(Jovial) REF LABEL,src/frontend/Experimental_Jovial_ROSE_Connection/ATermToSageJovialTraversal.C src/frontend/Experimental_Jovial_ROSE_Connection/ATermToSageJovialTraversal.h,drop,Jovial REF label handling (Jovial dropped in REX)
57209d020b63508fcd518feda34f297cecebd263,2024-03-31,(Faster compiling) Phase 0: Removed unused small header support,CMakeLists.txt config/automake_conditional_display_makefile config/support-rose.m4 src/CMakeLists.txt src/ROSETTA/src/CMakeLists.txt src/ROSETTA/src/Makefile.am src/ROSETTA/src/grammar.C src/ROSETTA/src/grammar.h src/frontend/SageIII/CMakeLists.txt src/frontend/SageIII/GENERATED_CODE_DIRECTORY_Cxx_Grammar/CMakeLists.txt src/frontend/SageIII/GENERATED_CODE_DIRECTORY_Cxx_Grammar/Makefile.am src/frontend/SageIII/Makefile.am src/frontend/SageIII/sage3basic.h,pick-partial,Removed smaller-generated-files support in CMake/ROSETTA/sage3basic; skipped autotools/Makefile.am and dropped dirs
d03ada1e460752dfd113b2f9aca2ccff55441832,2024-03-31,(Binary Analysis) New alignment class,src/Makefile.am src/Rose/BinaryAnalysis.h src/Rose/BinaryAnalysis/Alignment.C src/Rose/BinaryAnalysis/Alignment.h src/Rose/BinaryAnalysis/CMakeLists.txt src/Rose/BinaryAnalysis/Tupfile src/Rose/Makefile.am,drop,BinaryAnalysis Alignment (BinaryAnalysis dropped in REX)
416a4a2311a78ee78a2ce2f9adfc50eb852743cd,2024-03-31,(Ada) model Character types as enum,src/frontend/Experimental_Ada_ROSE_Connection/AdaExpression.C src/frontend/Experimental_Ada_ROSE_Connection/AdaStatement.C src/frontend/Experimental_Ada_ROSE_Connection/AdaType.C src/frontend/Experimental_Ada_ROSE_Connection/ada_support.C src/frontend/Experimental_Ada_ROSE_Connection/ada_support.h src/frontend/SageIII/sageInterface/sageInterfaceAda.C src/frontend/SageIII/sageInterface/sageInterfaceAda.h,drop,Ada character modeling (Ada dropped in REX)
f02049b33b795a659a0767b42e71bda6b1308c55,2024-03-31,(Testing) enabling ACATS testing in Gitlab pipeline,.gitlab-ci.yml,drop,Upstream GitLab CI ACATS enablement (not used in REX)
5e1aeee515bcaf43bacd4b86a882cb4305731072,2024-03-31,(Testing) renaming Clang FE testing,.gitlab-ci.yml,drop,Upstream GitLab CI rename (not used in REX)
382f897b78eae0114ab0fe987fd3889a91d6a8b8,2024-03-31,(Rosebud) Added `Rosebud::small_header` for ROSETTA small headers,src/Rosebud/BasicTypes.h src/Rosebud/RosettaGenerator.C src/Rosebud/RosettaGenerator.h src/Rosebud/rosebud.C,drop,Dropped Rosebud changes to avoid Sawyer (dropped component); Rosebud removed.
88b79ce13a683405ad63b187602baf9270e841ad,2024-03-31,(Windows) Turn off as many warnings as possible,CMakeLists.txt,drop,Windows/MSVC warnings (Windows dropped in REX)
3b6319665bccf1159e5e7fcdbd9f3e517853fc5c,2024-03-31,(Faster compiling) Phase 1: remove non-generated code from ROSETTA,Tuprules.tup cmake/copy_files.cmake scripts/edg-generate-sig src/AstNodes/BinaryAnalysis/SgAsmExecutableFileFormat.h src/AstNodes/BinaryAnalysis/SgAsmInstruction.h src/AstNodes/BinaryAnalysis/SgAsmInterpretation.h src/CMakeLists.txt src/Makefile.am src/ROSETTA/Grammar/Node.code src/ROSETTA/Grammar/Type.code src/ROSETTA/src/Makefile.am src/ROSETTA/src/Tupfile src/ROSETTA/src/binaryInstruction.C src/ROSETTA/src/buildAstFileIO.C src/ROSETTA/src/grammar.C src/ROSETTA/src/grammar.h src/Rose/BinaryAnalysis.h src/Rose/BinaryAnalysis/Address.h src/Rose/BinaryAnalysis/AddressInterval.h src/Rose/BinaryAnalysis/AddressSet.h src/Rose/BinaryAnalysis/Architecture/Motorola.C src/Rose/BinaryAnalysis/Architecture/X86.C src/Rose/BinaryAnalysis/BinaryLoaderElf.C src/Rose/BinaryAnalysis/CMakeLists.txt src/Rose/BinaryAnalysis/Concolic/ConcolicExecutor.C src/Rose/BinaryAnalysis/ControlFlow.h src/Rose/BinaryAnalysis/Debugger/Linux.C src/Rose/BinaryAnalysis/Disassembler/Base.C src/Rose/BinaryAnalysis/Disassembler/Base.h src/Rose/BinaryAnalysis/Hexdump.C src/Rose/BinaryAnalysis/Hexdump.h src/Rose/BinaryAnalysis/InstructionMap.h src/Rose/BinaryAnalysis/InstructionSemantics/ConcreteSemantics.C src/Rose/BinaryAnalysis/InstructionSemantics/LlvmSemantics.C src/Rose/BinaryAnalysis/MemoryMap.C src/Rose/BinaryAnalysis/Partitioner2/Modules.C src/Rose/BinaryAnalysis/RelativeVirtualAddress.h src/Rose/BinaryAnalysis/Tupfile src/Rose/BinaryAnalysis/Unparser/Base.C src/Rose/Constants.h src/Rose/Makefile.am src/backend/asmUnparser/AsmUnparser.C src/backend/asmUnparser/AsmUnparser.h src/frontend/BinaryFormats/CMakeLists.txt src/frontend/BinaryFormats/ElfDynamicLinking.C src/frontend/BinaryFormats/ElfErrorFrame.C src/frontend/BinaryFormats/ElfFileHeader.C src/frontend/BinaryFormats/ElfNote.C src/frontend/BinaryFormats/ElfRelocation.C src/frontend/BinaryFormats/ElfSection.C src/frontend/BinaryFormats/ElfSectionTable.C src/frontend/BinaryFormats/ElfSegmentTable.C src/frontend/BinaryFormats/ElfStringTable.C src/frontend/BinaryFormats/ElfSymbolTable.C src/frontend/BinaryFormats/ElfSymbolVersion.C src/frontend/BinaryFormats/ExecDOS.C src/frontend/BinaryFormats/ExecLE.C src/frontend/BinaryFormats/ExecNE.C src/frontend/BinaryFormats/ExtentMap.C src/frontend/BinaryFormats/GenericDynamicLinking.C src/frontend/BinaryFormats/GenericFormat.C src/frontend/BinaryFormats/GenericHeader.C src/frontend/BinaryFormats/GenericSection.C src/frontend/BinaryFormats/GenericString.C src/frontend/BinaryFormats/Makefile.am src/frontend/BinaryFormats/PeExport.C src/frontend/BinaryFormats/PeFileHeader.C src/frontend/BinaryFormats/PeImportDirectory.C src/frontend/BinaryFormats/PeImportItem.C src/frontend/BinaryFormats/PeImportSection.C src/frontend/BinaryFormats/PeSection.C src/frontend/BinaryFormats/PeSectionTable.C src/frontend/BinaryFormats/PeStringTable.C src/frontend/BinaryFormats/PeSymbolTable.C src/frontend/BinaryFormats/Tupfile src/frontend/Disassemblers/AssemblerX86.C src/frontend/Disassemblers/SgAsmBlock.C src/frontend/Disassemblers/SgAsmInterpretation.C src/frontend/SageIII/CMakeLists.txt src/frontend/SageIII/Makefile.am src/frontend/SageIII/rosedefs.h src/frontend/SageIII/sageInterface/CMakeLists.txt src/frontend/SageIII/sageInterface/Makefile.am src/frontend/SageIII/sageInterface/Tupfile src/frontend/SageIII/sageInterface/sageContainer.h src/frontend/SageIII/sageInterface/sageCopy.h src/frontend/SageIII/sageInterface/sageHash.h src/frontend/SageIII/sageInterface/sageInterface.h src/frontend/SageIII/sageInterface/sageMemory.h src/frontend/SageIII/sageInterface/sageRti.h src/frontend/SageIII/sageInterface/sageTraversal.h src/midend/astProcessing/AstProcessing.h src/midend/astRewriteMechanism/rewriteLowLevelInterface.C src/util/CMakeLists.txt src/util/Makefile.am src/util/ROSE_NELMTS.h src/util/Tupfile src/util/rose_extent.h tools/BinaryAnalysis/bat-lsd.C tools/BinaryAnalysis/bat-mem.C,drop,Large ROSETTA/BinaryAnalysis refactor touches dropped subtrees and non-CFE core
f07b3b4fa9280699599d5c6e998349ea5d74d80e,2024-03-31,(Engineering) DEAD CODE removal,src/backend/unparser/CxxCodeGeneration/unparseCxx_expressions.C src/util/commandlineProcessing/commandline_processing.C,pick-partial,Dead code removal in unparseCxx_expressions; commandlineProcessing subtree not present; Reverted changes in src/backend/unparser/CxxCodeGeneration/unparseCxx_expressions.C to remove drop-list reintroductions.
efc7d949e3bcd5fc25ef00dfa122b857df3ed79d,2024-03-31,(Release) Incremented version to 0.11.145.57,ROSE_VERSION config/SCM_DATE configure.ac src/frontend/CxxFrontend/EDG_VERSION,pick-partial,ROSE_VERSION bump to 0.11.145.57; skipped config/SCM_DATE; configure.ac; EDG_VERSION
04152cf31e0e39ca3f89c73ff491707a5c989f8c,2024-04-01,(Fortran Flang) Implemented label for TypeDeclarationStmt,src/frontend/Experimental_Flang_ROSE_Connection/BuildVisitor.h src/frontend/Experimental_Flang_ROSE_Connection/sage-build.C src/frontend/Experimental_General_Language_Support/SageTreeBuilder.C src/frontend/Experimental_General_Language_Support/SageTreeBuilder.h src/frontend/Experimental_Jovial_ROSE_Connection/ATermToSageJovialTraversal.C src/frontend/Experimental_Jovial_ROSE_Connection/preprocess.C,pick-partial,Flang TypeDeclarationStmt labels + SageTreeBuilder label plumbing; skipped Jovial files; Reverted changes in src/frontend/Experimental_General_Language_Support/SageTreeBuilder.C; src/frontend/Experimental_General_Language_Support/SageTreeBuilder.h to remove drop-list reintroductions.
6776fb7f536066c8a2b940fe8d799e29586fb541,2024-04-02,(Ada) improve info primitiveArgument details,src/backend/unparser/AdaCodeGeneration/unparseAda_statements.C src/frontend/SageIII/sageInterface/sageInterfaceAda.C src/frontend/SageIII/sageInterface/sageInterfaceAda.h,drop,Ada info primitiveArgument details (Ada dropped in REX)
653f87fe36af4071f41fa10cbf17b74bea68696b,2024-04-02,(Faster compiling) Phase 2: prepare for smaller generated headers,Tuprules.tup cmake/copy_files.cmake scripts/edg-generate-sig src/CMakeLists.txt src/Makefile.am src/ROSETTA/src/AstNodeClass.C src/ROSETTA/src/AstNodeClass.h src/ROSETTA/src/CxxGrammarMetaProgram.C src/ROSETTA/src/Makefile.am src/ROSETTA/src/Tupfile src/ROSETTA/src/grammar.C src/ROSETTA/src/grammar.h src/ROSETTA/src/visitorSupport.C src/RoseFirst.h src/Tupfile src/frontend/SageIII/CMakeLists.txt src/frontend/SageIII/Makefile.am src/frontend/SageIII/rosedll.h src/frontend/SageIII/sage3basic.h src/frontend/SageIII/virtualCFG/Makefile.am,drop,Large ROSETTA/header refactor (depends on dropped phase and SgAsm nodes)
c772e4f0e51660c18620d11707d2ea739e46e5b3,2024-04-02,(Faster compiling) Phase 3: fix general header dependency problems,src/AstNodes/BinaryAnalysis/SgAsmAarch64CImmediateOperand.h src/AstNodes/BinaryAnalysis/SgAsmControlFlagsExpression.h src/AstNodes/BinaryAnalysis/SgAsmDwarfConstructList.h src/AstNodes/BinaryAnalysis/SgAsmDwarfVolatileType.h src/ROSETTA/Grammar/Node.code src/ROSETTA/src/Tupfile src/ROSETTA/src/binaryInstruction.C src/ROSETTA/src/grammar.C src/ROSETTA/src/visitorSupport.C src/Rose/BinaryAnalysis/RelativeVirtualAddress.h src/Rose/Traits/describe/declarations.h src/RoseFirst.h src/frontend/SageIII/astFileIO/StorageClassMemoryManagement.h src/frontend/SageIII/rosedefs.h src/frontend/SageIII/sage3basic.h src/frontend/SageIII/sageInterface/sageContainer.h src/frontend/SageIII/sageInterface/sageGeneric.h src/frontend/SageIII/sageInterface/sageHash.h src/frontend/SageIII/sageInterface/sageInterfaceAda.C src/util/commandlineProcessing/commandline_processing.h,drop,Header refactor phase 3 depends on dropped phase 2 and BinaryAnalysis/Ada subtrees
29d26ac7acc88a4bb7f3450742a65a25489971d5,2024-04-02,(Faster compiling) Phase 4: generate empty declaration headers,Tuprules.tup cmake/copy_files.cmake scripts/edg-generate-sig src/AstNodes/BinaryAnalysis/SgAsmCoffSymbolList.h src/AstNodes/BinaryAnalysis/SgAsmExecutableFileFormat.h src/CMakeLists.txt src/ROSETTA/src/CMakeLists.txt src/ROSETTA/src/Makefile.am src/ROSETTA/src/Tupfile src/ROSETTA/src/binaryInstruction.C src/frontend/SageIII/CMakeLists.txt src/frontend/SageIII/Makefile.am,drop,Phase 4 empty headers (SgAsm/Windows; depends on dropped phases)
306ef4763d11eb9c34b747061c75f3b1250372d0,2024-04-02,(Faster compiling) Phase 5: fix generated header dependencies,src/AstNodes/BinaryAnalysis/SgAsmBlock.h src/AstNodes/BinaryAnalysis/SgAsmCilMetadataHeap.h src/AstNodes/BinaryAnalysis/SgAsmCliHeader.h src/AstNodes/BinaryAnalysis/SgAsmCoffSymbol.h src/AstNodes/BinaryAnalysis/SgAsmCoffSymbolTable.h src/AstNodes/BinaryAnalysis/SgAsmDwarfArrayType.h src/AstNodes/BinaryAnalysis/SgAsmDwarfClassType.h src/AstNodes/BinaryAnalysis/SgAsmDwarfCommonBlock.h src/AstNodes/BinaryAnalysis/SgAsmDwarfCompilationUnit.h src/AstNodes/BinaryAnalysis/SgAsmDwarfCompilationUnitList.h src/AstNodes/BinaryAnalysis/SgAsmDwarfConstructList.h src/AstNodes/BinaryAnalysis/SgAsmDwarfEnumerationType.h src/AstNodes/BinaryAnalysis/SgAsmDwarfInlinedSubroutine.h src/AstNodes/BinaryAnalysis/SgAsmDwarfLexicalBlock.h src/AstNodes/BinaryAnalysis/SgAsmDwarfLine.h src/AstNodes/BinaryAnalysis/SgAsmDwarfLineList.h src/AstNodes/BinaryAnalysis/SgAsmDwarfMacroList.h src/AstNodes/BinaryAnalysis/SgAsmDwarfNamespace.h src/AstNodes/BinaryAnalysis/SgAsmDwarfStructureType.h src/AstNodes/BinaryAnalysis/SgAsmDwarfSubprogram.h src/AstNodes/BinaryAnalysis/SgAsmDwarfSubroutineType.h src/AstNodes/BinaryAnalysis/SgAsmDwarfUnionType.h src/AstNodes/BinaryAnalysis/SgAsmElfDynamicEntry.h src/AstNodes/BinaryAnalysis/SgAsmElfDynamicEntryList.h src/AstNodes/BinaryAnalysis/SgAsmElfDynamicSection.h src/AstNodes/BinaryAnalysis/SgAsmElfEHFrameEntryCI.h src/AstNodes/BinaryAnalysis/SgAsmElfEHFrameEntryCIList.h src/AstNodes/BinaryAnalysis/SgAsmElfEHFrameEntryFD.h src/AstNodes/BinaryAnalysis/SgAsmElfEHFrameEntryFDList.h src/AstNodes/BinaryAnalysis/SgAsmElfEHFrameSection.h src/AstNodes/BinaryAnalysis/SgAsmElfNoteEntry.h src/AstNodes/BinaryAnalysis/SgAsmElfNoteEntryList.h src/AstNodes/BinaryAnalysis/SgAsmElfNoteSection.h src/AstNodes/BinaryAnalysis/SgAsmElfRelocEntry.h src/AstNodes/BinaryAnalysis/SgAsmElfRelocEntryList.h src/AstNodes/BinaryAnalysis/SgAsmElfRelocSection.h src/AstNodes/BinaryAnalysis/SgAsmElfSection.h src/AstNodes/BinaryAnalysis/SgAsmElfSectionTableEntry.h src/AstNodes/BinaryAnalysis/SgAsmElfSegmentTableEntry.h src/AstNodes/BinaryAnalysis/SgAsmElfSegmentTableEntryList.h src/AstNodes/BinaryAnalysis/SgAsmElfSymbol.h src/AstNodes/BinaryAnalysis/SgAsmElfSymbolList.h src/AstNodes/BinaryAnalysis/SgAsmElfSymbolSection.h src/AstNodes/BinaryAnalysis/SgAsmElfSymverDefinedAux.h src/AstNodes/BinaryAnalysis/SgAsmElfSymverDefinedAuxList.h src/AstNodes/BinaryAnalysis/SgAsmElfSymverDefinedEntry.h src/AstNodes/BinaryAnalysis/SgAsmElfSymverDefinedEntryList.h src/AstNodes/BinaryAnalysis/SgAsmElfSymverDefinedSection.h src/AstNodes/BinaryAnalysis/SgAsmElfSymverEntryList.h src/AstNodes/BinaryAnalysis/SgAsmElfSymverNeededAux.h src/AstNodes/BinaryAnalysis/SgAsmElfSymverNeededAuxList.h src/AstNodes/BinaryAnalysis/SgAsmElfSymverNeededEntry.h src/AstNodes/BinaryAnalysis/SgAsmElfSymverNeededEntryList.h src/AstNodes/BinaryAnalysis/SgAsmElfSymverNeededSection.h src/AstNodes/BinaryAnalysis/SgAsmElfSymverSection.h src/AstNodes/BinaryAnalysis/SgAsmExprListExp.h src/AstNodes/BinaryAnalysis/SgAsmFunction.h src/AstNodes/BinaryAnalysis/SgAsmGenericDLL.h src/AstNodes/BinaryAnalysis/SgAsmGenericDLLList.h src/AstNodes/BinaryAnalysis/SgAsmGenericFile.h src/AstNodes/BinaryAnalysis/SgAsmGenericFileList.h src/AstNodes/BinaryAnalysis/SgAsmGenericHeader.h src/AstNodes/BinaryAnalysis/SgAsmGenericHeaderList.h src/AstNodes/BinaryAnalysis/SgAsmGenericSection.h src/AstNodes/BinaryAnalysis/SgAsmGenericSectionList.h src/AstNodes/BinaryAnalysis/SgAsmGenericSymbolList.h src/AstNodes/BinaryAnalysis/SgAsmInstruction.h src/AstNodes/BinaryAnalysis/SgAsmInstructionList.h src/AstNodes/BinaryAnalysis/SgAsmInterpretation.h src/AstNodes/BinaryAnalysis/SgAsmInterpretationList.h src/AstNodes/BinaryAnalysis/SgAsmJvmBootstrapMethod.h src/AstNodes/BinaryAnalysis/SgAsmJvmBootstrapMethods.h src/AstNodes/BinaryAnalysis/SgAsmJvmExceptionTable.h src/AstNodes/BinaryAnalysis/SgAsmJvmExceptions.h src/AstNodes/BinaryAnalysis/SgAsmJvmField.h src/AstNodes/BinaryAnalysis/SgAsmJvmInnerClasses.h src/AstNodes/BinaryAnalysis/SgAsmJvmLineNumberTable.h src/AstNodes/BinaryAnalysis/SgAsmJvmLocalVariableTable.h src/AstNodes/BinaryAnalysis/SgAsmJvmLocalVariableTypeTable.h src/AstNodes/BinaryAnalysis/SgAsmJvmMethod.h src/AstNodes/BinaryAnalysis/SgAsmJvmMethodParameters.h src/AstNodes/BinaryAnalysis/SgAsmJvmNestMembers.h src/AstNodes/BinaryAnalysis/SgAsmJvmStackMapFrame.h src/AstNodes/BinaryAnalysis/SgAsmJvmStackMapTable.h src/AstNodes/BinaryAnalysis/SgAsmLEEntryPoint.h src/AstNodes/BinaryAnalysis/SgAsmLEFileHeader.h src/AstNodes/BinaryAnalysis/SgAsmLESection.h src/AstNodes/BinaryAnalysis/SgAsmNEFileHeader.h src/AstNodes/BinaryAnalysis/SgAsmNEModuleTable.h src/AstNodes/BinaryAnalysis/SgAsmNESection.h src/AstNodes/BinaryAnalysis/SgAsmOperandList.h src/AstNodes/BinaryAnalysis/SgAsmPEExportDirectory.h src/AstNodes/BinaryAnalysis/SgAsmPEExportEntry.h src/AstNodes/BinaryAnalysis/SgAsmPEExportEntryList.h src/AstNodes/BinaryAnalysis/SgAsmPEExportSection.h src/AstNodes/BinaryAnalysis/SgAsmPEFileHeader.h src/AstNodes/BinaryAnalysis/SgAsmPEImportDirectory.h src/AstNodes/BinaryAnalysis/SgAsmPEImportDirectoryList.h src/AstNodes/BinaryAnalysis/SgAsmPEImportItem.h src/AstNodes/BinaryAnalysis/SgAsmPEImportItemList.h src/AstNodes/BinaryAnalysis/SgAsmPEImportSection.h src/AstNodes/BinaryAnalysis/SgAsmPERVASizePairList.h src/AstNodes/BinaryAnalysis/SgAsmPESection.h src/AstNodes/BinaryAnalysis/SgAsmRegisterNames.h src/AstNodes/BinaryAnalysis/SgAsmRiscOperation.h src/AstNodes/BinaryAnalysis/SgAsmStaticData.h src/AstNodes/BinaryAnalysis/SgAsmSynthesizedDataStructureDeclaration.h src/ROSETTA/src/grammar.C src/Rose/BinaryAnalysis/MemoryMap.h src/RoseFirst.h src/Rosebud/RosettaGenerator.C src/Rosebud/SawyerGenerator.C src/frontend/BinaryFormats/StatSerializer.h src/frontend/Disassemblers/CMakeLists.txt src/frontend/Disassemblers/Makefile.am src/frontend/Disassemblers/SgAsmGenericHeader.C src/frontend/Disassemblers/Tupfile src/frontend/SageIII/sage3basic.h src/frontend/SageIII/sage_support/sage_support.h,drop,Phase 5 generated header deps (BinaryAnalysis/SgAsm; depends on dropped phases)
a5998cc160de4c15ae774a3c4553bb9738747fec,2024-04-02,(Faster compiling) Phase 5: regenerated Rosebud output / ROSETTA input,src/ROSETTA/src/binaryInstruction.C src/generated/BinaryAnalysis/SgAsmAarch32Coprocessor.C src/generated/BinaryAnalysis/SgAsmAarch32Instruction.C src/generated/BinaryAnalysis/SgAsmAarch64AtOperand.C src/generated/BinaryAnalysis/SgAsmAarch64BarrierOperand.C src/generated/BinaryAnalysis/SgAsmAarch64CImmediateOperand.C src/generated/BinaryAnalysis/SgAsmAarch64Instruction.C src/generated/BinaryAnalysis/SgAsmAarch64PrefetchOperand.C src/generated/BinaryAnalysis/SgAsmAarch64SysMoveOperand.C src/generated/BinaryAnalysis/SgAsmBasicString.C src/generated/BinaryAnalysis/SgAsmBinaryAdd.C src/generated/BinaryAnalysis/SgAsmBinaryAsr.C src/generated/BinaryAnalysis/SgAsmBinaryConcat.C src/generated/BinaryAnalysis/SgAsmBinaryDivide.C src/generated/BinaryAnalysis/SgAsmBinaryExpression.C src/generated/BinaryAnalysis/SgAsmBinaryLsl.C src/generated/BinaryAnalysis/SgAsmBinaryLsr.C src/generated/BinaryAnalysis/SgAsmBinaryMod.C src/generated/BinaryAnalysis/SgAsmBinaryMsl.C src/generated/BinaryAnalysis/SgAsmBinaryMultiply.C src/generated/BinaryAnalysis/SgAsmBinaryPostupdate.C src/generated/BinaryAnalysis/SgAsmBinaryPreupdate.C src/generated/BinaryAnalysis/SgAsmBinaryRor.C src/generated/BinaryAnalysis/SgAsmBinarySubtract.C src/generated/BinaryAnalysis/SgAsmBlock.C src/generated/BinaryAnalysis/SgAsmByteOrder.C src/generated/BinaryAnalysis/SgAsmCilAssembly.C src/generated/BinaryAnalysis/SgAsmCilAssemblyOS.C src/generated/BinaryAnalysis/SgAsmCilAssemblyOSTable.C src/generated/BinaryAnalysis/SgAsmCilAssemblyProcessor.C src/generated/BinaryAnalysis/SgAsmCilAssemblyProcessorTable.C src/generated/BinaryAnalysis/SgAsmCilAssemblyRef.C src/generated/BinaryAnalysis/SgAsmCilAssemblyRefOS.C src/generated/BinaryAnalysis/SgAsmCilAssemblyRefOSTable.C src/generated/BinaryAnalysis/SgAsmCilAssemblyRefProcessor.C src/generated/BinaryAnalysis/SgAsmCilAssemblyRefProcessorTable.C src/generated/BinaryAnalysis/SgAsmCilAssemblyRefTable.C src/generated/BinaryAnalysis/SgAsmCilAssemblyTable.C src/generated/BinaryAnalysis/SgAsmCilClassLayout.C src/generated/BinaryAnalysis/SgAsmCilClassLayoutTable.C src/generated/BinaryAnalysis/SgAsmCilConstant.C src/generated/BinaryAnalysis/SgAsmCilConstantTable.C src/generated/BinaryAnalysis/SgAsmCilCustomAttribute.C src/generated/BinaryAnalysis/SgAsmCilCustomAttributeTable.C src/generated/BinaryAnalysis/SgAsmCilDataStream.C src/generated/BinaryAnalysis/SgAsmCilDeclSecurity.C src/generated/BinaryAnalysis/SgAsmCilDeclSecurityTable.C src/generated/BinaryAnalysis/SgAsmCilEvent.C src/generated/BinaryAnalysis/SgAsmCilEventMap.C src/generated/BinaryAnalysis/SgAsmCilEventMapTable.C src/generated/BinaryAnalysis/SgAsmCilEventTable.C src/generated/BinaryAnalysis/SgAsmCilExportedType.C src/generated/BinaryAnalysis/SgAsmCilExportedTypeTable.C src/generated/BinaryAnalysis/SgAsmCilField.C src/generated/BinaryAnalysis/SgAsmCilFieldLayout.C src/generated/BinaryAnalysis/SgAsmCilFieldLayoutTable.C src/generated/BinaryAnalysis/SgAsmCilFieldMarshal.C src/generated/BinaryAnalysis/SgAsmCilFieldMarshalTable.C src/generated/BinaryAnalysis/SgAsmCilFieldRVA.C src/generated/BinaryAnalysis/SgAsmCilFieldRVATable.C src/generated/BinaryAnalysis/SgAsmCilFieldTable.C src/generated/BinaryAnalysis/SgAsmCilFile.C src/generated/BinaryAnalysis/SgAsmCilFileTable.C src/generated/BinaryAnalysis/SgAsmCilGenericParam.C src/generated/BinaryAnalysis/SgAsmCilGenericParamConstraint.C src/generated/BinaryAnalysis/SgAsmCilGenericParamConstraintTable.C src/generated/BinaryAnalysis/SgAsmCilGenericParamTable.C src/generated/BinaryAnalysis/SgAsmCilImplMap.C src/generated/BinaryAnalysis/SgAsmCilImplMapTable.C src/generated/BinaryAnalysis/SgAsmCilInstruction.C src/generated/BinaryAnalysis/SgAsmCilInterfaceImpl.C src/generated/BinaryAnalysis/SgAsmCilInterfaceImplTable.C src/generated/BinaryAnalysis/SgAsmCilManifestResource.C src/generated/BinaryAnalysis/SgAsmCilManifestResourceTable.C src/generated/BinaryAnalysis/SgAsmCilMemberRef.C src/generated/BinaryAnalysis/SgAsmCilMemberRefTable.C src/generated/BinaryAnalysis/SgAsmCilMetadata.C src/generated/BinaryAnalysis/SgAsmCilMetadataHeap.C src/generated/BinaryAnalysis/SgAsmCilMetadataRoot.C src/generated/BinaryAnalysis/SgAsmCilMethodDef.C src/generated/BinaryAnalysis/SgAsmCilMethodDefTable.C src/generated/BinaryAnalysis/SgAsmCilMethodImpl.C src/generated/BinaryAnalysis/SgAsmCilMethodImplTable.C src/generated/BinaryAnalysis/SgAsmCilMethodSemantics.C src/generated/BinaryAnalysis/SgAsmCilMethodSemanticsTable.C src/generated/BinaryAnalysis/SgAsmCilMethodSpec.C src/generated/BinaryAnalysis/SgAsmCilMethodSpecTable.C src/generated/BinaryAnalysis/SgAsmCilModule.C src/generated/BinaryAnalysis/SgAsmCilModuleRef.C src/generated/BinaryAnalysis/SgAsmCilModuleRefTable.C src/generated/BinaryAnalysis/SgAsmCilModuleTable.C src/generated/BinaryAnalysis/SgAsmCilNestedClass.C src/generated/BinaryAnalysis/SgAsmCilNestedClassTable.C src/generated/BinaryAnalysis/SgAsmCilNode.C src/generated/BinaryAnalysis/SgAsmCilParam.C src/generated/BinaryAnalysis/SgAsmCilParamTable.C src/generated/BinaryAnalysis/SgAsmCilProperty.C src/generated/BinaryAnalysis/SgAsmCilPropertyMap.C src/generated/BinaryAnalysis/SgAsmCilPropertyMapTable.C src/generated/BinaryAnalysis/SgAsmCilPropertyTable.C src/generated/BinaryAnalysis/SgAsmCilStandAloneSig.C src/generated/BinaryAnalysis/SgAsmCilStandAloneSigTable.C src/generated/BinaryAnalysis/SgAsmCilTypeDef.C src/generated/BinaryAnalysis/SgAsmCilTypeDefTable.C src/generated/BinaryAnalysis/SgAsmCilTypeRef.C src/generated/BinaryAnalysis/SgAsmCilTypeRefTable.C src/generated/BinaryAnalysis/SgAsmCilTypeSpec.C src/generated/BinaryAnalysis/SgAsmCilTypeSpecTable.C src/generated/BinaryAnalysis/SgAsmCilUint32Heap.C src/generated/BinaryAnalysis/SgAsmCilUint8Heap.C src/generated/BinaryAnalysis/SgAsmCliHeader.C src/generated/BinaryAnalysis/SgAsmCoffStrtab.C src/generated/BinaryAnalysis/SgAsmCoffSymbol.C src/generated/BinaryAnalysis/SgAsmCoffSymbolList.C src/generated/BinaryAnalysis/SgAsmCoffSymbolTable.C src/generated/BinaryAnalysis/SgAsmCommonSubExpression.C src/generated/BinaryAnalysis/SgAsmConstantExpression.C src/generated/BinaryAnalysis/SgAsmControlFlagsExpression.C src/generated/BinaryAnalysis/SgAsmDOSExtendedHeader.C src/generated/BinaryAnalysis/SgAsmDOSFileHeader.C src/generated/BinaryAnalysis/SgAsmDirectRegisterExpression.C src/generated/BinaryAnalysis/SgAsmDwarfAccessDeclaration.C src/generated/BinaryAnalysis/SgAsmDwarfArrayType.C src/generated/BinaryAnalysis/SgAsmDwarfBaseType.C src/generated/BinaryAnalysis/SgAsmDwarfCatchBlock.C src/generated/BinaryAnalysis/SgAsmDwarfClassTemplate.C src/generated/BinaryAnalysis/SgAsmDwarfClassType.C src/generated/BinaryAnalysis/SgAsmDwarfCommonBlock.C src/generated/BinaryAnalysis/SgAsmDwarfCommonInclusion.C src/generated/BinaryAnalysis/SgAsmDwarfCompilationUnit.C src/generated/BinaryAnalysis/SgAsmDwarfCompilationUnitList.C src/generated/BinaryAnalysis/SgAsmDwarfCondition.C src/generated/BinaryAnalysis/SgAsmDwarfConstType.C src/generated/BinaryAnalysis/SgAsmDwarfConstant.C src/generated/BinaryAnalysis/SgAsmDwarfConstruct.C src/generated/BinaryAnalysis/SgAsmDwarfConstructList.C src/generated/BinaryAnalysis/SgAsmDwarfDwarfProcedure.C src/generated/BinaryAnalysis/SgAsmDwarfEntryPoint.C src/generated/BinaryAnalysis/SgAsmDwarfEnumerationType.C src/generated/BinaryAnalysis/SgAsmDwarfEnumerator.C src/generated/BinaryAnalysis/SgAsmDwarfFileType.C src/generated/BinaryAnalysis/SgAsmDwarfFormalParameter.C src/generated/BinaryAnalysis/SgAsmDwarfFormatLabel.C src/generated/BinaryAnalysis/SgAsmDwarfFriend.C src/generated/BinaryAnalysis/SgAsmDwarfFunctionTemplate.C src/generated/BinaryAnalysis/SgAsmDwarfImportedDeclaration.C src/generated/BinaryAnalysis/SgAsmDwarfImportedModule.C src/generated/BinaryAnalysis/SgAsmDwarfImportedUnit.C src/generated/BinaryAnalysis/SgAsmDwarfInformation.C src/generated/BinaryAnalysis/SgAsmDwarfInheritance.C src/generated/BinaryAnalysis/SgAsmDwarfInlinedSubroutine.C src/generated/BinaryAnalysis/SgAsmDwarfInterfaceType.C src/generated/BinaryAnalysis/SgAsmDwarfLabel.C src/generated/BinaryAnalysis/SgAsmDwarfLexicalBlock.C src/generated/BinaryAnalysis/SgAsmDwarfLine.C src/generated/BinaryAnalysis/SgAsmDwarfLineList.C src/generated/BinaryAnalysis/SgAsmDwarfMacro.C src/generated/BinaryAnalysis/SgAsmDwarfMacroList.C src/generated/BinaryAnalysis/SgAsmDwarfMember.C src/generated/BinaryAnalysis/SgAsmDwarfModule.C src/generated/BinaryAnalysis/SgAsmDwarfMutableType.C src/generated/BinaryAnalysis/SgAsmDwarfNamelist.C src/generated/BinaryAnalysis/SgAsmDwarfNamelistItem.C src/generated/BinaryAnalysis/SgAsmDwarfNamespace.C src/generated/BinaryAnalysis/SgAsmDwarfPackedType.C src/generated/BinaryAnalysis/SgAsmDwarfPartialUnit.C src/generated/BinaryAnalysis/SgAsmDwarfPointerType.C src/generated/BinaryAnalysis/SgAsmDwarfPtrToMemberType.C src/generated/BinaryAnalysis/SgAsmDwarfReferenceType.C src/generated/BinaryAnalysis/SgAsmDwarfRestrictType.C src/generated/BinaryAnalysis/SgAsmDwarfSetType.C src/generated/BinaryAnalysis/SgAsmDwarfSharedType.C src/generated/BinaryAnalysis/SgAsmDwarfStringType.C src/generated/BinaryAnalysis/SgAsmDwarfStructureType.C src/generated/BinaryAnalysis/SgAsmDwarfSubprogram.C src/generated/BinaryAnalysis/SgAsmDwarfSubrangeType.C src/generated/BinaryAnalysis/SgAsmDwarfSubroutineType.C src/generated/BinaryAnalysis/SgAsmDwarfTemplateTypeParameter.C src/generated/BinaryAnalysis/SgAsmDwarfTemplateValueParameter.C src/generated/BinaryAnalysis/SgAsmDwarfThrownType.C src/generated/BinaryAnalysis/SgAsmDwarfTryBlock.C src/generated/BinaryAnalysis/SgAsmDwarfTypedef.C src/generated/BinaryAnalysis/SgAsmDwarfUnionType.C src/generated/BinaryAnalysis/SgAsmDwarfUnknownConstruct.C src/generated/BinaryAnalysis/SgAsmDwarfUnspecifiedParameters.C src/generated/BinaryAnalysis/SgAsmDwarfUnspecifiedType.C src/generated/BinaryAnalysis/SgAsmDwarfUpcRelaxedType.C src/generated/BinaryAnalysis/SgAsmDwarfUpcSharedType.C src/generated/BinaryAnalysis/SgAsmDwarfUpcStrictType.C src/generated/BinaryAnalysis/SgAsmDwarfVariable.C src/generated/BinaryAnalysis/SgAsmDwarfVariant.C src/generated/BinaryAnalysis/SgAsmDwarfVariantPart.C src/generated/BinaryAnalysis/SgAsmDwarfVolatileType.C src/generated/BinaryAnalysis/SgAsmDwarfWithStmt.C src/generated/BinaryAnalysis/SgAsmElfDynamicEntry.C src/generated/BinaryAnalysis/SgAsmElfDynamicEntryList.C src/generated/BinaryAnalysis/SgAsmElfDynamicSection.C src/generated/BinaryAnalysis/SgAsmElfEHFrameEntryCI.C src/generated/BinaryAnalysis/SgAsmElfEHFrameEntryCIList.C src/generated/BinaryAnalysis/SgAsmElfEHFrameEntryFD.C src/generated/BinaryAnalysis/SgAsmElfEHFrameEntryFDList.C src/generated/BinaryAnalysis/SgAsmElfEHFrameSection.C src/generated/BinaryAnalysis/SgAsmElfFileHeader.C src/generated/BinaryAnalysis/SgAsmElfNoteEntry.C src/generated/BinaryAnalysis/SgAsmElfNoteEntryList.C src/generated/BinaryAnalysis/SgAsmElfNoteSection.C src/generated/BinaryAnalysis/SgAsmElfRelocEntry.C src/generated/BinaryAnalysis/SgAsmElfRelocEntryList.C src/generated/BinaryAnalysis/SgAsmElfRelocSection.C src/generated/BinaryAnalysis/SgAsmElfSection.C src/generated/BinaryAnalysis/SgAsmElfSectionTable.C src/generated/BinaryAnalysis/SgAsmElfSectionTableEntry.C src/generated/BinaryAnalysis/SgAsmElfSegmentTable.C src/generated/BinaryAnalysis/SgAsmElfSegmentTableEntry.C src/generated/BinaryAnalysis/SgAsmElfSegmentTableEntryList.C src/generated/BinaryAnalysis/SgAsmElfStringSection.C src/generated/BinaryAnalysis/SgAsmElfStrtab.C src/generated/BinaryAnalysis/SgAsmElfSymbol.C src/generated/BinaryAnalysis/SgAsmElfSymbolList.C src/generated/BinaryAnalysis/SgAsmElfSymbolSection.C src/generated/BinaryAnalysis/SgAsmElfSymverDefinedAux.C src/generated/BinaryAnalysis/SgAsmElfSymverDefinedAuxList.C src/generated/BinaryAnalysis/SgAsmElfSymverDefinedEntry.C src/generated/BinaryAnalysis/SgAsmElfSymverDefinedEntryList.C src/generated/BinaryAnalysis/SgAsmElfSymverDefinedSection.C src/generated/BinaryAnalysis/SgAsmElfSymverEntry.C src/generated/BinaryAnalysis/SgAsmElfSymverEntryList.C src/generated/BinaryAnalysis/SgAsmElfSymverNeededAux.C src/generated/BinaryAnalysis/SgAsmElfSymverNeededAuxList.C src/generated/BinaryAnalysis/SgAsmElfSymverNeededEntry.C src/generated/BinaryAnalysis/SgAsmElfSymverNeededEntryList.C src/generated/BinaryAnalysis/SgAsmElfSymverNeededSection.C src/generated/BinaryAnalysis/SgAsmElfSymverSection.C src/generated/BinaryAnalysis/SgAsmExecutableFileFormat.C src/generated/BinaryAnalysis/SgAsmExprListExp.C src/generated/BinaryAnalysis/SgAsmExpression.C src/generated/BinaryAnalysis/SgAsmFloatType.C src/generated/BinaryAnalysis/SgAsmFloatValueExpression.C src/generated/BinaryAnalysis/SgAsmFunction.C src/generated/BinaryAnalysis/SgAsmGenericDLL.C src/generated/BinaryAnalysis/SgAsmGenericDLLList.C src/generated/BinaryAnalysis/SgAsmGenericFile.C src/generated/BinaryAnalysis/SgAsmGenericFileList.C src/generated/BinaryAnalysis/SgAsmGenericFormat.C src/generated/BinaryAnalysis/SgAsmGenericHeader.C src/generated/BinaryAnalysis/SgAsmGenericHeaderList.C src/generated/BinaryAnalysis/SgAsmGenericSection.C src/generated/BinaryAnalysis/SgAsmGenericSectionList.C src/generated/BinaryAnalysis/SgAsmGenericString.C src/generated/BinaryAnalysis/SgAsmGenericStrtab.C src/generated/BinaryAnalysis/SgAsmGenericSymbol.C src/generated/BinaryAnalysis/SgAsmGenericSymbolList.C src/generated/BinaryAnalysis/SgAsmIndirectRegisterExpression.C src/generated/BinaryAnalysis/SgAsmInstruction.C src/generated/BinaryAnalysis/SgAsmInstructionList.C src/generated/BinaryAnalysis/SgAsmIntegerType.C src/generated/BinaryAnalysis/SgAsmIntegerValueExpression.C src/generated/BinaryAnalysis/SgAsmInterpretation.C src/generated/BinaryAnalysis/SgAsmInterpretationList.C src/generated/BinaryAnalysis/SgAsmJvmAttribute.C src/generated/BinaryAnalysis/SgAsmJvmAttributeTable.C src/generated/BinaryAnalysis/SgAsmJvmBootstrapMethod.C src/generated/BinaryAnalysis/SgAsmJvmBootstrapMethods.C src/generated/BinaryAnalysis/SgAsmJvmClass.C src/generated/BinaryAnalysis/SgAsmJvmCodeAttribute.C src/generated/BinaryAnalysis/SgAsmJvmConstantPool.C src/generated/BinaryAnalysis/SgAsmJvmConstantPoolEntry.C src/generated/BinaryAnalysis/SgAsmJvmConstantValue.C src/generated/BinaryAnalysis/SgAsmJvmEnclosingMethod.C src/generated/BinaryAnalysis/SgAsmJvmExceptionHandler.C src/generated/BinaryAnalysis/SgAsmJvmExceptionTable.C src/generated/BinaryAnalysis/SgAsmJvmExceptions.C src/generated/BinaryAnalysis/SgAsmJvmField.C src/generated/BinaryAnalysis/SgAsmJvmFieldTable.C src/generated/BinaryAnalysis/SgAsmJvmFileHeader.C src/generated/BinaryAnalysis/SgAsmJvmInnerClasses.C src/generated/BinaryAnalysis/SgAsmJvmInnerClassesEntry.C src/generated/BinaryAnalysis/SgAsmJvmInstruction.C src/generated/BinaryAnalysis/SgAsmJvmLineNumberEntry.C src/generated/BinaryAnalysis/SgAsmJvmLineNumberTable.C src/generated/BinaryAnalysis/SgAsmJvmLocalVariableEntry.C src/generated/BinaryAnalysis/SgAsmJvmLocalVariableTable.C src/generated/BinaryAnalysis/SgAsmJvmLocalVariableTypeEntry.C src/generated/BinaryAnalysis/SgAsmJvmLocalVariableTypeTable.C src/generated/BinaryAnalysis/SgAsmJvmMethod.C src/generated/BinaryAnalysis/SgAsmJvmMethodParameters.C src/generated/BinaryAnalysis/SgAsmJvmMethodParametersEntry.C src/generated/BinaryAnalysis/SgAsmJvmMethodTable.C src/generated/BinaryAnalysis/SgAsmJvmModuleMainClass.C src/generated/BinaryAnalysis/SgAsmJvmNestHost.C src/generated/BinaryAnalysis/SgAsmJvmNestMembers.C src/generated/BinaryAnalysis/SgAsmJvmNode.C src/generated/BinaryAnalysis/SgAsmJvmSignature.C src/generated/BinaryAnalysis/SgAsmJvmSourceFile.C src/generated/BinaryAnalysis/SgAsmJvmStackMapFrame.C src/generated/BinaryAnalysis/SgAsmJvmStackMapTable.C src/generated/BinaryAnalysis/SgAsmJvmStackMapVerificationType.C src/generated/BinaryAnalysis/SgAsmLEEntryPoint.C src/generated/BinaryAnalysis/SgAsmLEEntryTable.C src/generated/BinaryAnalysis/SgAsmLEFileHeader.C src/generated/BinaryAnalysis/SgAsmLENameTable.C src/generated/BinaryAnalysis/SgAsmLEPageTable.C src/generated/BinaryAnalysis/SgAsmLEPageTableEntry.C src/generated/BinaryAnalysis/SgAsmLERelocTable.C src/generated/BinaryAnalysis/SgAsmLESection.C src/generated/BinaryAnalysis/SgAsmLESectionTable.C src/generated/BinaryAnalysis/SgAsmLESectionTableEntry.C src/generated/BinaryAnalysis/SgAsmM68kInstruction.C src/generated/BinaryAnalysis/SgAsmMemoryReferenceExpression.C src/generated/BinaryAnalysis/SgAsmMipsInstruction.C src/generated/BinaryAnalysis/SgAsmNEEntryPoint.C src/generated/BinaryAnalysis/SgAsmNEEntryTable.C src/generated/BinaryAnalysis/SgAsmNEFileHeader.C src/generated/BinaryAnalysis/SgAsmNEModuleTable.C src/generated/BinaryAnalysis/SgAsmNENameTable.C src/generated/BinaryAnalysis/SgAsmNERelocEntry.C src/generated/BinaryAnalysis/SgAsmNERelocTable.C src/generated/BinaryAnalysis/SgAsmNESection.C src/generated/BinaryAnalysis/SgAsmNESectionTable.C src/generated/BinaryAnalysis/SgAsmNESectionTableEntry.C src/generated/BinaryAnalysis/SgAsmNEStringTable.C src/generated/BinaryAnalysis/SgAsmNode.C src/generated/BinaryAnalysis/SgAsmNullInstruction.C src/generated/BinaryAnalysis/SgAsmOperandList.C src/generated/BinaryAnalysis/SgAsmPEExportDirectory.C src/generated/BinaryAnalysis/SgAsmPEExportEntry.C src/generated/BinaryAnalysis/SgAsmPEExportEntryList.C src/generated/BinaryAnalysis/SgAsmPEExportSection.C src/generated/BinaryAnalysis/SgAsmPEFileHeader.C src/generated/BinaryAnalysis/SgAsmPEImportDirectory.C src/generated/BinaryAnalysis/SgAsmPEImportDirectoryList.C src/generated/BinaryAnalysis/SgAsmPEImportItem.C src/generated/BinaryAnalysis/SgAsmPEImportItemList.C src/generated/BinaryAnalysis/SgAsmPEImportSection.C src/generated/BinaryAnalysis/SgAsmPERVASizePair.C src/generated/BinaryAnalysis/SgAsmPERVASizePairList.C src/generated/BinaryAnalysis/SgAsmPESection.C src/generated/BinaryAnalysis/SgAsmPESectionTable.C src/generated/BinaryAnalysis/SgAsmPESectionTableEntry.C src/generated/BinaryAnalysis/SgAsmPEStringSection.C src/generated/BinaryAnalysis/SgAsmPowerpcInstruction.C src/generated/BinaryAnalysis/SgAsmRegisterNames.C src/generated/BinaryAnalysis/SgAsmRegisterReferenceExpression.C src/generated/BinaryAnalysis/SgAsmRiscOperation.C src/generated/BinaryAnalysis/SgAsmScalarType.C src/generated/BinaryAnalysis/SgAsmStackExpression.C src/generated/BinaryAnalysis/SgAsmStatement.C src/generated/BinaryAnalysis/SgAsmStaticData.C src/generated/BinaryAnalysis/SgAsmStoredString.C src/generated/BinaryAnalysis/SgAsmStringStorage.C src/generated/BinaryAnalysis/SgAsmSynthesizedDataStructureDeclaration.C src/generated/BinaryAnalysis/SgAsmSynthesizedDeclaration.C src/generated/BinaryAnalysis/SgAsmSynthesizedFieldDeclaration.C src/generated/BinaryAnalysis/SgAsmType.C src/generated/BinaryAnalysis/SgAsmUnaryExpression.C src/generated/BinaryAnalysis/SgAsmUnaryMinus.C src/generated/BinaryAnalysis/SgAsmUnaryPlus.C src/generated/BinaryAnalysis/SgAsmUnaryRrx.C src/generated/BinaryAnalysis/SgAsmUnarySignedExtend.C src/generated/BinaryAnalysis/SgAsmUnaryTruncate.C src/generated/BinaryAnalysis/SgAsmUnaryUnsignedExtend.C src/generated/BinaryAnalysis/SgAsmUserInstruction.C src/generated/BinaryAnalysis/SgAsmValueExpression.C src/generated/BinaryAnalysis/SgAsmVectorType.C src/generated/BinaryAnalysis/SgAsmX86Instruction.C src/generated/Jovial/SgJovialBitVal.C src/generated/Rose/Sarif/Analysis.C src/generated/Rose/Sarif/Analysis.h src/generated/Rose/Sarif/Artifact.C src/generated/Rose/Sarif/Artifact.h src/generated/Rose/Sarif/CodeFlow.C src/generated/Rose/Sarif/CodeFlow.h src/generated/Rose/Sarif/Location.C src/generated/Rose/Sarif/Location.h src/generated/Rose/Sarif/Log.C src/generated/Rose/Sarif/Log.h src/generated/Rose/Sarif/Node.C src/generated/Rose/Sarif/Node.h src/generated/Rose/Sarif/Result.C src/generated/Rose/Sarif/Result.h src/generated/Rose/Sarif/Rule.C src/generated/Rose/Sarif/Rule.h src/generated/Rose/Sarif/ThreadFlow.C src/generated/Rose/Sarif/ThreadFlow.h src/generated/Rose/Sarif/ThreadFlowLocation.C src/generated/Rose/Sarif/ThreadFlowLocation.h,drop,Rosebud/ROSETTA regen for BinaryAnalysis/Jovial/Sarif (dropped)
4808a2f6d0422757f48e554023201e03443246ce,2024-04-02,(Release) Incremented version to 0.11.145.58,ROSE_VERSION config/SCM_DATE configure.ac src/frontend/CxxFrontend/EDG_VERSION,pick-partial,ROSE_VERSION bump to 0.11.145.58; skipped config/SCM_DATE; configure.ac; EDG_VERSION
b750a56c2c630559eb7b111e28f19273124186b5,2024-04-02,(Faster compiling) Phase 5: Generate small headers for SgNode andSgAsm*,src/ROSETTA/src/node.C src/Rosebud/generate,drop,Small headers for SgAsm/SgNode (BinaryAnalysis; depends on dropped phases)
a389a3af4da43b84813506964a526eeb33bfe816,2024-04-02,(Faster compiling) Phase 5: regenerated Rosebud output / ROSETTA input,src/ROSETTA/src/binaryInstruction.C src/generated/BinaryAnalysis/SgAsmAarch32Coprocessor.C src/generated/BinaryAnalysis/SgAsmAarch32Instruction.C src/generated/BinaryAnalysis/SgAsmAarch64AtOperand.C src/generated/BinaryAnalysis/SgAsmAarch64BarrierOperand.C src/generated/BinaryAnalysis/SgAsmAarch64CImmediateOperand.C src/generated/BinaryAnalysis/SgAsmAarch64Instruction.C src/generated/BinaryAnalysis/SgAsmAarch64PrefetchOperand.C src/generated/BinaryAnalysis/SgAsmAarch64SysMoveOperand.C src/generated/BinaryAnalysis/SgAsmBasicString.C src/generated/BinaryAnalysis/SgAsmBinaryAdd.C src/generated/BinaryAnalysis/SgAsmBinaryAsr.C src/generated/BinaryAnalysis/SgAsmBinaryConcat.C src/generated/BinaryAnalysis/SgAsmBinaryDivide.C src/generated/BinaryAnalysis/SgAsmBinaryExpression.C src/generated/BinaryAnalysis/SgAsmBinaryLsl.C src/generated/BinaryAnalysis/SgAsmBinaryLsr.C src/generated/BinaryAnalysis/SgAsmBinaryMod.C src/generated/BinaryAnalysis/SgAsmBinaryMsl.C src/generated/BinaryAnalysis/SgAsmBinaryMultiply.C src/generated/BinaryAnalysis/SgAsmBinaryPostupdate.C src/generated/BinaryAnalysis/SgAsmBinaryPreupdate.C src/generated/BinaryAnalysis/SgAsmBinaryRor.C src/generated/BinaryAnalysis/SgAsmBinarySubtract.C src/generated/BinaryAnalysis/SgAsmBlock.C src/generated/BinaryAnalysis/SgAsmByteOrder.C src/generated/BinaryAnalysis/SgAsmCilAssembly.C src/generated/BinaryAnalysis/SgAsmCilAssemblyOS.C src/generated/BinaryAnalysis/SgAsmCilAssemblyOSTable.C src/generated/BinaryAnalysis/SgAsmCilAssemblyProcessor.C src/generated/BinaryAnalysis/SgAsmCilAssemblyProcessorTable.C src/generated/BinaryAnalysis/SgAsmCilAssemblyRef.C src/generated/BinaryAnalysis/SgAsmCilAssemblyRefOS.C src/generated/BinaryAnalysis/SgAsmCilAssemblyRefOSTable.C src/generated/BinaryAnalysis/SgAsmCilAssemblyRefProcessor.C src/generated/BinaryAnalysis/SgAsmCilAssemblyRefProcessorTable.C src/generated/BinaryAnalysis/SgAsmCilAssemblyRefTable.C src/generated/BinaryAnalysis/SgAsmCilAssemblyTable.C src/generated/BinaryAnalysis/SgAsmCilClassLayout.C src/generated/BinaryAnalysis/SgAsmCilClassLayoutTable.C src/generated/BinaryAnalysis/SgAsmCilConstant.C src/generated/BinaryAnalysis/SgAsmCilConstantTable.C src/generated/BinaryAnalysis/SgAsmCilCustomAttribute.C src/generated/BinaryAnalysis/SgAsmCilCustomAttributeTable.C src/generated/BinaryAnalysis/SgAsmCilDataStream.C src/generated/BinaryAnalysis/SgAsmCilDeclSecurity.C src/generated/BinaryAnalysis/SgAsmCilDeclSecurityTable.C src/generated/BinaryAnalysis/SgAsmCilEvent.C src/generated/BinaryAnalysis/SgAsmCilEventMap.C src/generated/BinaryAnalysis/SgAsmCilEventMapTable.C src/generated/BinaryAnalysis/SgAsmCilEventTable.C src/generated/BinaryAnalysis/SgAsmCilExportedType.C src/generated/BinaryAnalysis/SgAsmCilExportedTypeTable.C src/generated/BinaryAnalysis/SgAsmCilField.C src/generated/BinaryAnalysis/SgAsmCilFieldLayout.C src/generated/BinaryAnalysis/SgAsmCilFieldLayoutTable.C src/generated/BinaryAnalysis/SgAsmCilFieldMarshal.C src/generated/BinaryAnalysis/SgAsmCilFieldMarshalTable.C src/generated/BinaryAnalysis/SgAsmCilFieldRVA.C src/generated/BinaryAnalysis/SgAsmCilFieldRVATable.C src/generated/BinaryAnalysis/SgAsmCilFieldTable.C src/generated/BinaryAnalysis/SgAsmCilFile.C src/generated/BinaryAnalysis/SgAsmCilFileTable.C src/generated/BinaryAnalysis/SgAsmCilGenericParam.C src/generated/BinaryAnalysis/SgAsmCilGenericParamConstraint.C src/generated/BinaryAnalysis/SgAsmCilGenericParamConstraintTable.C src/generated/BinaryAnalysis/SgAsmCilGenericParamTable.C src/generated/BinaryAnalysis/SgAsmCilImplMap.C src/generated/BinaryAnalysis/SgAsmCilImplMapTable.C src/generated/BinaryAnalysis/SgAsmCilInstruction.C src/generated/BinaryAnalysis/SgAsmCilInterfaceImpl.C src/generated/BinaryAnalysis/SgAsmCilInterfaceImplTable.C src/generated/BinaryAnalysis/SgAsmCilManifestResource.C src/generated/BinaryAnalysis/SgAsmCilManifestResourceTable.C src/generated/BinaryAnalysis/SgAsmCilMemberRef.C src/generated/BinaryAnalysis/SgAsmCilMemberRefTable.C src/generated/BinaryAnalysis/SgAsmCilMetadata.C src/generated/BinaryAnalysis/SgAsmCilMetadataHeap.C src/generated/BinaryAnalysis/SgAsmCilMetadataRoot.C src/generated/BinaryAnalysis/SgAsmCilMethodDef.C src/generated/BinaryAnalysis/SgAsmCilMethodDefTable.C src/generated/BinaryAnalysis/SgAsmCilMethodImpl.C src/generated/BinaryAnalysis/SgAsmCilMethodImplTable.C src/generated/BinaryAnalysis/SgAsmCilMethodSemantics.C src/generated/BinaryAnalysis/SgAsmCilMethodSemanticsTable.C src/generated/BinaryAnalysis/SgAsmCilMethodSpec.C src/generated/BinaryAnalysis/SgAsmCilMethodSpecTable.C src/generated/BinaryAnalysis/SgAsmCilModule.C src/generated/BinaryAnalysis/SgAsmCilModuleRef.C src/generated/BinaryAnalysis/SgAsmCilModuleRefTable.C src/generated/BinaryAnalysis/SgAsmCilModuleTable.C src/generated/BinaryAnalysis/SgAsmCilNestedClass.C src/generated/BinaryAnalysis/SgAsmCilNestedClassTable.C src/generated/BinaryAnalysis/SgAsmCilNode.C src/generated/BinaryAnalysis/SgAsmCilParam.C src/generated/BinaryAnalysis/SgAsmCilParamTable.C src/generated/BinaryAnalysis/SgAsmCilProperty.C src/generated/BinaryAnalysis/SgAsmCilPropertyMap.C src/generated/BinaryAnalysis/SgAsmCilPropertyMapTable.C src/generated/BinaryAnalysis/SgAsmCilPropertyTable.C src/generated/BinaryAnalysis/SgAsmCilStandAloneSig.C src/generated/BinaryAnalysis/SgAsmCilStandAloneSigTable.C src/generated/BinaryAnalysis/SgAsmCilTypeDef.C src/generated/BinaryAnalysis/SgAsmCilTypeDefTable.C src/generated/BinaryAnalysis/SgAsmCilTypeRef.C src/generated/BinaryAnalysis/SgAsmCilTypeRefTable.C src/generated/BinaryAnalysis/SgAsmCilTypeSpec.C src/generated/BinaryAnalysis/SgAsmCilTypeSpecTable.C src/generated/BinaryAnalysis/SgAsmCilUint32Heap.C src/generated/BinaryAnalysis/SgAsmCilUint8Heap.C src/generated/BinaryAnalysis/SgAsmCliHeader.C src/generated/BinaryAnalysis/SgAsmCoffStrtab.C src/generated/BinaryAnalysis/SgAsmCoffSymbol.C src/generated/BinaryAnalysis/SgAsmCoffSymbolList.C src/generated/BinaryAnalysis/SgAsmCoffSymbolTable.C src/generated/BinaryAnalysis/SgAsmCommonSubExpression.C src/generated/BinaryAnalysis/SgAsmConstantExpression.C src/generated/BinaryAnalysis/SgAsmControlFlagsExpression.C src/generated/BinaryAnalysis/SgAsmDOSExtendedHeader.C src/generated/BinaryAnalysis/SgAsmDOSFileHeader.C src/generated/BinaryAnalysis/SgAsmDirectRegisterExpression.C src/generated/BinaryAnalysis/SgAsmDwarfAccessDeclaration.C src/generated/BinaryAnalysis/SgAsmDwarfArrayType.C src/generated/BinaryAnalysis/SgAsmDwarfBaseType.C src/generated/BinaryAnalysis/SgAsmDwarfCatchBlock.C src/generated/BinaryAnalysis/SgAsmDwarfClassTemplate.C src/generated/BinaryAnalysis/SgAsmDwarfClassType.C src/generated/BinaryAnalysis/SgAsmDwarfCommonBlock.C src/generated/BinaryAnalysis/SgAsmDwarfCommonInclusion.C src/generated/BinaryAnalysis/SgAsmDwarfCompilationUnit.C src/generated/BinaryAnalysis/SgAsmDwarfCompilationUnitList.C src/generated/BinaryAnalysis/SgAsmDwarfCondition.C src/generated/BinaryAnalysis/SgAsmDwarfConstType.C src/generated/BinaryAnalysis/SgAsmDwarfConstant.C src/generated/BinaryAnalysis/SgAsmDwarfConstruct.C src/generated/BinaryAnalysis/SgAsmDwarfConstructList.C src/generated/BinaryAnalysis/SgAsmDwarfDwarfProcedure.C src/generated/BinaryAnalysis/SgAsmDwarfEntryPoint.C src/generated/BinaryAnalysis/SgAsmDwarfEnumerationType.C src/generated/BinaryAnalysis/SgAsmDwarfEnumerator.C src/generated/BinaryAnalysis/SgAsmDwarfFileType.C src/generated/BinaryAnalysis/SgAsmDwarfFormalParameter.C src/generated/BinaryAnalysis/SgAsmDwarfFormatLabel.C src/generated/BinaryAnalysis/SgAsmDwarfFriend.C src/generated/BinaryAnalysis/SgAsmDwarfFunctionTemplate.C src/generated/BinaryAnalysis/SgAsmDwarfImportedDeclaration.C src/generated/BinaryAnalysis/SgAsmDwarfImportedModule.C src/generated/BinaryAnalysis/SgAsmDwarfImportedUnit.C src/generated/BinaryAnalysis/SgAsmDwarfInformation.C src/generated/BinaryAnalysis/SgAsmDwarfInheritance.C src/generated/BinaryAnalysis/SgAsmDwarfInlinedSubroutine.C src/generated/BinaryAnalysis/SgAsmDwarfInterfaceType.C src/generated/BinaryAnalysis/SgAsmDwarfLabel.C src/generated/BinaryAnalysis/SgAsmDwarfLexicalBlock.C src/generated/BinaryAnalysis/SgAsmDwarfLine.C src/generated/BinaryAnalysis/SgAsmDwarfLineList.C src/generated/BinaryAnalysis/SgAsmDwarfMacro.C src/generated/BinaryAnalysis/SgAsmDwarfMacroList.C src/generated/BinaryAnalysis/SgAsmDwarfMember.C src/generated/BinaryAnalysis/SgAsmDwarfModule.C src/generated/BinaryAnalysis/SgAsmDwarfMutableType.C src/generated/BinaryAnalysis/SgAsmDwarfNamelist.C src/generated/BinaryAnalysis/SgAsmDwarfNamelistItem.C src/generated/BinaryAnalysis/SgAsmDwarfNamespace.C src/generated/BinaryAnalysis/SgAsmDwarfPackedType.C src/generated/BinaryAnalysis/SgAsmDwarfPartialUnit.C src/generated/BinaryAnalysis/SgAsmDwarfPointerType.C src/generated/BinaryAnalysis/SgAsmDwarfPtrToMemberType.C src/generated/BinaryAnalysis/SgAsmDwarfReferenceType.C src/generated/BinaryAnalysis/SgAsmDwarfRestrictType.C src/generated/BinaryAnalysis/SgAsmDwarfSetType.C src/generated/BinaryAnalysis/SgAsmDwarfSharedType.C src/generated/BinaryAnalysis/SgAsmDwarfStringType.C src/generated/BinaryAnalysis/SgAsmDwarfStructureType.C src/generated/BinaryAnalysis/SgAsmDwarfSubprogram.C src/generated/BinaryAnalysis/SgAsmDwarfSubrangeType.C src/generated/BinaryAnalysis/SgAsmDwarfSubroutineType.C src/generated/BinaryAnalysis/SgAsmDwarfTemplateTypeParameter.C src/generated/BinaryAnalysis/SgAsmDwarfTemplateValueParameter.C src/generated/BinaryAnalysis/SgAsmDwarfThrownType.C src/generated/BinaryAnalysis/SgAsmDwarfTryBlock.C src/generated/BinaryAnalysis/SgAsmDwarfTypedef.C src/generated/BinaryAnalysis/SgAsmDwarfUnionType.C src/generated/BinaryAnalysis/SgAsmDwarfUnknownConstruct.C src/generated/BinaryAnalysis/SgAsmDwarfUnspecifiedParameters.C src/generated/BinaryAnalysis/SgAsmDwarfUnspecifiedType.C src/generated/BinaryAnalysis/SgAsmDwarfUpcRelaxedType.C src/generated/BinaryAnalysis/SgAsmDwarfUpcSharedType.C src/generated/BinaryAnalysis/SgAsmDwarfUpcStrictType.C src/generated/BinaryAnalysis/SgAsmDwarfVariable.C src/generated/BinaryAnalysis/SgAsmDwarfVariant.C src/generated/BinaryAnalysis/SgAsmDwarfVariantPart.C src/generated/BinaryAnalysis/SgAsmDwarfVolatileType.C src/generated/BinaryAnalysis/SgAsmDwarfWithStmt.C src/generated/BinaryAnalysis/SgAsmElfDynamicEntry.C src/generated/BinaryAnalysis/SgAsmElfDynamicEntryList.C src/generated/BinaryAnalysis/SgAsmElfDynamicSection.C src/generated/BinaryAnalysis/SgAsmElfEHFrameEntryCI.C src/generated/BinaryAnalysis/SgAsmElfEHFrameEntryCIList.C src/generated/BinaryAnalysis/SgAsmElfEHFrameEntryFD.C src/generated/BinaryAnalysis/SgAsmElfEHFrameEntryFDList.C src/generated/BinaryAnalysis/SgAsmElfEHFrameSection.C src/generated/BinaryAnalysis/SgAsmElfFileHeader.C src/generated/BinaryAnalysis/SgAsmElfNoteEntry.C src/generated/BinaryAnalysis/SgAsmElfNoteEntryList.C src/generated/BinaryAnalysis/SgAsmElfNoteSection.C src/generated/BinaryAnalysis/SgAsmElfRelocEntry.C src/generated/BinaryAnalysis/SgAsmElfRelocEntryList.C src/generated/BinaryAnalysis/SgAsmElfRelocSection.C src/generated/BinaryAnalysis/SgAsmElfSection.C src/generated/BinaryAnalysis/SgAsmElfSectionTable.C src/generated/BinaryAnalysis/SgAsmElfSectionTableEntry.C src/generated/BinaryAnalysis/SgAsmElfSegmentTable.C src/generated/BinaryAnalysis/SgAsmElfSegmentTableEntry.C src/generated/BinaryAnalysis/SgAsmElfSegmentTableEntryList.C src/generated/BinaryAnalysis/SgAsmElfStringSection.C src/generated/BinaryAnalysis/SgAsmElfStrtab.C src/generated/BinaryAnalysis/SgAsmElfSymbol.C src/generated/BinaryAnalysis/SgAsmElfSymbolList.C src/generated/BinaryAnalysis/SgAsmElfSymbolSection.C src/generated/BinaryAnalysis/SgAsmElfSymverDefinedAux.C src/generated/BinaryAnalysis/SgAsmElfSymverDefinedAuxList.C src/generated/BinaryAnalysis/SgAsmElfSymverDefinedEntry.C src/generated/BinaryAnalysis/SgAsmElfSymverDefinedEntryList.C src/generated/BinaryAnalysis/SgAsmElfSymverDefinedSection.C src/generated/BinaryAnalysis/SgAsmElfSymverEntry.C src/generated/BinaryAnalysis/SgAsmElfSymverEntryList.C src/generated/BinaryAnalysis/SgAsmElfSymverNeededAux.C src/generated/BinaryAnalysis/SgAsmElfSymverNeededAuxList.C src/generated/BinaryAnalysis/SgAsmElfSymverNeededEntry.C src/generated/BinaryAnalysis/SgAsmElfSymverNeededEntryList.C src/generated/BinaryAnalysis/SgAsmElfSymverNeededSection.C src/generated/BinaryAnalysis/SgAsmElfSymverSection.C src/generated/BinaryAnalysis/SgAsmExecutableFileFormat.C src/generated/BinaryAnalysis/SgAsmExprListExp.C src/generated/BinaryAnalysis/SgAsmExpression.C src/generated/BinaryAnalysis/SgAsmFloatType.C src/generated/BinaryAnalysis/SgAsmFloatValueExpression.C src/generated/BinaryAnalysis/SgAsmFunction.C src/generated/BinaryAnalysis/SgAsmGenericDLL.C src/generated/BinaryAnalysis/SgAsmGenericDLLList.C src/generated/BinaryAnalysis/SgAsmGenericFile.C src/generated/BinaryAnalysis/SgAsmGenericFileList.C src/generated/BinaryAnalysis/SgAsmGenericFormat.C src/generated/BinaryAnalysis/SgAsmGenericHeader.C src/generated/BinaryAnalysis/SgAsmGenericHeaderList.C src/generated/BinaryAnalysis/SgAsmGenericSection.C src/generated/BinaryAnalysis/SgAsmGenericSectionList.C src/generated/BinaryAnalysis/SgAsmGenericString.C src/generated/BinaryAnalysis/SgAsmGenericStrtab.C src/generated/BinaryAnalysis/SgAsmGenericSymbol.C src/generated/BinaryAnalysis/SgAsmGenericSymbolList.C src/generated/BinaryAnalysis/SgAsmIndirectRegisterExpression.C src/generated/BinaryAnalysis/SgAsmInstruction.C src/generated/BinaryAnalysis/SgAsmInstructionList.C src/generated/BinaryAnalysis/SgAsmIntegerType.C src/generated/BinaryAnalysis/SgAsmIntegerValueExpression.C src/generated/BinaryAnalysis/SgAsmInterpretation.C src/generated/BinaryAnalysis/SgAsmInterpretationList.C src/generated/BinaryAnalysis/SgAsmJvmAttribute.C src/generated/BinaryAnalysis/SgAsmJvmAttributeTable.C src/generated/BinaryAnalysis/SgAsmJvmBootstrapMethod.C src/generated/BinaryAnalysis/SgAsmJvmBootstrapMethods.C src/generated/BinaryAnalysis/SgAsmJvmClass.C src/generated/BinaryAnalysis/SgAsmJvmCodeAttribute.C src/generated/BinaryAnalysis/SgAsmJvmConstantPool.C src/generated/BinaryAnalysis/SgAsmJvmConstantPoolEntry.C src/generated/BinaryAnalysis/SgAsmJvmConstantValue.C src/generated/BinaryAnalysis/SgAsmJvmEnclosingMethod.C src/generated/BinaryAnalysis/SgAsmJvmExceptionHandler.C src/generated/BinaryAnalysis/SgAsmJvmExceptionTable.C src/generated/BinaryAnalysis/SgAsmJvmExceptions.C src/generated/BinaryAnalysis/SgAsmJvmField.C src/generated/BinaryAnalysis/SgAsmJvmFieldTable.C src/generated/BinaryAnalysis/SgAsmJvmFileHeader.C src/generated/BinaryAnalysis/SgAsmJvmInnerClasses.C src/generated/BinaryAnalysis/SgAsmJvmInnerClassesEntry.C src/generated/BinaryAnalysis/SgAsmJvmInstruction.C src/generated/BinaryAnalysis/SgAsmJvmLineNumberEntry.C src/generated/BinaryAnalysis/SgAsmJvmLineNumberTable.C src/generated/BinaryAnalysis/SgAsmJvmLocalVariableEntry.C src/generated/BinaryAnalysis/SgAsmJvmLocalVariableTable.C src/generated/BinaryAnalysis/SgAsmJvmLocalVariableTypeEntry.C src/generated/BinaryAnalysis/SgAsmJvmLocalVariableTypeTable.C src/generated/BinaryAnalysis/SgAsmJvmMethod.C src/generated/BinaryAnalysis/SgAsmJvmMethodParameters.C src/generated/BinaryAnalysis/SgAsmJvmMethodParametersEntry.C src/generated/BinaryAnalysis/SgAsmJvmMethodTable.C src/generated/BinaryAnalysis/SgAsmJvmModuleMainClass.C src/generated/BinaryAnalysis/SgAsmJvmNestHost.C src/generated/BinaryAnalysis/SgAsmJvmNestMembers.C src/generated/BinaryAnalysis/SgAsmJvmNode.C src/generated/BinaryAnalysis/SgAsmJvmSignature.C src/generated/BinaryAnalysis/SgAsmJvmSourceFile.C src/generated/BinaryAnalysis/SgAsmJvmStackMapFrame.C src/generated/BinaryAnalysis/SgAsmJvmStackMapTable.C src/generated/BinaryAnalysis/SgAsmJvmStackMapVerificationType.C src/generated/BinaryAnalysis/SgAsmLEEntryPoint.C src/generated/BinaryAnalysis/SgAsmLEEntryTable.C src/generated/BinaryAnalysis/SgAsmLEFileHeader.C src/generated/BinaryAnalysis/SgAsmLENameTable.C src/generated/BinaryAnalysis/SgAsmLEPageTable.C src/generated/BinaryAnalysis/SgAsmLEPageTableEntry.C src/generated/BinaryAnalysis/SgAsmLERelocTable.C src/generated/BinaryAnalysis/SgAsmLESection.C src/generated/BinaryAnalysis/SgAsmLESectionTable.C src/generated/BinaryAnalysis/SgAsmLESectionTableEntry.C src/generated/BinaryAnalysis/SgAsmM68kInstruction.C src/generated/BinaryAnalysis/SgAsmMemoryReferenceExpression.C src/generated/BinaryAnalysis/SgAsmMipsInstruction.C src/generated/BinaryAnalysis/SgAsmNEEntryPoint.C src/generated/BinaryAnalysis/SgAsmNEEntryTable.C src/generated/BinaryAnalysis/SgAsmNEFileHeader.C src/generated/BinaryAnalysis/SgAsmNEModuleTable.C src/generated/BinaryAnalysis/SgAsmNENameTable.C src/generated/BinaryAnalysis/SgAsmNERelocEntry.C src/generated/BinaryAnalysis/SgAsmNERelocTable.C src/generated/BinaryAnalysis/SgAsmNESection.C src/generated/BinaryAnalysis/SgAsmNESectionTable.C src/generated/BinaryAnalysis/SgAsmNESectionTableEntry.C src/generated/BinaryAnalysis/SgAsmNEStringTable.C src/generated/BinaryAnalysis/SgAsmNode.C src/generated/BinaryAnalysis/SgAsmNullInstruction.C src/generated/BinaryAnalysis/SgAsmOperandList.C src/generated/BinaryAnalysis/SgAsmPEExportDirectory.C src/generated/BinaryAnalysis/SgAsmPEExportEntry.C src/generated/BinaryAnalysis/SgAsmPEExportEntryList.C src/generated/BinaryAnalysis/SgAsmPEExportSection.C src/generated/BinaryAnalysis/SgAsmPEFileHeader.C src/generated/BinaryAnalysis/SgAsmPEImportDirectory.C src/generated/BinaryAnalysis/SgAsmPEImportDirectoryList.C src/generated/BinaryAnalysis/SgAsmPEImportItem.C src/generated/BinaryAnalysis/SgAsmPEImportItemList.C src/generated/BinaryAnalysis/SgAsmPEImportSection.C src/generated/BinaryAnalysis/SgAsmPERVASizePair.C src/generated/BinaryAnalysis/SgAsmPERVASizePairList.C src/generated/BinaryAnalysis/SgAsmPESection.C src/generated/BinaryAnalysis/SgAsmPESectionTable.C src/generated/BinaryAnalysis/SgAsmPESectionTableEntry.C src/generated/BinaryAnalysis/SgAsmPEStringSection.C src/generated/BinaryAnalysis/SgAsmPowerpcInstruction.C src/generated/BinaryAnalysis/SgAsmRegisterNames.C src/generated/BinaryAnalysis/SgAsmRegisterReferenceExpression.C src/generated/BinaryAnalysis/SgAsmRiscOperation.C src/generated/BinaryAnalysis/SgAsmScalarType.C src/generated/BinaryAnalysis/SgAsmStackExpression.C src/generated/BinaryAnalysis/SgAsmStatement.C src/generated/BinaryAnalysis/SgAsmStaticData.C src/generated/BinaryAnalysis/SgAsmStoredString.C src/generated/BinaryAnalysis/SgAsmStringStorage.C src/generated/BinaryAnalysis/SgAsmSynthesizedDataStructureDeclaration.C src/generated/BinaryAnalysis/SgAsmSynthesizedDeclaration.C src/generated/BinaryAnalysis/SgAsmSynthesizedFieldDeclaration.C src/generated/BinaryAnalysis/SgAsmType.C src/generated/BinaryAnalysis/SgAsmUnaryExpression.C src/generated/BinaryAnalysis/SgAsmUnaryMinus.C src/generated/BinaryAnalysis/SgAsmUnaryPlus.C src/generated/BinaryAnalysis/SgAsmUnaryRrx.C src/generated/BinaryAnalysis/SgAsmUnarySignedExtend.C src/generated/BinaryAnalysis/SgAsmUnaryTruncate.C src/generated/BinaryAnalysis/SgAsmUnaryUnsignedExtend.C src/generated/BinaryAnalysis/SgAsmUserInstruction.C src/generated/BinaryAnalysis/SgAsmValueExpression.C src/generated/BinaryAnalysis/SgAsmVectorType.C src/generated/BinaryAnalysis/SgAsmX86Instruction.C,drop,Rosebud/ROSETTA regen for BinaryAnalysis (dropped)
abf31f0f141dc9f7e14ab50fffc302c035d939a3,2024-04-02,(Faster compiling) Phase 6: improve Rose::BinaryAnalysis::Architecture,src/Rose/BinaryAnalysis/Architecture/Amd64.C src/Rose/BinaryAnalysis/Architecture/ArmAarch32.C src/Rose/BinaryAnalysis/Architecture/ArmAarch64.C src/Rose/BinaryAnalysis/Architecture/Base.C src/Rose/BinaryAnalysis/Architecture/Base.C.bak src/Rose/BinaryAnalysis/Architecture/Base.h.bak src/Rose/BinaryAnalysis/Architecture/BasicTypes.C src/Rose/BinaryAnalysis/Architecture/BasicTypes.h src/Rose/BinaryAnalysis/Architecture/Cil.C src/Rose/BinaryAnalysis/Architecture/Exception.C src/Rose/BinaryAnalysis/Architecture/Intel80286.C src/Rose/BinaryAnalysis/Architecture/Intel8086.C src/Rose/BinaryAnalysis/Architecture/Intel8088.C src/Rose/BinaryAnalysis/Architecture/IntelI386.C src/Rose/BinaryAnalysis/Architecture/IntelI486.C src/Rose/BinaryAnalysis/Architecture/IntelPentium.C src/Rose/BinaryAnalysis/Architecture/IntelPentium4.C src/Rose/BinaryAnalysis/Architecture/IntelPentiumii.C src/Rose/BinaryAnalysis/Architecture/IntelPentiumiii.C src/Rose/BinaryAnalysis/Architecture/Jvm.C src/Rose/BinaryAnalysis/Architecture/Mips32.C src/Rose/BinaryAnalysis/Architecture/Motorola.C src/Rose/BinaryAnalysis/Architecture/Motorola68040.C src/Rose/BinaryAnalysis/Architecture/NxpColdfire.C src/Rose/BinaryAnalysis/Architecture/Powerpc.C src/Rose/BinaryAnalysis/Architecture/Powerpc32.C src/Rose/BinaryAnalysis/Architecture/Powerpc64.C src/Rose/BinaryAnalysis/Architecture/X86.C src/Rose/BinaryAnalysis/ByteOrder.h src/Rose/BinaryAnalysis/Disassembler/Cil.h src/Rose/BinaryAnalysis/Disassembler/Exception.C src/Rose/BinaryAnalysis/Disassembler/Exception.h src/Rose/BinaryAnalysis/Disassembler/Powerpc.C src/Rose/BinaryAnalysis/Disassembler/Powerpc.h src/Rose/BinaryAnalysis/InstructionSemantics/BaseSemantics/MemoryCell.h src/Rose/BinaryAnalysis/InstructionSemantics/DispatcherM68k.C src/Rose/BinaryAnalysis/InstructionSemantics/DispatcherM68k.h src/Rose/BinaryAnalysis/InstructionSemantics/DispatcherPowerpc.C src/Rose/BinaryAnalysis/InstructionSemantics/DispatcherPowerpc.h src/Rose/BinaryAnalysis/InstructionSemantics/DispatcherX86.C src/Rose/BinaryAnalysis/InstructionSemantics/DispatcherX86.h src/Rose/BinaryAnalysis/Partitioner2/BasicTypes.h src/Rose/BinaryAnalysis/Reachability.C src/Rose/BinaryAnalysis/Reachability.h src/Rose/BinaryAnalysis/RegisterDictionary.h src/Rose/BinaryAnalysis/RelativeVirtualAddress.h src/Rose/BinaryAnalysis/Unparser/Aarch64.h src/Rose/Exception.h src/frontend/SageIII/sageInterface/SageBuilderAsm.h src/roseSupport/Combinatorics.h,drop,BinaryAnalysis Architecture refactor (BinaryAnalysis dropped in REX)
08b1794ade96e602b35f64237076b9c09a83769b,2024-04-02,(Faster compiling) Phase 6: improve Rose::BinaryAnalysis::Debugger,src/Rose/BasicTypes.h src/Rose/BinaryAnalysis/BasicTypes.h src/Rose/BinaryAnalysis/Debugger/Base.C src/Rose/BinaryAnalysis/Debugger/Base.h src/Rose/BinaryAnalysis/Debugger/BasicTypes.h src/Rose/BinaryAnalysis/Debugger/Exception.C src/Rose/BinaryAnalysis/Debugger/Gdb.C src/Rose/BinaryAnalysis/Debugger/Gdb.h src/Rose/BinaryAnalysis/Debugger/GdbResponse.C src/Rose/BinaryAnalysis/Debugger/GdbResponse.h src/Rose/BinaryAnalysis/Debugger/Linux.C src/Rose/BinaryAnalysis/Debugger/Linux.h src/Rose/BinaryAnalysis/Debugger/ThreadId.C src/Rose/BinaryAnalysis/Debugger/ThreadId.h src/Rose/BinaryAnalysis/Dwarf/BasicTypes.h src/Rose/Constants.h,drop,BinaryAnalysis Debugger refactor (BinaryAnalysis dropped in REX)
a8fa99920d89511000ee69c74493945df8dba88a,2024-04-02,(Faster compiling) Phase 6: improved Rose::BinaryAnalysis::Disassembler,src/Rose/BinaryAnalysis/Address.h src/Rose/BinaryAnalysis/BinaryLoader.h src/Rose/BinaryAnalysis/ControlFlow.h src/Rose/BinaryAnalysis/Disassembler/Aarch32.C src/Rose/BinaryAnalysis/Disassembler/Aarch32.h src/Rose/BinaryAnalysis/Disassembler/Aarch64.C src/Rose/BinaryAnalysis/Disassembler/Aarch64.h src/Rose/BinaryAnalysis/Disassembler/Base.C src/Rose/BinaryAnalysis/Disassembler/BasicTypes.C src/Rose/BinaryAnalysis/Disassembler/BasicTypes.h src/Rose/BinaryAnalysis/Disassembler/Cil.C src/Rose/BinaryAnalysis/Disassembler/Exception.C src/Rose/BinaryAnalysis/Disassembler/Jvm.C src/Rose/BinaryAnalysis/Disassembler/M68k.C src/Rose/BinaryAnalysis/Disassembler/Mips.C src/Rose/BinaryAnalysis/Disassembler/Null.C src/Rose/BinaryAnalysis/Disassembler/Powerpc.C src/Rose/BinaryAnalysis/Disassembler/X86.C src/Rose/BinaryAnalysis/InstructionSemantics/BaseSemantics/MemoryState.h src/frontend/Disassemblers/AssemblerX86.h,drop,BinaryAnalysis Disassembler refactor (BinaryAnalysis dropped in REX)
848b8380d6a588e29330f27a266a19e9618f12e0,2024-04-02,(Faster compiling) Phase 6: improve Rose::Sarif,src/AstNodes/Rose/Sarif/Node.h src/AstNodes/Rose/Sarif/Result.h src/Rose/Sarif/Analysis.C src/Rose/Sarif/Artifact.C src/Rose/Sarif/BasicTypes.h src/Rose/Sarif/CodeFlow.C src/Rose/Sarif/Exception.C src/Rose/Sarif/Location.C src/Rose/Sarif/Log.C src/Rose/Sarif/Node.C src/Rose/Sarif/Result.C src/Rose/Sarif/Rule.C src/Rose/Sarif/ThreadFlow.C src/Rose/Sarif/ThreadFlowLocation.C,drop,Sarif compile-time refactor depends on RoseFirst.h (phase 2 dropped)
0b397f2d19e084d8919f6a6fdddaec3ff6d1a8f7,2024-04-02,(Faster compiling) Phase 6: regenerated Rosebud output / ROSETTA input,src/generated/Rose/Sarif/Node.C src/generated/Rose/Sarif/Node.h src/generated/Rose/Sarif/Result.C src/generated/Rose/Sarif/Result.h,drop,Generated Sarif outputs (phase 6 dependencies)
60d50b4b200ca126b21a7d375f5a62d973940570,2024-04-02,(Faster compiling) Phase 6: improve RBA InstructionSemantics::BaseSemantics,src/Rose/BinaryAnalysis/InstructionSemantics/BaseSemantics/BaseSemantics.C src/Rose/BinaryAnalysis/InstructionSemantics/BaseSemantics/BasicTypes.h src/Rose/BinaryAnalysis/InstructionSemantics/BaseSemantics/Dispatcher.C src/Rose/BinaryAnalysis/InstructionSemantics/BaseSemantics/Exception.C src/Rose/BinaryAnalysis/InstructionSemantics/BaseSemantics/Exception.h src/Rose/BinaryAnalysis/InstructionSemantics/BaseSemantics/Formatter.C src/Rose/BinaryAnalysis/InstructionSemantics/BaseSemantics/MemoryCell.C src/Rose/BinaryAnalysis/InstructionSemantics/BaseSemantics/MemoryCellList.C src/Rose/BinaryAnalysis/InstructionSemantics/BaseSemantics/MemoryCellMap.C src/Rose/BinaryAnalysis/InstructionSemantics/BaseSemantics/MemoryCellState.C src/Rose/BinaryAnalysis/InstructionSemantics/BaseSemantics/MemoryState.C src/Rose/BinaryAnalysis/InstructionSemantics/BaseSemantics/MemoryState.h src/Rose/BinaryAnalysis/InstructionSemantics/BaseSemantics/Merger.C src/Rose/BinaryAnalysis/InstructionSemantics/BaseSemantics/RegisterState.C src/Rose/BinaryAnalysis/InstructionSemantics/BaseSemantics/RegisterStateGeneric.C src/Rose/BinaryAnalysis/InstructionSemantics/BaseSemantics/RiscOperators.C src/Rose/BinaryAnalysis/InstructionSemantics/BaseSemantics/SValue.C src/Rose/BinaryAnalysis/InstructionSemantics/BaseSemantics/SValue.h src/Rose/BinaryAnalysis/InstructionSemantics/BaseSemantics/State.C src/Rose/BinaryAnalysis/InstructionSemantics/BaseSemantics/State.h src/Rose/BinaryAnalysis/InstructionSemantics/BaseSemantics/SymbolicMemory.C src/Rose/BinaryAnalysis/RegisterDictionary.h src/Rose/BinaryAnalysis/SymbolicExpression.h,drop,BinaryAnalysis BaseSemantics refactor (BinaryAnalysis dropped in REX)
dd530860f2e04b629341e661c98eed10448c5ce2,2024-04-02,(Faster compiling) Phase 6: improve Rose::BinaryAnalysis::InstructionSemantics,src/AstNodes/BinaryAnalysis/SgAsmInstruction.h src/Rose/BinaryAnalysis/InstructionSemantics/BaseSemantics/BasicTypes.h src/Rose/BinaryAnalysis/InstructionSemantics/BaseSemantics/RegisterStateGeneric.h src/Rose/BinaryAnalysis/InstructionSemantics/BaseSemantics/SymbolicMemory.C src/Rose/BinaryAnalysis/InstructionSemantics/ConcreteSemantics.C src/Rose/BinaryAnalysis/InstructionSemantics/ConcreteSemantics.h src/Rose/BinaryAnalysis/InstructionSemantics/DataFlowSemantics.C src/Rose/BinaryAnalysis/InstructionSemantics/DispatcherAarch32.C src/Rose/BinaryAnalysis/InstructionSemantics/DispatcherAarch32.h src/Rose/BinaryAnalysis/InstructionSemantics/DispatcherAarch64.C src/Rose/BinaryAnalysis/InstructionSemantics/DispatcherAarch64.h src/Rose/BinaryAnalysis/InstructionSemantics/DispatcherCil.C src/Rose/BinaryAnalysis/InstructionSemantics/DispatcherCil.h src/Rose/BinaryAnalysis/InstructionSemantics/DispatcherM68k.C src/Rose/BinaryAnalysis/InstructionSemantics/DispatcherM68k.h src/Rose/BinaryAnalysis/InstructionSemantics/DispatcherPowerpc.C src/Rose/BinaryAnalysis/InstructionSemantics/DispatcherX86.C src/Rose/BinaryAnalysis/InstructionSemantics/DispatcherX86.h src/Rose/BinaryAnalysis/InstructionSemantics/IntervalSemantics.C src/Rose/BinaryAnalysis/InstructionSemantics/IntervalSemantics.h src/Rose/BinaryAnalysis/InstructionSemantics/LlvmSemantics.C src/Rose/BinaryAnalysis/InstructionSemantics/MultiSemantics.C src/Rose/BinaryAnalysis/InstructionSemantics/MultiSemantics.h src/Rose/BinaryAnalysis/InstructionSemantics/NativeSemantics.C src/Rose/BinaryAnalysis/InstructionSemantics/NullSemantics.C src/Rose/BinaryAnalysis/InstructionSemantics/PartialSymbolicSemantics.C src/Rose/BinaryAnalysis/InstructionSemantics/PartialSymbolicSemantics.h src/Rose/BinaryAnalysis/InstructionSemantics/SourceAstSemantics.C src/Rose/BinaryAnalysis/InstructionSemantics/SourceAstSemantics.h src/Rose/BinaryAnalysis/InstructionSemantics/StaticSemantics.C src/Rose/BinaryAnalysis/InstructionSemantics/StaticSemantics.h src/Rose/BinaryAnalysis/InstructionSemantics/SymbolicSemantics.C src/Rose/BinaryAnalysis/InstructionSemantics/SymbolicSemantics.h src/Rose/BinaryAnalysis/InstructionSemantics/TaintSemantics.C src/Rose/BinaryAnalysis/InstructionSemantics/TaintSemantics.h src/Rose/BinaryAnalysis/InstructionSemantics/TestSemantics.h src/Rose/BinaryAnalysis/InstructionSemantics/TraceSemantics.C src/Rose/BinaryAnalysis/InstructionSemantics/TraceSemantics.h src/Rose/BinaryAnalysis/InstructionSemantics/Utility.C src/Rose/BinaryAnalysis/InstructionSemantics/Utility.h src/Rose/BinaryAnalysis/MemoryMap.h src/Rose/BinaryAnalysis/Partitioner2/BasicBlock.h src/Rose/Diagnostics.h src/frontend/Disassemblers/SgAsmInstruction.C,drop,BinaryAnalysis InstructionSemantics refactor (BinaryAnalysis dropped in REX)
1c2c6199b5d1b1ca96f9f9d03d333b00310bc768,2024-04-02,(Faster compiling) Phase 6: regenerated Rosebud output / ROSETTA input,src/ROSETTA/src/binaryInstruction.C,drop,Rosebud/ROSETTA regen for BinaryAnalysis (dropped)
bdacf8b5ff625188f0a9ed35fe47c0578bcb322a,2024-04-03,(Ada) set TypeModifier default only if in code,src/frontend/Experimental_Ada_ROSE_Connection/AdaStatement.C,drop,Ada TypeModifier default fix (Ada dropped in REX)
146b6181d5001a7959a5f0def2e068253e178104,2024-04-03,(Engineering) DEAD CODE removal,src/frontend/SageIII/sage_support/cmdline.C src/frontend/SageIII/sage_support/sage_support.C,pick-partial,Dead code removal in cmdline.C/sage_support.C; Java Cmdline classpath helpers absent in REX; Reverted changes in src/frontend/SageIII/sage_support/sage_support.C to remove drop-list reintroductions.
99ebfbc515ec4baa85a958ade344762e67abe881,2024-04-03,(Release) Incremented version to 0.11.145.59,ROSE_VERSION config/SCM_DATE configure.ac src/frontend/CxxFrontend/EDG_VERSION,pick-partial,ROSE_VERSION bump to 0.11.145.59; skipped config/SCM_DATE; configure.ac; EDG_VERSION
7df523fa933d96647e7d089d96457d2436210c75,2024-04-04,"(ReadWriteSets) Adding RWSets to ROSE, first step (doesn't compiler)",src/midend/programAnalysis/ReadWriteSetAnalysis/CMakeLists.txt src/midend/programAnalysis/ReadWriteSetAnalysis/LocalRWSetGenerator.C src/midend/programAnalysis/ReadWriteSetAnalysis/LocalRWSetGenerator.h src/midend/programAnalysis/ReadWriteSetAnalysis/Makefile.am src/midend/programAnalysis/ReadWriteSetAnalysis/Name2Node.C src/midend/programAnalysis/ReadWriteSetAnalysis/Name2Node.h src/midend/programAnalysis/ReadWriteSetAnalysis/ROSE_VERSION src/midend/programAnalysis/ReadWriteSetAnalysis/ReadWriteSetRecords.C src/midend/programAnalysis/ReadWriteSetAnalysis/ReadWriteSetRecords.h src/midend/programAnalysis/ReadWriteSetAnalysis/SageUtils.C src/midend/programAnalysis/ReadWriteSetAnalysis/SageUtils.h src/midend/programAnalysis/ReadWriteSetAnalysis/TestabilityGrader.C src/midend/programAnalysis/ReadWriteSetAnalysis/TestabilityGrader.h src/midend/programAnalysis/ReadWriteSetAnalysis/VxUtilFuncs.C src/midend/programAnalysis/ReadWriteSetAnalysis/VxUtilFuncs.h src/midend/programAnalysis/ReadWriteSetAnalysis/sageUtility.h tools/ReadWriteSetGeneration/LocalRWSetGeneratorMain.C tools/ReadWriteSetGeneration/Name2NodeMain.C tools/ReadWriteSetGeneration/TestabilityGraderMain.C,drop,ReadWriteSetAnalysis/ReadWriteSetGeneration uses Sawyer (dropped in REX)
fa060ad6318dcb1ba18d0908724ad89f44e5d230,2024-04-04,(Integrate RWSetGeneration) Added RWSetGeneration to build,config/Makefile.for.ROSE.includes.and.libs config/support-rose.m4 src/midend/programAnalysis/Makefile.am src/midend/programAnalysis/ReadWriteSetAnalysis/Makefile_variables tools/Makefile.am tools/ReadWriteSetGeneration/LocalRWSetGeneratorMain.C tools/ReadWriteSetGeneration/Makefile.am tools/ReadWriteSetGeneration/Name2NodeMain.C tools/ReadWriteSetGeneration/TestabilityGraderMain.C,drop,RWSetGeneration build/autotools and Sawyer usage (dropped in REX)
eaaa24bfd677034929d95385dec09bf47b238aef,2024-04-04,(ReadWriteSEts) Fixed mlog issue in RWSetGeneration,src/midend/programAnalysis/ReadWriteSetAnalysis/LocalRWSetGenerator.C src/midend/programAnalysis/ReadWriteSetAnalysis/LocalRWSetGenerator.h src/midend/programAnalysis/ReadWriteSetAnalysis/Name2Node.C src/midend/programAnalysis/ReadWriteSetAnalysis/ReadWriteSetRecords.C src/midend/programAnalysis/ReadWriteSetAnalysis/SageUtils.C src/midend/programAnalysis/ReadWriteSetAnalysis/TestabilityGrader.h src/midend/programAnalysis/ReadWriteSetAnalysis/VxUtilFuncs.C src/midend/programAnalysis/ReadWriteSetAnalysis/VxUtilFuncs.h tools/ReadWriteSetGeneration/LocalRWSetGeneratorMain.C tools/ReadWriteSetGeneration/Name2NodeMain.C tools/ReadWriteSetGeneration/TestabilityGraderMain.C,drop,RWSetGeneration uses Sawyer mlog (Sawyer dropped in REX)
e11f6ba2a67f586adf273a5cb5daadbea6977b88,2024-04-04,(ReadWriteSets) edited CMakelists for RWSet midend,src/midend/programAnalysis/CMakeLists.txt src/midend/programAnalysis/ReadWriteSetAnalysis/CMakeLists.txt,drop,RWSetAnalysis CMake integration depends on Sawyer (dropped in REX)
7646e2aa2367544ee0ca456cc350332e21936f7a,2024-04-04,Edits to reduce to one error,src/midend/programAnalysis/ReadWriteSetAnalysis/CMakeLists.txt src/midend/programAnalysis/ReadWriteSetAnalysis/TestabilityGrader.h,drop,RWSetAnalysis build fixes depend on Sawyer (dropped in REX)
c980c7f21e46cebd2d22dbcb12645ee602305cf3,2024-04-04,"(ReadWriteSets) resolve errors in build, needs testing",src/midend/programAnalysis/ReadWriteSetAnalysis/CMakeLists.txt,drop,RWSetAnalysis CMake tweak depends on Sawyer (dropped in REX)
4f256309425373dae46d5174fad1fe6ad2f2ed25,2024-04-04,(rwsets) added rwsets to cmake,tools/CMakeLists.txt tools/ReadWriteSetGeneration/CMakeLists.txt tools/ReadWriteSetGeneration/LocalRWSetGeneratorMain.C tools/ReadWriteSetGeneration/Name2NodeMain.C,drop,RWSetGeneration tools CMake uses Sawyer (dropped in REX)
fe47ddc7e05714da4bfb120aa6920fd9c252086e,2024-04-04,(Integrate RWSetGeneration) Added RWSetGeneration to build,tools/ReadWriteSetGeneration/LocalRWSetGeneratorMain.C tools/ReadWriteSetGeneration/Name2NodeMain.C,drop,RWSetGeneration tool tweak uses Sawyer (dropped in REX)
b0ff5a1fc58f840ceee0b06b4441c5aba23cd94f,2024-04-04,(Integrate RWSetGeneration) removed rose.h reference,src/midend/programAnalysis/ReadWriteSetAnalysis/Name2Node.C,drop,RWSetAnalysis uses Sawyer (dropped in REX)
18f2b0d13cf82012b3fb9231fbbc47884360c94c,2024-04-04,(RWSets) Moved sage3basic to .C files,src/midend/programAnalysis/ReadWriteSetAnalysis/LocalRWSetGenerator.h src/midend/programAnalysis/ReadWriteSetAnalysis/Name2Node.C src/midend/programAnalysis/ReadWriteSetAnalysis/Name2Node.h src/midend/programAnalysis/ReadWriteSetAnalysis/ReadWriteSetRecords.C src/midend/programAnalysis/ReadWriteSetAnalysis/ReadWriteSetRecords.h src/midend/programAnalysis/ReadWriteSetAnalysis/SageUtils.C src/midend/programAnalysis/ReadWriteSetAnalysis/SageUtils.h src/midend/programAnalysis/ReadWriteSetAnalysis/TestabilityGrader.C src/midend/programAnalysis/ReadWriteSetAnalysis/VxUtilFuncs.C src/midend/programAnalysis/ReadWriteSetAnalysis/VxUtilFuncs.h src/midend/programAnalysis/ReadWriteSetAnalysis/sageUtility.h,drop,RWSetAnalysis uses Sawyer (dropped in REX)
51362889cdbea5d43479cc398e99fa3dd10bcbe5,2024-04-04,(RWSets) Fixed tab spacing,src/midend/programAnalysis/ReadWriteSetAnalysis/LocalRWSetGenerator.C src/midend/programAnalysis/ReadWriteSetAnalysis/ReadWriteSetRecords.h,drop,RWSetAnalysis uses Sawyer (dropped in REX)
014de3003fbeb2ecf9f1084d881cd6dd2f4923ee,2024-04-04,(RWSets) Added sage3basic to TestabilityGraderMain.C,tools/ReadWriteSetGeneration/TestabilityGraderMain.C,drop,RWSetGeneration uses Sawyer (dropped in REX)
da5416ea92c741c7260434f3bbc616998e929664,2024-04-04,(RWSets) Updated VxUtilFuncs to use string(),src/midend/programAnalysis/ReadWriteSetAnalysis/VxUtilFuncs.C,drop,RWSetAnalysis uses Sawyer (dropped in REX)
fcd6268453e55ca3a8a4760385c185dd0c00697c,2024-04-04,(Release) Incremented version to 0.11.145.60,ROSE_VERSION config/SCM_DATE configure.ac src/frontend/CxxFrontend/EDG_VERSION,pick-partial,ROSE_VERSION bump to 0.11.145.60; skipped config/SCM_DATE; configure.ac; EDG_VERSION
f78f015f1c6b732dc16454c6fb27865f7ce55f2b,2024-04-05,(Analysis) Revise GetScope and Global Unique naming for variables.,src/midend/astUtil/AstUtilInterface.C src/midend/astUtil/AstUtilInterface.h src/midend/astUtil/annotation/AnnotDescriptors.C src/midend/astUtil/annotation/OperatorDescriptors.C src/midend/astUtil/annotation/OperatorDescriptors.h src/midend/astUtil/astInterface/AstInterface.C src/midend/astUtil/astInterface/AstInterface.h src/midend/programAnalysis/CFG/CFG.h src/midend/programAnalysis/pointerAnal/PtrAnal.C src/midend/programAnalysis/valuePropagation/ArrayAnnot.C,pick,Revise global-unique variable naming (AstInterface/AstUtil/CFG/ArrayAnnot); Reverted changes in src/midend/astUtil/astInterface/AstInterface.C; src/midend/astUtil/astInterface/AstInterface.h to remove drop-list reintroductions.
d4aa16f47cb7af858380ed5750793ed59242fcd9,2024-04-05,(Engineering) Removed debug message actually unparsed,src/backend/unparser/CxxCodeGeneration/unparseCxx_expressions.C,drop,Reverted changes in src/backend/unparser/CxxCodeGeneration/unparseCxx_expressions.C to remove drop-list reintroductions; no changes kept.
17a1f48675db23690d023a5896ea560750c98ba7,2024-04-05,(Release) Incremented version to 0.11.145.61,ROSE_VERSION config/SCM_DATE configure.ac src/frontend/CxxFrontend/EDG_VERSION,pick-partial,ROSE_VERSION bump to 0.11.145.61; skipped config/SCM_DATE; configure.ac; EDG_VERSION
b718078bb30e4d9c6de5cb552bb53619b76406d5,2024-04-05,(ByteCode) Separate parsing from SgProject creation,src/frontend/SageIII/sage_support/sage_support.C src/roseSupport/utility_functions.C,pick,Create SgProject then parse in frontend(); set_frontendErrorCode after parse; Reverted changes in src/frontend/SageIII/sage_support/sage_support.C to remove drop-list reintroductions.
e99ed8b1fcb3b2e13f309b0c8df4188bd42acea2,2024-04-09,(Engineering) DEAD CODE removal,src/ROSETTA/Grammar/Support.code src/frontend/SageIII/sage_support/cmdline.C src/frontend/SageIII/sage_support/sage_support.C src/roseSupport/utility_functions.C src/util/commandlineProcessing/commandline_processing.C src/util/commandlineProcessing/commandline_processing.h,pick-partial,Dead code cleanup in cmdline/sage_support/utility/commandline_processing + Support.code; skipped Java ExpandArglist blocks (Java dropped); Reverted changes in src/ROSETTA/Grammar/Support.code; src/frontend/SageIII/sage_support/sage_support.C to remove drop-list reintroductions.; EDG disable flag in frontendShell; and AST IO assert block absent in REX
4fc7426aed507066c746f332c58f7ede2b3c94ef,2024-04-11,(Release) Incremented version to 0.11.145.62,ROSE_VERSION config/SCM_DATE configure.ac src/frontend/CxxFrontend/EDG_VERSION,pick-partial,ROSE_VERSION bump to 0.11.145.62; skipped config/SCM_DATE; configure.ac; EDG_VERSION
a17c362516942db0bd42df2e72c1a2e1de301f19,2024-04-11,(Jovial) SegFault related to comments,src/frontend/Experimental_General_Language_Support/SageTreeBuilder.C src/frontend/Experimental_General_Language_Support/SageTreeBuilder.h src/frontend/Experimental_Jovial_ROSE_Connection/ATermToSageJovialTraversal.C src/frontend/SageIII/sageInterface/sageInterface.C,pick-partial,Applied SageTreeBuilder/sageInterface comment-handling fixes; skipped Jovial ATerm traversal (Jovial frontend dropped); Reverted changes in src/frontend/Experimental_General_Language_Support/SageTreeBuilder.C; src/frontend/Experimental_General_Language_Support/SageTreeBuilder.h to remove drop-list reintroductions.
e77fd492e83224650306dfb352d0e1fd3ec1373d,2024-04-12,(Release) Incremented version to 0.11.145.63,ROSE_VERSION config/SCM_DATE configure.ac src/frontend/CxxFrontend/EDG_VERSION,pick-partial,ROSE_VERSION bump to 0.11.145.63; skipped config/SCM_DATE; configure.ac; EDG_VERSION
49e03cbef33345eecaa337332b7ac394f591ec28,2024-04-15,(Engineering) Every header must start by including a ROSE header,scripts/policies/RoseNamespace.pl src/Rose/AST/Checker.h src/Rose/AST/IO.h src/Rose/AST/NodeId.h src/Rose/AST/Utils.h src/Rose/AST/cmdline.h src/Rose/BinaryAnalysis/Alignment.h src/Rose/BinaryAnalysis/AsmFunctionIndex.h src/Rose/BitFlags.h src/Rose/BitOps.h src/Rose/CodeGen/Driver.h src/Rose/CodeGen/Object.h src/Rose/Color.h src/Rose/CommandLine/License.h src/Rose/CommandLine/SelfTest.h src/Rose/CommandLine/Version.h src/Rose/FormatRestorer.h src/Rose/GraphUtility.h src/Rose/Location.h src/Rose/StringUtility/Convert.h src/Rose/StringUtility/Diagnostics.h src/Rose/StringUtility/Escape.h src/Rose/StringUtility/Predicate.h src/Rose/Yaml.h src/featureTests.h,drop,Touches dropped Rose/* headers and RoseFirst.h (not present in REX); policy update tied to dropped headers
28c11b3d255c0d1dec87286f470f552b3a2d5a8f,2024-04-15,(Support) Upgrade to latest Sawyer,src/Sawyer/Tracker.h,drop,Sawyer upgrade (Sawyer dropped in REX)
ab8b65e602bad34b148859767c959a123eb7c3ed,2024-04-15,(Support) Added a traversal similar to querySubTree,src/Rose/AST/Traversal.h,drop,Rose/AST traversal addition in dropped subtree
cf82abb22231270211bb88b3d8c053be66b0ce5f,2024-04-16,(Engineering) Speed up compiling for some translation units,src/Rose/BinaryAnalysis/AbstractLocation.C src/Rose/BinaryAnalysis/AddressInterval.C src/Rose/BinaryAnalysis/AddressIntervalSet.C src/Rose/BinaryAnalysis/AsmFunctionIndex.C src/Rose/BinaryAnalysis/AsmFunctionIndex.h src/Rose/BinaryAnalysis/AstHash.C src/Rose/BinaryAnalysis/BestMapAddress.h src/Rose/BinaryAnalysis/BinaryLoader.C src/Rose/BinaryAnalysis/BinaryLoaderElf.C src/Rose/BinaryAnalysis/BinaryLoaderElf.h src/Rose/BinaryAnalysis/BinaryLoaderElfObj.C src/Rose/BinaryAnalysis/BinaryLoaderPe.C src/Rose/BinaryAnalysis/ByteOrder.C src/Rose/BinaryAnalysis/CodeInserter.C src/Rose/BinaryAnalysis/ConcreteLocation.C src/Rose/BinaryAnalysis/ControlFlow.C src/Rose/BinaryAnalysis/DataFlow.C src/Rose/BinaryAnalysis/DataFlow.h src/Rose/BinaryAnalysis/Demangler.C src/Rose/BinaryAnalysis/Demangler.h src/Rose/BinaryAnalysis/FeasiblePath.C src/Rose/BinaryAnalysis/FunctionCall.C src/Rose/BinaryAnalysis/FunctionSimilarity.C src/Rose/BinaryAnalysis/Hexdump.C src/Rose/BinaryAnalysis/Hexdump.h src/Rose/BinaryAnalysis/HotPatch.C src/Rose/BinaryAnalysis/InstructionCache.C src/Rose/BinaryAnalysis/InstructionCache.h src/Rose/BinaryAnalysis/InstructionProvider.C src/Rose/BinaryAnalysis/InstructionProvider.h src/Rose/BinaryAnalysis/LibraryIdentification.C src/Rose/BinaryAnalysis/MagicNumber.C src/Rose/BinaryAnalysis/MemoryMap.C src/Rose/BinaryAnalysis/NoOperation.C src/Rose/BinaryAnalysis/PointerDetection.C src/Rose/BinaryAnalysis/Reachability.h src/Rose/BinaryAnalysis/RegisterDescriptor.C src/Rose/BinaryAnalysis/RegisterDictionary.C src/Rose/BinaryAnalysis/RegisterNames.C src/Rose/BinaryAnalysis/RegisterParts.C src/Rose/BinaryAnalysis/RelativeVirtualAddress.C src/Rose/BinaryAnalysis/SRecord.C src/Rose/BinaryAnalysis/SRecord.h src/Rose/BinaryAnalysis/SmtCommandLine.C src/Rose/BinaryAnalysis/SmtCommandLine.h src/Rose/BinaryAnalysis/SmtSolver.C src/Rose/BinaryAnalysis/SmtlibSolver.C src/Rose/BinaryAnalysis/SourceLocations.C src/Rose/BinaryAnalysis/SourceLocations.h src/Rose/BinaryAnalysis/StackDelta.C src/Rose/BinaryAnalysis/String.C src/Rose/BinaryAnalysis/SymbolicExpression.C src/Rose/BinaryAnalysis/SymbolicExpressionParser.C src/Rose/BinaryAnalysis/SystemCall.C src/Rose/BinaryAnalysis/TaintedFlow.C src/Rose/BinaryAnalysis/ToSource.C src/Rose/BinaryAnalysis/Variables.C src/Rose/BinaryAnalysis/Z3Solver.C src/Rose/Progress.C src/Rose/SourceLocation.C src/Rose/Yaml.C src/frontend/BinaryFormats/GenericSection.C src/frontend/SageIII/astFileIO/AstSerialization.h src/roseSupport/callbacks.h src/util/stringSupport/escape.C,drop,BinaryAnalysis/Rose/astFileIO/stringSupport/BinaryFormats changes are in dropped subtrees
7183a2f2d51df39808ad435f7567efe37fd964c5,2024-04-16,(Engineering) Removed ROSE_PARTITIONER_MOVE conditional compilation,src/Rose/BinaryAnalysis/Partitioner2/Partitioner.C src/Rose/BinaryAnalysis/Partitioner2/Partitioner.h,drop,BinaryAnalysis Partitioner2 change in dropped subtree
b4a067f95c569252a627c8fafdb811ab3ddc88da,2024-04-16,(Engineering) Removed <sage3basic.h> from most of Partitioner2,src/Rose/BinaryAnalysis/BestMapAddress.C src/Rose/BinaryAnalysis/ByteCode/Analysis.C src/Rose/BinaryAnalysis/ByteCode/Analysis.h src/Rose/BinaryAnalysis/ByteCode/Jvm.C src/Rose/BinaryAnalysis/ByteCode/Jvm.h src/Rose/BinaryAnalysis/FeasiblePath.C src/Rose/BinaryAnalysis/InstructionCache.C src/Rose/BinaryAnalysis/InstructionCache.h src/Rose/BinaryAnalysis/InstructionProvider.C src/Rose/BinaryAnalysis/InstructionProvider.h src/Rose/BinaryAnalysis/ModelChecker/BasicBlockUnit.C src/Rose/BinaryAnalysis/ModelChecker/PartitionerModel.C src/Rose/BinaryAnalysis/Partitioner2/AddressUsageMap.C src/Rose/BinaryAnalysis/Partitioner2/AddressUsageMap.h src/Rose/BinaryAnalysis/Partitioner2/BasicBlock.C src/Rose/BinaryAnalysis/Partitioner2/BasicBlock.h src/Rose/BinaryAnalysis/Partitioner2/BasicTypes.h src/Rose/BinaryAnalysis/Partitioner2/CfgPath.C src/Rose/BinaryAnalysis/Partitioner2/Configuration.C src/Rose/BinaryAnalysis/Partitioner2/ControlFlowGraph.C src/Rose/BinaryAnalysis/Partitioner2/ControlFlowGraph.h src/Rose/BinaryAnalysis/Partitioner2/DataBlock.C src/Rose/BinaryAnalysis/Partitioner2/DataBlock.h src/Rose/BinaryAnalysis/Partitioner2/DataFlow.C src/Rose/BinaryAnalysis/Partitioner2/Engine.C src/Rose/BinaryAnalysis/Partitioner2/Engine.h src/Rose/BinaryAnalysis/Partitioner2/EngineBinary.C src/Rose/BinaryAnalysis/Partitioner2/EngineJvm.C src/Rose/BinaryAnalysis/Partitioner2/Exception.C src/Rose/BinaryAnalysis/Partitioner2/Function.C src/Rose/BinaryAnalysis/Partitioner2/Function.h src/Rose/BinaryAnalysis/Partitioner2/FunctionCallGraph.C src/Rose/BinaryAnalysis/Partitioner2/FunctionNoop.C src/Rose/BinaryAnalysis/Partitioner2/GraphViz.C src/Rose/BinaryAnalysis/Partitioner2/MayReturnAnalysis.C src/Rose/BinaryAnalysis/Partitioner2/Modules.C src/Rose/BinaryAnalysis/Partitioner2/ModulesElf.C src/Rose/BinaryAnalysis/Partitioner2/ModulesLinux.C src/Rose/BinaryAnalysis/Partitioner2/ModulesM68k.C src/Rose/BinaryAnalysis/Partitioner2/ModulesMips.C src/Rose/BinaryAnalysis/Partitioner2/ModulesPe.C src/Rose/BinaryAnalysis/Partitioner2/ModulesPowerpc.C src/Rose/BinaryAnalysis/Partitioner2/ModulesX86.C src/Rose/BinaryAnalysis/Partitioner2/ParallelPartitioner.C src/Rose/BinaryAnalysis/Partitioner2/Partitioner.C src/Rose/BinaryAnalysis/Partitioner2/Partitioner.h src/Rose/BinaryAnalysis/Partitioner2/Reference.C src/Rose/BinaryAnalysis/Partitioner2/Reference.h src/Rose/BinaryAnalysis/Partitioner2/Semantics.C src/Rose/BinaryAnalysis/Partitioner2/Semantics.h src/Rose/BinaryAnalysis/Partitioner2/StackDeltaAnalysis.C src/Rose/BinaryAnalysis/Partitioner2/Thunk.C src/Rose/BinaryAnalysis/Partitioner2/Thunk.h src/Rose/BinaryAnalysis/Partitioner2/Utility.C src/Rose/BinaryAnalysis/PointerDetection.C src/Rose/BinaryAnalysis/SerialIo.C src/Rose/BinaryAnalysis/SerialIo.h src/Rose/BinaryAnalysis/StackDelta.C src/Rose/BinaryAnalysis/ToSource.C src/Rose/BinaryAnalysis/Variables.C src/frontend/SageIII/sageInterface/SageBuilderAsm.h tools/BinaryAnalysis/bat-ana.C tools/BinaryAnalysis/bat-linear.C tools/BinaryAnalysis/bat-native-trace.C tools/BinaryAnalysis/bat-pardis.C,drop,BinaryAnalysis/Partitioner2/tools changes in dropped subtrees
f7bb26ef15ebd0769e238dacd29c771425815326,2024-04-16,(Engineering) Rewrote AstHash,src/Makefile.am src/Rose/BinaryAnalysis.h src/Rose/BinaryAnalysis/AstHash.C src/Rose/BinaryAnalysis/AstHash.h src/Rose/BinaryAnalysis/AstHasher.C src/Rose/BinaryAnalysis/AstHasher.h src/Rose/BinaryAnalysis/BasicTypes.h src/Rose/BinaryAnalysis/CMakeLists.txt src/Rose/BinaryAnalysis/LibraryIdentification.C src/Rose/BinaryAnalysis/Tupfile src/Rose/Makefile.am src/midend/BinaryAnalysis/libraryIdentification/LibraryInfo.h,drop,BinaryAnalysis AstHasher rewrite in dropped subtree; autotools files
0554dbf05675bb68e392182f15500141bcb4e519,2024-04-16,(Engineering) Removed <sage3basic.h> from concolic testing,src/Rose/BinaryAnalysis/BasicTypes.h src/Rose/BinaryAnalysis/BestMapAddress.C src/Rose/BinaryAnalysis/BinaryLoader.C src/Rose/BinaryAnalysis/BinaryLoaderPe.C src/Rose/BinaryAnalysis/ByteCode/Analysis.C src/Rose/BinaryAnalysis/ByteCode/Cil.C src/Rose/BinaryAnalysis/ByteCode/Cil.h src/Rose/BinaryAnalysis/ByteCode/Jvm.C src/Rose/BinaryAnalysis/CallingConvention.C src/Rose/BinaryAnalysis/CodeInserter.C src/Rose/BinaryAnalysis/CodeInserter.h src/Rose/BinaryAnalysis/Concolic/Architecture.C src/Rose/BinaryAnalysis/Concolic/Architecture.h src/Rose/BinaryAnalysis/Concolic/BasicTypes.h src/Rose/BinaryAnalysis/Concolic/Callback/MemoryExit.C src/Rose/BinaryAnalysis/Concolic/Callback/MemoryInput.C src/Rose/BinaryAnalysis/Concolic/Callback/MemoryTime.C src/Rose/BinaryAnalysis/Concolic/ConcolicExecutor.C src/Rose/BinaryAnalysis/Concolic/ConcolicExecutor.h src/Rose/BinaryAnalysis/Concolic/ConcreteExecutor.C src/Rose/BinaryAnalysis/Concolic/ConcreteResult.C src/Rose/BinaryAnalysis/Concolic/Database.C src/Rose/BinaryAnalysis/Concolic/Database.h src/Rose/BinaryAnalysis/Concolic/Emulation.C src/Rose/BinaryAnalysis/Concolic/ExecutionEvent.C src/Rose/BinaryAnalysis/Concolic/ExecutionLocation.C src/Rose/BinaryAnalysis/Concolic/ExecutionManager.C src/Rose/BinaryAnalysis/Concolic/I386Linux/Architecture.C src/Rose/BinaryAnalysis/Concolic/I386Linux/Architecture.h src/Rose/BinaryAnalysis/Concolic/I386Linux/ExitStatusExecutor.C src/Rose/BinaryAnalysis/Concolic/I386Linux/ExitStatusResult.C src/Rose/BinaryAnalysis/Concolic/I386Linux/ExitStatusResult.h src/Rose/BinaryAnalysis/Concolic/I386Linux/TracingExecutor.C src/Rose/BinaryAnalysis/Concolic/I386Linux/TracingExecutor.h src/Rose/BinaryAnalysis/Concolic/I386Linux/TracingResult.C src/Rose/BinaryAnalysis/Concolic/I386Linux/TracingResult.h src/Rose/BinaryAnalysis/Concolic/InputVariables.C src/Rose/BinaryAnalysis/Concolic/InputVariables.h src/Rose/BinaryAnalysis/Concolic/M68kSystem/Architecture.C src/Rose/BinaryAnalysis/Concolic/M68kSystem/Architecture.h src/Rose/BinaryAnalysis/Concolic/M68kSystem/TracingExecutor.C src/Rose/BinaryAnalysis/Concolic/M68kSystem/TracingResult.C src/Rose/BinaryAnalysis/Concolic/Settings.C src/Rose/BinaryAnalysis/Concolic/SharedMemory.C src/Rose/BinaryAnalysis/Concolic/Specimen.C src/Rose/BinaryAnalysis/Concolic/SystemCall.C src/Rose/BinaryAnalysis/Concolic/TestCase.C src/Rose/BinaryAnalysis/Concolic/TestSuite.C src/Rose/BinaryAnalysis/Concolic/Utility.C,drop,BinaryAnalysis concolic changes in dropped subtree
d0d9d1dff547181853c4069f9257d02a3490b1f7,2024-04-16,(Engineering) Removed <sage3basic.h> from some translation units,src/Rose/BinaryAnalysis/Dwarf/Dwarf.C src/Rose/BinaryAnalysis/FeasiblePath.C src/Rose/BinaryAnalysis/FeasiblePath.h src/Rose/BinaryAnalysis/FunctionSimilarity.C src/Rose/BinaryAnalysis/InstructionCache.C src/Rose/BinaryAnalysis/InstructionProvider.C src/Rose/BinaryAnalysis/InstructionSemantics/SourceAstSemantics.C src/Rose/BinaryAnalysis/LibraryIdentification.C src/Rose/BinaryAnalysis/LibraryIdentification.h src/frontend/BinaryFormats/WorkLists.h src/util/Map.h,drop,BinaryAnalysis/BinaryFormats changes in dropped subtrees; src/util/Map.h not present in REX
9e075ba680ec681f102a4ffa937605783aa75b4d,2024-04-16,(Engineering) Speed up compilation of model checker,src/Rose/BinaryAnalysis/ModelChecker/BasicBlockUnit.C src/Rose/BinaryAnalysis/ModelChecker/Engine.C src/Rose/BinaryAnalysis/ModelChecker/ErrorTag.C src/Rose/BinaryAnalysis/ModelChecker/ExecutionUnit.C src/Rose/BinaryAnalysis/ModelChecker/ExecutionUnit.h src/Rose/BinaryAnalysis/ModelChecker/ExternalFunctionUnit.C src/Rose/BinaryAnalysis/ModelChecker/FailureUnit.C src/Rose/BinaryAnalysis/ModelChecker/InstructionUnit.C src/Rose/BinaryAnalysis/ModelChecker/InstructionUnit.h src/Rose/BinaryAnalysis/ModelChecker/NullDereferenceTag.C src/Rose/BinaryAnalysis/ModelChecker/NullDereferenceTag.h src/Rose/BinaryAnalysis/ModelChecker/OutOfBoundsTag.C src/Rose/BinaryAnalysis/ModelChecker/PartitionerModel.C src/Rose/BinaryAnalysis/ModelChecker/Path.C src/Rose/BinaryAnalysis/ModelChecker/PathNode.C src/Rose/BinaryAnalysis/ModelChecker/PathPredicate.C src/Rose/BinaryAnalysis/ModelChecker/PathPrioritizer.C src/Rose/BinaryAnalysis/ModelChecker/PathQueue.C src/Rose/BinaryAnalysis/ModelChecker/Periodic.C src/Rose/BinaryAnalysis/ModelChecker/SemanticCallbacks.C src/Rose/BinaryAnalysis/ModelChecker/Settings.C src/Rose/BinaryAnalysis/ModelChecker/Settings.h src/Rose/BinaryAnalysis/ModelChecker/SourceLister.C src/Rose/BinaryAnalysis/ModelChecker/SourceLister.h src/Rose/BinaryAnalysis/ModelChecker/Tag.C src/Rose/BinaryAnalysis/ModelChecker/UninitializedVariableTag.C src/Rose/BinaryAnalysis/ModelChecker/Variables.C src/Rose/BinaryAnalysis/ModelChecker/WorkerStatus.C,drop,BinaryAnalysis ModelChecker changes in dropped subtree
6daebde78a2b07933b27faf641b59bcb5ae782b1,2024-04-16,(Engineering) Speed up compilation of BinaryAnalysis::Unparser,src/Rose/BinaryAnalysis/PointerDetection.C src/Rose/BinaryAnalysis/Reachability.C src/Rose/BinaryAnalysis/Reachability.h src/Rose/BinaryAnalysis/ReturnValueUsed.C src/Rose/BinaryAnalysis/StackDelta.C src/Rose/BinaryAnalysis/SystemCall.C src/Rose/BinaryAnalysis/ToSource.C src/Rose/BinaryAnalysis/Unparser/Aarch32.C src/Rose/BinaryAnalysis/Unparser/Aarch64.C src/Rose/BinaryAnalysis/Unparser/Base.C src/Rose/BinaryAnalysis/Unparser/Cil.C src/Rose/BinaryAnalysis/Unparser/EdgeArrows.C src/Rose/BinaryAnalysis/Unparser/Jvm.C src/Rose/BinaryAnalysis/Unparser/M68k.C src/Rose/BinaryAnalysis/Unparser/Mips.C src/Rose/BinaryAnalysis/Unparser/Null.C src/Rose/BinaryAnalysis/Unparser/Powerpc.C src/Rose/BinaryAnalysis/Unparser/X86.C src/Rose/BinaryAnalysis/Variables.C,drop,BinaryAnalysis Unparser changes in dropped subtree
198f2ff6b51b9c9349aeabe7178d65189a66fa19,2024-04-16,(Engineering) Removed <sage3basic.h> from more translation units,src/Rose/CommandLine/Parser.C src/Rose/Diagnostics/Diagnostics.C src/Rose/Initialize.C src/Rose/Initialize.h,drop,Rose/CommandLine/Diagnostics/Initialize not present (dropped Rose subtrees)
ef6b8c7c01d0c6d2812d2ecdd66f32135d7f1acb,2024-04-16,(Build) Script to show buid time per file and directory,scripts/compile-times.pl,drop,Tup/binary-analysis build timing script (dropped tooling)
4b2675e222eb0dcc371418de9eda41137990784c,2024-04-18,Add Jovial filenames to SourceFileSuffixList,src/util/commandlineProcessing/commandline_processing.C,drop,Adds Jovial/Ada/Java suffix handling (dropped languages)
1c3943dd8fd699e0f830b6697902a1b43fa15f03,2024-04-18,(Ada) improve source location information,src/backend/unparser/nameQualificationSupport.C src/backend/unparser/nameQualificationSupport.h src/frontend/Experimental_Ada_ROSE_Connection/AdaExpression.C src/frontend/Experimental_Ada_ROSE_Connection/AdaMaker.C src/frontend/Experimental_Ada_ROSE_Connection/AdaStatement.C src/frontend/Experimental_Ada_ROSE_Connection/AdaStatement.h src/frontend/Experimental_Ada_ROSE_Connection/AdaType.C src/frontend/Experimental_Ada_ROSE_Connection/Ada_to_ROSE.C src/frontend/SageIII/sageInterface/sageInterfaceAda.C src/frontend/SageIII/sageInterface/sageInterfaceAda.h,drop,Ada-specific updates (Ada dropped in REX)
7bc48978cb0ef29e8b7592288389f70260ce45a7,2024-04-18,(Release) Incremented version to 0.11.145.64,ROSE_VERSION config/SCM_DATE configure.ac src/frontend/CxxFrontend/EDG_VERSION,pick-partial,ROSE_VERSION bump to 0.11.145.64; skipped config/SCM_DATE; configure.ac; EDG_VERSION
a03cc1d2889e4169b921d85c75598af9e72d51cd,2024-04-19,(AstName) Clean up getting unique global names for variables and functions.,src/Rose/Diagnostics/Diagnostics.C src/midend/astUtil/AstUtilInterface.C src/midend/astUtil/AstUtilInterface.h src/midend/astUtil/annotation/AnnotDescriptors.C src/midend/astUtil/annotation/OperatorAnnotation.h src/midend/astUtil/annotation/OperatorDescriptors.C src/midend/astUtil/annotation/OperatorDescriptors.h src/midend/astUtil/astInterface/AstInterface.C src/midend/astUtil/astInterface/AstInterface.h src/midend/astUtil/astInterface/AstInterface_ROSE.h,pick-partial,AstUtil/AstInterface/annotation naming cleanup; skipped Rose/Diagnostics update (dropped subtree); Reverted changes in src/midend/astUtil/astInterface/AstInterface.C; src/midend/astUtil/astInterface/AstInterface.h to remove drop-list reintroductions.
65312fadff05b5d463a58a28000e324fd259d4d6,2024-04-19,(Release) Incremented version to 0.11.145.65,ROSE_VERSION config/SCM_DATE configure.ac src/frontend/CxxFrontend/EDG_VERSION,pick-partial,Updated ROSE_VERSION only; skipped EDG_VERSION/configure/SCM_DATE
148b25b3ceb12d63b301278a1cf1eead2b4dcf1d,2024-04-20,(RWSets) Updated to pass tests for C++98,src/midend/programAnalysis/ReadWriteSetAnalysis/LocalRWSetGenerator.C src/midend/programAnalysis/ReadWriteSetAnalysis/LocalRWSetGenerator.h src/midend/programAnalysis/ReadWriteSetAnalysis/ReadWriteSetRecords.C src/midend/programAnalysis/ReadWriteSetAnalysis/ReadWriteSetRecords.h src/midend/programAnalysis/ReadWriteSetAnalysis/VxUtilFuncs.C src/midend/programAnalysis/ReadWriteSetAnalysis/VxUtilFuncs.h,drop,ReadWriteSetAnalysis not tracked in REX (Sawyer-dependent component removed)
f0227b1d69b615ac2583408135655339c051bd24,2024-04-20,(Bug) Fixed missing #include for SgNode.h,src/ROSETTA/Grammar/Node.code src/util/ROSE_DEPRECATED.h,pick,Added ROSE_DEPRECATED include in Node.code; removed self-include
cd00e9b03412e02075f4a0454c4a6a245c11d895,2024-04-20,(Support) Better diagnostics for Rose::AST::Utils::checkParentPointers,src/Rose/AST/Utils.C src/frontend/SageIII/astFileIO/AstSerialization.h,drop,Touches src/Rose/AST and astFileIO which are dropped in REX
d1c14dbf105adc676bd5fe0b49da9bf5e39bf090,2024-04-20,(Binary Analysis) Fixed bug in AST parent pointers for AArch32 decoder,src/Rose/BinaryAnalysis/Disassembler/Aarch32.C,drop,BinaryAnalysis subtree dropped in REX
bb1fc100c7d6a66897344af9ed2cfe84154fa26a,2024-04-20,(Engineering) Fixed naming convention violation for Rose::AST::Utils,src/Makefile.am src/Rose/AST.h src/Rose/AST/CMakeLists.txt src/Rose/AST/PolicyControl.txt src/Rose/AST/Tupfile src/Rose/AST/Utility.C src/Rose/AST/Utility.h src/Rose/AST/io/link.C src/Rose/AST/io/share.C src/Rose/AST/utils/edge_ptr_repl.C src/Rose/BinaryAnalysis/InstructionSemantics/StaticSemantics.C src/Rose/Makefile.am src/frontend/SageIII/astFileIO/AstSerialization.h src/frontend/SageIII/astPostProcessing/fixupConstantFoldedValues.C src/frontend/SageIII/sageInterface/sageInterface.C src/frontend/SageIII/sageInterface/sageInterface_type.C,drop,Touches Rose/AST and BinaryAnalysis subtrees dropped in REX
9d6938d0ed99244545bdbbef64305e1f798f8c59,2024-04-20,(Engineering) Fixed compiler warnings,src/Rosebud/CerealSerializer.C,drop,Dropped Rosebud changes to avoid Sawyer (dropped component); Rosebud removed.
964c410f906f9bd78821ab967551648c2fd4a89d,2024-04-20,(Tools) Rearranged switch documentation in tool man pages,tools/BinaryAnalysis/bat-ana.C tools/BinaryAnalysis/bat-cc.C tools/BinaryAnalysis/bat-cfg.C tools/BinaryAnalysis/bat-cg.C tools/BinaryAnalysis/bat-check-execution.C tools/BinaryAnalysis/bat-dataflow.C tools/BinaryAnalysis/bat-debug-semantics.C tools/BinaryAnalysis/bat-delta-bijection.C tools/BinaryAnalysis/bat-dis.C tools/BinaryAnalysis/bat-entropy.C tools/BinaryAnalysis/bat-flir-ascribe.C tools/BinaryAnalysis/bat-flir-insert.C tools/BinaryAnalysis/bat-flir-lib.C tools/BinaryAnalysis/bat-insnfreq-cmp.C tools/BinaryAnalysis/bat-linear.C tools/BinaryAnalysis/bat-lsd.C tools/BinaryAnalysis/bat-mem.C tools/BinaryAnalysis/bat-native-trace.C tools/BinaryAnalysis/bat-pointers.C tools/BinaryAnalysis/bat-scan-magic.C tools/BinaryAnalysis/bat-similar-functions.C tools/BinaryAnalysis/bat-simplify.C tools/BinaryAnalysis/bat-stack-deltas.C tools/BinaryAnalysis/bat-trace.C tools/BinaryAnalysis/bat-var.C tools/BinaryAnalysis/bat-xml-to-json.C tutorial/binaryAnalysis/disassembler.C,drop,BinaryAnalysis tools dropped in REX
c4e1280525b54325399e8f81dec33f3c748d7c5e,2024-04-20,(Release) Incremented version to 0.11.145.66,ROSE_VERSION config/SCM_DATE configure.ac src/frontend/CxxFrontend/EDG_VERSION,pick-partial,Updated ROSE_VERSION only; skipped EDG_VERSION/configure/SCM_DATE
bf727f3d46a1ba475b4f933cd36f2c9867e28c63,2024-04-22,(AstInterface) Make IsFunctionCall not abort when unable to identify callee.,src/midend/astUtil/astInterface/AstInterface.C,drop,Reverted changes in src/midend/astUtil/astInterface/AstInterface.C to remove drop-list reintroductions; no changes kept.
f74b7d4070585aa1861774a315b174f0977faedf,2024-04-24,(YAML) Improve YAML parser.,src/Sawyer/Yaml.C,drop,Sawyer dropped in REX
1217ecb77ba90949f77916a0986cd9a69d9a2a00,2024-04-24,(YAML) Properly handle escaped YAML quotes.,src/Sawyer/Yaml.C,drop,Sawyer dropped in REX
5d9667090730f59ceb54f8aa8ffceecaf06aa528,2024-04-24,(YAML) Add UTF8 support,src/Sawyer/Yaml.C,drop,Sawyer dropped in REX
64a1dfff7405be1ff6d468f39889eed1542ac7d2,2024-04-24,(YAML) Handle compact sequences,src/Sawyer/Yaml.C,drop,Sawyer dropped in REX
812d392bf97b3512ce43ac25730dc20f8476c99b,2024-04-24,(YAML) Parse nested compact sequences in maps,src/Sawyer/Yaml.C,drop,Sawyer dropped in REX
694d67bfcbc773bd7936d242423286edafea8748,2024-04-24,(YAML) Update comments,src/Sawyer/Yaml.C,drop,Sawyer dropped in REX
50322b24ce5d83053e50ac666682d0e7bfd1b0f8,2024-04-24,Remove binary specimens from CommandlineProcessing,src/frontend/SageIII/sage_support/cmdline.C,pick,Wrapped binary-suffix fallback with FORCE_SRC_SUFFIX macro
d7292539bcc033cb54dbb6e6a01817a706f6d668,2024-04-24,Remove binary specimens from CommandlineProcessing,src/frontend/SageIII/sage_support/cmdline.C,pick,Set FORCE_SRC_SUFFIX to 0 in cmdline
6795d80063dc213850999234484dd86f2b231cec,2024-04-24,Remove binary specimens from CommandlineProcessing,src/frontend/SageIII/sage_support/cmdline.C src/roseSupport/utility_functions.C src/util/commandlineProcessing/commandline_processing.C src/util/commandlineProcessing/commandline_processing.h,pick-partial,Applied TAKE_BACKDOOR rename and source suffix logic (Fortran only); removed addSourceFileSuffix + Fortran suffix list; skipped roseSupport/utility_functions.C (missing) and Ada/Java/Jovial detection
bbd2865cacd238c7b4b18c6306afee1d389c00fa,2024-04-24,Remove binary specimens from CommandlineProcessing,src/frontend/SageIII/sage_support/cmdline.C,pick,Enabled TAKE_BACKDOOR and added non-executable abort guard
9a1600c91449ce6318e2f0e5eaf38f4dcc7ebb99,2024-04-24,Remove binary specimens from CommandlineProcessing,src/frontend/SageIII/sage_support/cmdline.C,pick,Removed isValidFileWithExecutableFileSuffix backdoor block
1b269cf12aaaad002b49036d8ede74a18650f209,2024-04-24,(Release) Incremented version to 0.11.145.67,ROSE_VERSION config/SCM_DATE configure.ac src/frontend/CxxFrontend/EDG_VERSION,pick-partial,Updated ROSE_VERSION only; skipped EDG_VERSION/configure/SCM_DATE
54a255a4b0b7de4b436343f1eeb6722d5017a4c4,2024-04-26,(Name Mangling) Short name mangling is now hash-based instead of counter based,src/ROSETTA/Grammar/Node.code src/ROSETTA/Grammar/Statement.code src/ROSETTA/Grammar/Support.code src/ROSETTA/src/node.C src/frontend/SageIII/astFileIO/StorageClassMemoryManagement.C src/frontend/SageIII/astFileIO/StorageClassMemoryManagement.h src/frontend/SageIII/sageInterface/sageInterface.C src/frontend/SageIII/sage_support/cmdline.C src/midend/astDiagnostics/AstConsistencyTests.C src/roseSupport/Combinatorics.C src/roseSupport/Combinatorics.h,pick-partial,Updated shortMangledNameCache to uint64_t + noshortname option; retained counter-based short names (no Combinatorics); skipped astFileIO StorageClassMemoryManagement + src/roseSupport Combinatorics; Reverted changes in src/ROSETTA/Grammar/Support.code to remove drop-list reintroductions.
43f6b9601435f4e1f0e5ab9241df0645a6229c67,2024-04-26,(CodeThorn) Display abstract in layout graph,tools/CodeThorn/src/ClassHierarchyAnalysis.h tools/CodeThorn/src/ClassHierarchyWriter.C tools/CodeThorn/src/ObjectLayoutAnalysis.C tools/CodeThorn/src/ObjectLayoutAnalysis.h tools/CodeThorn/src/RoseCompatibility.C,drop,CodeThorn dropped in REX
a0e577636d1db239875f95d3be520eabd2bcb2bb,2024-04-26,(Ada) improve type computation,src/ROSETTA/Grammar/Type.code src/backend/unparser/nameQualificationSupport.C src/frontend/Experimental_Ada_ROSE_Connection/AdaType.C src/frontend/Experimental_Ada_ROSE_Connection/Ada_to_ROSE.C src/frontend/SageIII/sageInterface/sageInterfaceAda.C src/frontend/SageIII/sage_support/sage_support.C,drop,Ada dropped in REX; also softens assertions
910571c9ca7d8d62bf3df7869b4055e18b4ce9c1,2024-04-26,Mothball X10,CMakeLists.txt Tuprules.tup build config/Makefile.for.ROSE.includes.and.libs config/choose-backend-compiler.m4 config/support-backend-x10.m4 config/support-frontend-x10.m4 config/support-languages.m4 config/support-rose.m4 config/support-x10.m4 enums.txt rose_config.h.in.cmake src/CMakeLists.txt src/Makefile.am src/ROSETTA/Grammar/Support.code src/ROSETTA/src/grammar.h src/ROSETTA/src/support.C src/backend/Makefile.am src/backend/unparser/AdaCodeGeneration/unparseAda_types.C src/backend/unparser/CMakeLists.txt src/backend/unparser/Makefile_variables src/backend/unparser/X10CodeGeneration/CMakeLists.txt src/backend/unparser/X10CodeGeneration/Makefile_variables src/backend/unparser/X10CodeGeneration/Tupfile src/backend/unparser/X10CodeGeneration/documentation.docs src/backend/unparser/X10CodeGeneration/unparseX10.h src/backend/unparser/X10CodeGeneration/unparseX10_expressions.C src/backend/unparser/X10CodeGeneration/unparseX10_statements.C src/backend/unparser/X10CodeGeneration/unparseX10_types.C src/backend/unparser/unparser.C src/backend/unparser/unparser.h src/frontend/CMakeLists.txt src/frontend/Makefile.am src/frontend/SageIII/sageInterface/sageBuilder.C src/frontend/SageIII/sageInterface/sageInterface.C src/frontend/SageIII/sageInterface/sageInterface.h src/frontend/SageIII/sage_support/cmdline.C src/frontend/SageIII/sage_support/cmdline.h src/frontend/SageIII/sage_support/sage_support.C src/frontend/SageIII/sage_support/sage_support.h src/frontend/X10_ROSE_Connection/CMakeLists.txt src/frontend/X10_ROSE_Connection/JavaSourceCodePosition.C src/frontend/X10_ROSE_Connection/JavaSourceCodePosition.h src/frontend/X10_ROSE_Connection/Makefile.am src/frontend/X10_ROSE_Connection/Parser.h src/frontend/X10_ROSE_Connection/ParserActionROSE.C src/frontend/X10_ROSE_Connection/README.md src/frontend/X10_ROSE_Connection/Tupfile src/frontend/X10_ROSE_Connection/dummy_x10_main.cpp src/frontend/X10_ROSE_Connection/jni_x10SourceCodePosition.C src/frontend/X10_ROSE_Connection/jni_x10SourceCodePosition.h src/frontend/X10_ROSE_Connection/jni_x10_token.C src/frontend/X10_ROSE_Connection/jni_x10_token.h src/frontend/X10_ROSE_Connection/jni_x10_utils.C src/frontend/X10_ROSE_Connection/jni_x10_utils.h src/frontend/X10_ROSE_Connection/jserver.C src/frontend/X10_ROSE_Connection/jserver.h src/frontend/X10_ROSE_Connection/samples/Fibonacci.x10 src/frontend/X10_ROSE_Connection/samples/QSort.x10 src/frontend/X10_ROSE_Connection/setenv-rose.sh src/frontend/X10_ROSE_Connection/setup-rose.sh src/frontend/X10_ROSE_Connection/x10.C src/frontend/X10_ROSE_Connection/x10.h src/frontend/X10_ROSE_Connection/x10ActionROSE.C src/frontend/X10_ROSE_Connection/x10Parser.h src/frontend/X10_ROSE_Connection/x10SourceCodePosition.C src/frontend/X10_ROSE_Connection/x10SourceCodePosition.h src/frontend/X10_ROSE_Connection/x10Traversal.C src/frontend/X10_ROSE_Connection/x10Traversal.h src/frontend/X10_ROSE_Connection/x10_main.cpp src/frontend/X10_ROSE_Connection/x10_support.C src/frontend/X10_ROSE_Connection/x10_support.h src/frontend/X10_ROSE_Connection/x10_token.C src/frontend/X10_ROSE_Connection/x10_token.h src/roseSupport/utility_functions.C src/roseSupport/utility_functions.h src/util/commandlineProcessing/commandline_processing.C src/util/commandlineProcessing/commandline_processing.h tup.config,drop,X10 subsystem dropped in REX; reverted changes in X10-related build/config and code paths; no changes kept.; `src/backend/unparser/unparser.{C; h}`; and `src/frontend/SageIII/sage_support/sage_support.C`; skipped dropped X10 dirs and autotools/config changes; removed asmUnparser headers from src/backend/Makefile.am
8d9b1beb16436007966b81c29233aabeb62d9dca,2024-04-26,(Release) Incremented version to 0.11.145.68,ROSE_VERSION config/SCM_DATE configure.ac src/frontend/CxxFrontend/EDG_VERSION,pick-partial,Updated ROSE_VERSION only; skipped EDG_VERSION/configure/SCM_DATE
b10f8314539108099d24752f9334a22041715eef,2024-04-27,(Pipeline) added long timeout for ACATS testing,.gitlab-ci.yml,drop,CI config + Ada tests dropped in REX
603957d875c557dac2d7b81657a6a87066c22006,2024-04-27,(Release) Incremented version to 0.11.145.69,ROSE_VERSION config/SCM_DATE configure.ac src/frontend/CxxFrontend/EDG_VERSION,pick-partial,Updated ROSE_VERSION only; skipped EDG_VERSION/configure/SCM_DATE
d96c4d07c3e8f2c751a42d42469e24d1b36dd62d,2024-04-28,(Ada) Revise source location information,src/backend/unparser/AdaCodeGeneration/unparseAda_statements.C src/frontend/Experimental_Ada_ROSE_Connection/AdaExpression.C src/frontend/Experimental_Ada_ROSE_Connection/AdaMaker.C src/frontend/Experimental_Ada_ROSE_Connection/AdaMaker.h src/frontend/Experimental_Ada_ROSE_Connection/AdaStatement.C src/frontend/Experimental_Ada_ROSE_Connection/AdaType.C src/frontend/Experimental_Ada_ROSE_Connection/Ada_to_ROSE.C src/frontend/Experimental_Ada_ROSE_Connection/Ada_to_ROSE.h src/frontend/SageIII/attachPreprocessingInfoTraversal.C src/frontend/SageIII/sageInterface/sageInterfaceAda.C src/frontend/SageIII/sageInterface/sageInterfaceAda.h,drop,Ada dropped in REX
2884aed513fdc1c3791c848e8fbf9577a2377ce5,2024-04-29,(AST Construction) Explicitly delete constructors,src/ROSETTA/Grammar/Support.code,drop,Reverted changes in src/ROSETTA/Grammar/Support.code to remove drop-list reintroductions; no changes kept.
9ca5a8bbcf4594e10095e7e86ccd81c6b133ce79,2024-04-29,(Release) Incremented version to 0.11.145.70,ROSE_VERSION config/SCM_DATE configure.ac src/frontend/CxxFrontend/EDG_VERSION,pick-partial,Updated ROSE_VERSION only; skipped EDG_VERSION/configure/SCM_DATE
92a34b1cc1d3564f57b30bb303f5dd403484d44e,2024-04-29,(Engineering) Speed up compilation of tools by removing <rose.h>,tools/BinaryAnalysis/batSupport.h,drop,BinaryAnalysis tools dropped in REX
a2a987bd8137defaa79c6c13c646c94a47142c10,2024-04-29,(Binary Analysis) Added SgAsmPointerType and SgAsmVoidType,Tuprules.tup cmake/copy_files.cmake scripts/edg-generate-sig src/AstNodes/BinaryAnalysis/SgAsmPointerType.h src/AstNodes/BinaryAnalysis/SgAsmVoidType.h src/CMakeLists.txt src/ROSETTA/astNodeList src/ROSETTA/src/Makefile.am src/ROSETTA/src/binaryInstruction.C src/frontend/Disassemblers/SgAsmType.C src/generated/BinaryAnalysis/CMakeLists.txt src/generated/BinaryAnalysis/Makefile.am src/generated/BinaryAnalysis/SgAsmPointerType.C src/generated/BinaryAnalysis/SgAsmVoidType.C src/generated/BinaryAnalysis/Tupfile,drop,BinaryAnalysis dropped in REX
b5e9abc9e8ee8ca5ac09a7b01c2e16198a07f7e5,2024-04-29,(Binary Analysis) Added member functions to create int and fp types,src/AstNodes/BinaryAnalysis/SgAsmFloatType.h src/AstNodes/BinaryAnalysis/SgAsmIntegerType.h src/ROSETTA/src/binaryInstruction.C src/frontend/Disassemblers/SgAsmType.C,drop,BinaryAnalysis dropped in REX
195ab56723946dbe6a62715f60b7f46423409c47,2024-04-29,(Binary Analysis) 1-byte scalar types can still specify byte order,src/frontend/Disassemblers/SgAsmType.C,drop,BinaryAnalysis dropped in REX
bca3bc93a2a4de15e3c066ae2b75ddd0155d6074,2024-04-29,(Binary Analysis) `Alignment` can be default-constructed; isAligned,src/Rose/BinaryAnalysis/Alignment.C src/Rose/BinaryAnalysis/Alignment.h,drop,BinaryAnalysis dropped in REX
2e41f9ab02a829fe06af973f92246da092e47bbb,2024-04-29,(BinaryAnalysis) Added CallingConvention::Declaration,src/Rose/BinaryAnalysis/Architecture/Amd64.C src/Rose/BinaryAnalysis/Architecture/Base.C src/Rose/BinaryAnalysis/Architecture/Base.h src/Rose/BinaryAnalysis/Architecture/Motorola.C src/Rose/BinaryAnalysis/Architecture/Powerpc.C src/Rose/BinaryAnalysis/Architecture/X86.C src/Rose/BinaryAnalysis/BasicTypes.h src/Rose/BinaryAnalysis/CallingConvention.C src/Rose/BinaryAnalysis/CallingConvention.h tools/BinaryAnalysis/SimpleArch.C,drop,BinaryAnalysis dropped in REX
70cc390db95b62dc2f62508ac42bf589782da7fc,2024-04-29,(Binary Analysis) Split calling convention into smaller parts,docs/Rose/rose.cfg.in src/CMakeLists.txt src/Makefile.am src/Rose/BinaryAnalysis/Alignment.h src/Rose/BinaryAnalysis/Architecture/Base.C src/Rose/BinaryAnalysis/Architecture/Base.h src/Rose/BinaryAnalysis/BasicTypes.h src/Rose/BinaryAnalysis/CMakeLists.txt src/Rose/BinaryAnalysis/CallingConvention.C src/Rose/BinaryAnalysis/CallingConvention.h src/Rose/BinaryAnalysis/CallingConvention/Analysis.C src/Rose/BinaryAnalysis/CallingConvention/Analysis.h src/Rose/BinaryAnalysis/CallingConvention/BasicTypes.C src/Rose/BinaryAnalysis/CallingConvention/BasicTypes.h src/Rose/BinaryAnalysis/CallingConvention/CMakeLists.txt src/Rose/BinaryAnalysis/CallingConvention/Declaration.C src/Rose/BinaryAnalysis/CallingConvention/Declaration.h src/Rose/BinaryAnalysis/CallingConvention/Definition.C src/Rose/BinaryAnalysis/CallingConvention/Definition.h src/Rose/BinaryAnalysis/CallingConvention/Exception.C src/Rose/BinaryAnalysis/CallingConvention/Exception.h src/Rose/BinaryAnalysis/CallingConvention/Tupfile src/Rose/BinaryAnalysis/ConcreteLocation.h src/Rose/BinaryAnalysis/InstructionProvider.h src/Rose/BinaryAnalysis/ModelChecker/ExternalFunctionUnit.h src/Rose/BinaryAnalysis/Partitioner2/Function.h src/Rose/BinaryAnalysis/RegisterParts.h src/Rose/BinaryAnalysis/ReturnValueUsed.h src/Rose/BinaryAnalysis/SerialIo.C src/Rose/BinaryAnalysis/Tupfile src/Rose/Makefile.am tools/BinaryAnalysis/SimpleArch.C tools/BinaryAnalysis/bat-cc.C,drop,BinaryAnalysis dropped in REX
357b80c7b5ce5fe4e662571129f738a4ec5c0078,2024-04-29,(Binary Analysis) Added CallingConvention::StoragePool,src/Makefile.am src/Rose/BinaryAnalysis/CallingConvention.h src/Rose/BinaryAnalysis/CallingConvention/BasicTypes.h src/Rose/BinaryAnalysis/CallingConvention/CMakeLists.txt src/Rose/BinaryAnalysis/CallingConvention/Declaration.C src/Rose/BinaryAnalysis/CallingConvention/Declaration.h src/Rose/BinaryAnalysis/CallingConvention/Definition.C src/Rose/BinaryAnalysis/CallingConvention/Definition.h src/Rose/BinaryAnalysis/CallingConvention/Exception.C src/Rose/BinaryAnalysis/CallingConvention/Exception.h src/Rose/BinaryAnalysis/CallingConvention/StoragePool.C src/Rose/BinaryAnalysis/CallingConvention/StoragePool.h src/Rose/BinaryAnalysis/CallingConvention/Tupfile src/Rose/Makefile.am,drop,BinaryAnalysis dropped in REX
5bf2e26c38bd0d897c35733d9336079c7a7307bd,2024-04-29,(Binary Analysis) Architectures use CallingConvention::StoragePool,src/Rose/BinaryAnalysis/Architecture/Amd64.C src/Rose/BinaryAnalysis/Architecture/Motorola.C src/Rose/BinaryAnalysis/Architecture/Powerpc.C src/Rose/BinaryAnalysis/Architecture/X86.C,drop,BinaryAnalysis dropped in REX
dc24947b31d8aa3468cfac3072a12fd85645a08f,2024-04-30,(Release) Incremented version to 0.11.145.71,ROSE_VERSION config/SCM_DATE configure.ac src/frontend/CxxFrontend/EDG_VERSION,pick-partial,Updated ROSE_VERSION only; skipped EDG_VERSION/configure/SCM_DATE
0b525374910275edaef7e57ba1fd262e133f1339,2024-04-30,(Binary Analysis) Added Tup file for installing CallingConvention headers,install-staging/include/rose/Rose/BinaryAnalysis/CallingConvention/Tupfile,drop,BinaryAnalysis dropped in REX
c1d768494bd4f8ec64ce4c2b0e28487a7b92a597,2024-05-01,(Ada) source info for argument lists,src/frontend/Experimental_Ada_ROSE_Connection/AdaExpression.C src/frontend/SageIII/sageInterface/sageInterfaceAda.C src/frontend/SageIII/sageInterface/sageInterfaceAda.h,drop,Ada dropped in REX
a9d6c948611af792619d9f9ce3d857eb0af77d0f,2024-05-01,(Release) Incremented version to 0.11.145.72,ROSE_VERSION config/SCM_DATE configure.ac src/frontend/CxxFrontend/EDG_VERSION,pick-partial,Updated ROSE_VERSION only; skipped EDG_VERSION/configure/SCM_DATE
0e68de88d451008d66b56466bdfa48bac1546aed,2024-05-02,Binary analysis MIPS semantics,src/Makefile.am src/Rose/BinaryAnalysis/Architecture/Mips32.C src/Rose/BinaryAnalysis/Architecture/Mips32.h src/Rose/BinaryAnalysis/Architecture/X86.C src/Rose/BinaryAnalysis/Disassembler/Mips.C src/Rose/BinaryAnalysis/Disassembler/Mips.h src/Rose/BinaryAnalysis/InstructionEnumsMips.h src/Rose/BinaryAnalysis/InstructionSemantics.h src/Rose/BinaryAnalysis/InstructionSemantics/CMakeLists.txt src/Rose/BinaryAnalysis/InstructionSemantics/DispatcherM68k.h src/Rose/BinaryAnalysis/InstructionSemantics/DispatcherMips.C src/Rose/BinaryAnalysis/InstructionSemantics/DispatcherMips.h src/Rose/BinaryAnalysis/InstructionSemantics/Tupfile src/Rose/Makefile.am,drop,BinaryAnalysis dropped in REX
559e9e542fe846ce6c7809feaf3c15578307fca8,2024-05-02,Binary analysis interrupt semantics,src/Rose/BinaryAnalysis/Architecture/Base.C src/Rose/BinaryAnalysis/Architecture/Base.h src/Rose/BinaryAnalysis/Architecture/Mips32.C src/Rose/BinaryAnalysis/Architecture/Mips32.h src/Rose/BinaryAnalysis/InstructionEnumsMips.h src/Rose/BinaryAnalysis/InstructionSemantics/BaseSemantics/RiscOperators.C src/Rose/BinaryAnalysis/InstructionSemantics/BaseSemantics/RiscOperators.h src/Rose/BinaryAnalysis/InstructionSemantics/BaseSemantics/State.C src/Rose/BinaryAnalysis/InstructionSemantics/BaseSemantics/State.h src/Rose/BinaryAnalysis/InstructionSemantics/DispatcherMips.C tools/BinaryAnalysis/bat-debug-semantics.C,drop,BinaryAnalysis dropped in REX
cece21d0b43b3c7833ebe672d55cb7571f2b0424,2024-05-02,Binary analysis MIPS semantics tweak,src/Rose/BinaryAnalysis/InstructionSemantics/DispatcherMips.C,drop,BinaryAnalysis dropped in REX
2b560c1f0c3479e85935bcd9623000cabc7e95fc,2024-05-02,Binary analysis header install fixes,src/frontend/SageIII/Makefile.am src/frontend/SageIII/sageInterface/sageGeneric.h,drop,BinaryAnalysis dropped in REX; skip Makefile.am and sageGeneric.h include
6ad4dfa52735148dc7511d51867464a874cbace2,2024-05-02,Release version bump to 0.11.145.73,ROSE_VERSION config/SCM_DATE configure.ac src/frontend/CxxFrontend/EDG_VERSION,pick-partial,Updated ROSE_VERSION only; skipped EDG_VERSION/configure/SCM_DATE
a802a3b8577d172bcdc278f5faaed1bbbc801932,2024-05-02,Warning cleanup (Binary/Ada),src/backend/unparser/nameQualificationSupport.C src/frontend/BinaryFormats/CilImpl.C src/frontend/Disassemblers/cilgen/blueprint/CilImpl_C.txt src/frontend/Disassemblers/cilgen/blueprint/heaputil.txt src/frontend/Disassemblers/cilgen/blueprint/rootutil.txt src/frontend/SageIII/sageInterface/sageInterfaceAda.C,drop,Touches dropped BinaryFormats/Disassemblers/Ada; Ada-specific helper absent in REX
66474f1c8c8c69c88ea111f50b865d4324b1c675,2024-05-02,Ada sageInterfaceAda exception tests,src/frontend/SageIII/sageInterface/sageInterfaceAda.C,drop,Ada dropped in REX
ac9ed86ba3a812b707d765e2cee99d013da2e530,2024-05-03,GitLab CI status tests,.gitlab-ci.yml,drop,CI config dropped in REX
0097d4d29c6eb43e8c44e6ac3c53c24b1eab7b13,2024-05-03,Release version bump to 0.11.145.74,ROSE_VERSION config/SCM_DATE configure.ac src/frontend/CxxFrontend/EDG_VERSION,pick-partial,Updated ROSE_VERSION only; skipped EDG_VERSION/configure/SCM_DATE
062beea2711a2938506b3f9656bc7a31f30f6b7b,2024-05-03,CIL metadata unparse,src/frontend/BinaryFormats/CilImpl.C src/frontend/Disassemblers/cilgen/blueprint/CilImpl_C.txt src/frontend/Disassemblers/cilgen/blueprint/rootutil.txt src/frontend/Disassemblers/cilgen/blueprint/util.txt src/frontend/SageIII/sageInterface/sageInterfaceAda.C,drop,BinaryFormats/Disassemblers/Ada dropped in REX
710a8050d38dce8630349eca04f7123177a3cd02,2024-05-04,Release version bump to 0.11.145.75,ROSE_VERSION config/SCM_DATE configure.ac src/frontend/CxxFrontend/EDG_VERSION,pick-partial,Updated ROSE_VERSION only; skipped EDG_VERSION/configure/SCM_DATE
faa65a0b2ba83e702ab2e5851d4b631a8d366605,2024-05-06,SgProject Java defaults,src/ROSETTA/src/support.C,drop,Java support removed in REX; Java_* prototypes absent
8f47a8654248ac72df7774cc5582be3c6cd7eb14,2024-05-06,Fix initialization of SgProject,src/ROSETTA/Grammar/Common.code src/ROSETTA/Grammar/LocatedNode.code src/ROSETTA/Grammar/Node.code src/ROSETTA/Grammar/Support.code src/ROSETTA/Grammar/Symbol.code src/ROSETTA/Grammar/Type.code src/ROSETTA/Grammar/grammarConstructorDefinitionMacros.macro src/ROSETTA/Grammar/interface.txt src/ROSETTA/src/statement.C src/ROSETTA/src/support.C src/ROSETTA/src/symbol.C,pick,Auto-generate SgProject ctor via post_construction_initialization; spelling and ASSERT cleanup; Reverted changes in src/ROSETTA/Grammar/Support.code to remove drop-list reintroductions.
cd0c5c61420dc02d73cf5c443de4c2fe39be998c,2024-05-06,Fixed compiler warning in sageInterface.C,src/frontend/SageIII/sageInterface/sageInterface.C,pick,Removed unused pcounter in moveUpInnerDanglingIfEndifDirective
d0fee228437cd9526bc212bda353aecab5c4438a,2024-05-07,Release version bump to 0.11.145.76,ROSE_VERSION config/SCM_DATE configure.ac src/frontend/CxxFrontend/EDG_VERSION,pick-partial,Updated ROSE_VERSION only; skipped EDG_VERSION/configure/SCM_DATE
351231d881de69d48bd09d64c145fa7c76f4097d,2024-05-07,Install SgAsmPointerType/SgAsmVoidType headers,src/frontend/SageIII/Makefile.am,drop,Makefile.am (autotools) change for BinaryAnalysis headers; BinaryAnalysis dropped in REX
6fafe1dc0a49fc1a8377dca5d8e6d8e8d5150602,2024-05-09,Set ROSE_LINK_RPATHS in rose-config,src/CMakeLists.txt,pick,Use CMAKE_BUILD_RPATH instead of unknown in rose-config.cfg
a0b12a944de1a4d4101753f65729757bec6e3417,2024-05-09,Add optimization control cache vars,CMakeLists.txt,pick,Added WITH_*_OPTIMIZE cache vars and plumbed into C/CXX flags
a6adc237056e5742fbbdf6b2538164deef4789ab,2024-05-09,Release version bump to 0.11.145.77,ROSE_VERSION config/SCM_DATE configure.ac src/frontend/CxxFrontend/EDG_VERSION,pick-partial,Updated ROSE_VERSION only; skipped EDG_VERSION/configure/SCM_DATE
4630d51048bf8cc21907cd493bb469288dbd8290,2024-05-09,Jovial parser fixes,src/3rdPartyLibraries/experimental-jovial-parser/sdf_syntax/JovialLex.sdf src/3rdPartyLibraries/experimental-jovial-parser/sdf_syntax/Main.sdf src/3rdPartyLibraries/experimental-jovial-parser/share/rose/Jovial.tbl src/ROSETTA/Grammar/Statement.code src/ROSETTA/src/statement.C src/backend/unparser/JovialCodeGeneration/unparseJovial_statements.C src/frontend/Experimental_Jovial_ROSE_Connection/ATermToSageJovialTraversal.C src/frontend/Experimental_Jovial_ROSE_Connection/ATermToSageJovialTraversal.h,drop,Jovial components dropped in REX (parser/unparser/ATerm/grammar changes)
96a28767c0c42d03326ec7d24e5d04a86e813be0,2024-05-10,Release version bump to 0.11.145.78,ROSE_VERSION config/SCM_DATE configure.ac src/frontend/CxxFrontend/EDG_VERSION,pick-partial,Updated ROSE_VERSION only; skipped EDG_VERSION/configure/SCM_DATE
ed035dd6d5cf43ba0a52ff068721c339badac1b5,2024-05-10,Libadalang integration,config/Makefile.for.ROSE.includes.and.libs config/support-rose.m4 src/Makefile.am src/frontend/Experimental_Libadalang_ROSE_Connection/AdaMaker.C src/frontend/Experimental_Libadalang_ROSE_Connection/AdaMaker.h src/frontend/Experimental_Libadalang_ROSE_Connection/LibadalangStatement.C src/frontend/Experimental_Libadalang_ROSE_Connection/LibadalangStatement.h src/frontend/Experimental_Libadalang_ROSE_Connection/Libadalang_to_ROSE.C src/frontend/Experimental_Libadalang_ROSE_Connection/Libadalang_to_ROSE.h src/frontend/Experimental_Libadalang_ROSE_Connection/Makefile.am src/frontend/Experimental_Libadalang_ROSE_Connection/ada_support.C src/frontend/Makefile.am src/frontend/SageIII/sage_support/sage_support.C src/roseSupport/utility_functions.C,drop,Ada/Libadalang components dropped in REX
7c48d2ba5e6230ecae5500f3251aaee5faa049ce,2024-05-10,Libadalang bug fixes,config/Makefile.for.ROSE.includes.and.libs config/support-rose.m4 src/Makefile.am src/frontend/Experimental_Libadalang_ROSE_Connection/AdaMaker.C src/frontend/Experimental_Libadalang_ROSE_Connection/LibadalangStatement.C src/frontend/Experimental_Libadalang_ROSE_Connection/LibadalangStatement.h src/frontend/Experimental_Libadalang_ROSE_Connection/Libadalang_to_ROSE.C src/frontend/Experimental_Libadalang_ROSE_Connection/Libadalang_to_ROSE.h src/frontend/Experimental_Libadalang_ROSE_Connection/Makefile.am src/frontend/Experimental_Libadalang_ROSE_Connection/ada_support.C src/frontend/SageIII/sage_support/sage_support.C,drop,Ada/Libadalang components dropped in REX
fb699de5f9b561ffc38c86a0ad7b7f69444a2e69,2024-05-10,Libadalang types and fixes,src/frontend/Experimental_Libadalang_ROSE_Connection/LibadalangStatement.C src/frontend/Experimental_Libadalang_ROSE_Connection/LibadalangType.C src/frontend/Experimental_Libadalang_ROSE_Connection/LibadalangType.h src/frontend/Experimental_Libadalang_ROSE_Connection/Libadalang_to_ROSE.C src/frontend/Experimental_Libadalang_ROSE_Connection/Libadalang_to_ROSE.h src/frontend/Experimental_Libadalang_ROSE_Connection/Makefile.am src/frontend/Experimental_Libadalang_ROSE_Connection/ada_support.C src/frontend/SageIII/sage_support/cmdline.C,drop,Ada/Libadalang components dropped in REX
6c10bbe29ba419dc7bbeec403fb0395f3993eef4,2024-05-10,Libadalang fix source file names,src/frontend/Experimental_Libadalang_ROSE_Connection/Libadalang_to_ROSE.C src/frontend/Experimental_Libadalang_ROSE_Connection/Libadalang_to_ROSE.h src/frontend/Experimental_Libadalang_ROSE_Connection/ada_support.C,drop,Ada/Libadalang components dropped in REX
27b29585ba1306570531f4b8d042292d61e91617,2024-05-10,Libadalang statement fix,src/frontend/Experimental_Libadalang_ROSE_Connection/LibadalangStatement.C,drop,Ada/Libadalang components dropped in REX
ef2a9bb7da78776f19949f76bcb6a447a0cd63e0,2024-05-10,Libadalang function parameters/return,src/frontend/Experimental_Libadalang_ROSE_Connection/LibadalangStatement.C src/frontend/Experimental_Libadalang_ROSE_Connection/LibadalangType.C src/frontend/Experimental_Libadalang_ROSE_Connection/LibadalangType.h src/frontend/Experimental_Libadalang_ROSE_Connection/Libadalang_to_ROSE.C src/frontend/Experimental_Libadalang_ROSE_Connection/Libadalang_to_ROSE.h,drop,Ada/Libadalang components dropped in REX
c8c481a85d3f559ad48aeaaf0039e0a0bd3e6c56,2024-05-10,Libadalang expressions,src/frontend/Experimental_Libadalang_ROSE_Connection/LibadalangExpression.C src/frontend/Experimental_Libadalang_ROSE_Connection/LibadalangExpression.h src/frontend/Experimental_Libadalang_ROSE_Connection/LibadalangStatement.C src/frontend/Experimental_Libadalang_ROSE_Connection/LibadalangType.C src/frontend/Experimental_Libadalang_ROSE_Connection/LibadalangType.h src/frontend/Experimental_Libadalang_ROSE_Connection/Libadalang_to_ROSE.C src/frontend/Experimental_Libadalang_ROSE_Connection/Libadalang_to_ROSE.h src/frontend/Experimental_Libadalang_ROSE_Connection/Makefile.am,drop,Ada/Libadalang components dropped in REX
3f082b318157b16298eb308be71b839761afee64,2024-05-10,Libadalang return stmt handling,src/frontend/Experimental_Libadalang_ROSE_Connection/LibadalangStatement.C,drop,Ada/Libadalang components dropped in REX
45f3df270de3d08fcccd8444cb7b44dad9959b0b,2024-05-10,Libadalang standard package integration,src/frontend/Experimental_Libadalang_ROSE_Connection/LibadalangType.C,drop,Ada/Libadalang components dropped in REX
3790ef7056b972610e3811adafe9566b89b03e2f,2024-05-10,Libadalang typedef/range support,src/frontend/Experimental_Libadalang_ROSE_Connection/LibadalangExpression.C src/frontend/Experimental_Libadalang_ROSE_Connection/LibadalangExpression.h src/frontend/Experimental_Libadalang_ROSE_Connection/LibadalangStatement.C src/frontend/Experimental_Libadalang_ROSE_Connection/LibadalangType.C src/frontend/Experimental_Libadalang_ROSE_Connection/LibadalangType.h src/frontend/Experimental_Libadalang_ROSE_Connection/Libadalang_to_ROSE.C src/frontend/Experimental_Libadalang_ROSE_Connection/Libadalang_to_ROSE.h,drop,Ada/Libadalang components dropped in REX
4fcaad2e707f683332ca531def1023cd2594bfea,2024-05-10,Libadalang function calls/type conversions,src/frontend/Experimental_Libadalang_ROSE_Connection/LibadalangExpression.C src/frontend/Experimental_Libadalang_ROSE_Connection/LibadalangType.C,drop,Ada/Libadalang components dropped in REX
1adf891569220b059689923c0d2d10cd95c92880,2024-05-10,Libadalang .ads/package support,src/frontend/Experimental_Libadalang_ROSE_Connection/LibadalangExpression.C src/frontend/Experimental_Libadalang_ROSE_Connection/LibadalangStatement.C src/frontend/Experimental_Libadalang_ROSE_Connection/LibadalangType.C src/frontend/Experimental_Libadalang_ROSE_Connection/Libadalang_to_ROSE.C src/frontend/Experimental_Libadalang_ROSE_Connection/Libadalang_to_ROSE.h src/frontend/Experimental_Libadalang_ROSE_Connection/ada_support.C,drop,Ada/Libadalang components dropped in REX
9a97643f18e4832023214e32aea7152f3f9636bc,2024-05-10,Libadalang remove sage3basic include,src/frontend/Experimental_Libadalang_ROSE_Connection/Libadalang_to_ROSE.h,drop,Ada/Libadalang components dropped in REX
5db8a7cfb9bbb650e0769f9e3d681f248e23539b,2024-05-13,ReadWriteSetAnalysis updates,src/midend/programAnalysis/ReadWriteSetAnalysis/CMakeLists.txt src/midend/programAnalysis/ReadWriteSetAnalysis/LocalRWSetGenerator.C src/midend/programAnalysis/ReadWriteSetAnalysis/LocalRWSetGenerator.h src/midend/programAnalysis/ReadWriteSetAnalysis/Name2Node.C src/midend/programAnalysis/ReadWriteSetAnalysis/Name2Node.h src/midend/programAnalysis/ReadWriteSetAnalysis/ReadWriteSetRecords.C src/midend/programAnalysis/ReadWriteSetAnalysis/ReadWriteSetRecords.h src/midend/programAnalysis/ReadWriteSetAnalysis/SageUtils.C src/midend/programAnalysis/ReadWriteSetAnalysis/SageUtils.h src/midend/programAnalysis/ReadWriteSetAnalysis/TestabilityGrader.C src/midend/programAnalysis/ReadWriteSetAnalysis/TestabilityGrader.h src/midend/programAnalysis/ReadWriteSetAnalysis/VxUtilFuncs.C src/midend/programAnalysis/ReadWriteSetAnalysis/VxUtilFuncs.h src/midend/programAnalysis/ReadWriteSetAnalysis/sageUtility.h tools/ReadWriteSetGeneration/LocalRWSetGeneratorMain.C tools/ReadWriteSetGeneration/Name2NodeMain.C tools/ReadWriteSetGeneration/TestabilityGraderMain.C,drop,ReadWriteSetAnalysis/ReadWriteSetGeneration removed in REX; keep directories deleted
65c139186cd16a06112decbd8e72cca7299e3a79,2024-05-13,RWSetGeneration build integration,tools/ReadWriteSetGeneration/LocalRWSetGeneratorMain.C tools/ReadWriteSetGeneration/Name2NodeMain.C tools/ReadWriteSetGeneration/TestabilityGraderMain.C,drop,ReadWriteSetGeneration tools removed in REX
909a59a6b36b12ddefb88d55a4913a914e6a6503,2024-05-13,RWSetGeneration mlog fix,src/midend/programAnalysis/ReadWriteSetAnalysis/LocalRWSetGenerator.C src/midend/programAnalysis/ReadWriteSetAnalysis/LocalRWSetGenerator.h src/midend/programAnalysis/ReadWriteSetAnalysis/Name2Node.C src/midend/programAnalysis/ReadWriteSetAnalysis/ReadWriteSetRecords.C src/midend/programAnalysis/ReadWriteSetAnalysis/SageUtils.C src/midend/programAnalysis/ReadWriteSetAnalysis/TestabilityGrader.h src/midend/programAnalysis/ReadWriteSetAnalysis/VxUtilFuncs.C src/midend/programAnalysis/ReadWriteSetAnalysis/VxUtilFuncs.h tools/ReadWriteSetGeneration/LocalRWSetGeneratorMain.C tools/ReadWriteSetGeneration/Name2NodeMain.C tools/ReadWriteSetGeneration/TestabilityGraderMain.C,drop,ReadWriteSetAnalysis/Generation removed in REX
04bb238c9e2039485e801d5fe13393f0a3f363c7,2024-05-13,RWSetAnalysis CMakeLists tweak,src/midend/programAnalysis/ReadWriteSetAnalysis/CMakeLists.txt,drop,ReadWriteSetAnalysis removed in REX
23cf8db4c3b9cf68eb839dc3e8951b10b3036781,2024-05-13,RWSetAnalysis build fix,src/midend/programAnalysis/ReadWriteSetAnalysis/CMakeLists.txt src/midend/programAnalysis/ReadWriteSetAnalysis/TestabilityGrader.h,drop,ReadWriteSetAnalysis removed in REX
697df85772a1a23d927f99feca44b7e06da413f0,2024-05-13,RWSetAnalysis build error fix,src/midend/programAnalysis/ReadWriteSetAnalysis/CMakeLists.txt,drop,ReadWriteSetAnalysis removed in REX
65c84a85b022f6eab5e278e7239c6f7e0c62bf70,2024-05-13,RWSetGeneration cmake include fixes,tools/ReadWriteSetGeneration/LocalRWSetGeneratorMain.C tools/ReadWriteSetGeneration/Name2NodeMain.C,drop,ReadWriteSetGeneration tools removed in REX
3810f1ecd0c64aa0f910791ec8b440f9a5500919,2024-05-13,RWSetGeneration build integration,tools/ReadWriteSetGeneration/LocalRWSetGeneratorMain.C tools/ReadWriteSetGeneration/Name2NodeMain.C,drop,ReadWriteSetGeneration tools removed in REX
df31849bbd33d83ef076a3c42eb52a1ae190bea4,2024-05-13,RWSetAnalysis remove rose.h include,src/midend/programAnalysis/ReadWriteSetAnalysis/Name2Node.C,drop,ReadWriteSetAnalysis removed in REX
ba2064293b8f1ed81259208fbcbe0cb547015a82,2024-05-13,RWSetAnalysis move sage3basic include,src/midend/programAnalysis/ReadWriteSetAnalysis/LocalRWSetGenerator.h src/midend/programAnalysis/ReadWriteSetAnalysis/Name2Node.C src/midend/programAnalysis/ReadWriteSetAnalysis/Name2Node.h src/midend/programAnalysis/ReadWriteSetAnalysis/ReadWriteSetRecords.C src/midend/programAnalysis/ReadWriteSetAnalysis/ReadWriteSetRecords.h src/midend/programAnalysis/ReadWriteSetAnalysis/SageUtils.C src/midend/programAnalysis/ReadWriteSetAnalysis/SageUtils.h src/midend/programAnalysis/ReadWriteSetAnalysis/TestabilityGrader.C src/midend/programAnalysis/ReadWriteSetAnalysis/VxUtilFuncs.C src/midend/programAnalysis/ReadWriteSetAnalysis/VxUtilFuncs.h src/midend/programAnalysis/ReadWriteSetAnalysis/sageUtility.h,drop,ReadWriteSetAnalysis removed in REX
8acb9518723e54734b0a9ea367beaa339de3c133,2024-05-13,RWSetAnalysis tab cleanup,src/midend/programAnalysis/ReadWriteSetAnalysis/LocalRWSetGenerator.C src/midend/programAnalysis/ReadWriteSetAnalysis/ReadWriteSetRecords.h,drop,ReadWriteSetAnalysis removed in REX
12a2a080b577aee3e6d31f11d069177f25c4a559,2024-05-13,RWSetGeneration include cleanup,tools/ReadWriteSetGeneration/TestabilityGraderMain.C,drop,ReadWriteSetGeneration tools removed in REX
bac3539b68eb1cffb5491a8a48add2f64ab826b8,2024-05-13,RWSetAnalysis VxUtilFuncs string(),src/midend/programAnalysis/ReadWriteSetAnalysis/VxUtilFuncs.C,drop,ReadWriteSetAnalysis removed in REX
146120e80b918e3eaa2c3df788381c7139ed89e2,2024-05-13,RWSetTests build integration,build config/support-rose.m4 src/midend/programAnalysis/ReadWriteSetAnalysis/LocalRWSetGenerator.C src/midend/programAnalysis/ReadWriteSetAnalysis/LocalRWSetGenerator.h tools/ReadWriteSetGeneration/LocalRWSetGeneratorMain.C tools/ReadWriteSetGeneration/Name2NodeMain.C tools/ReadWriteSetGeneration/TestabilityGraderMain.C,drop,ReadWriteSetAnalysis/Generation removed in REX
abe048228cead53ee6bfb4f01ae73974213bf519,2024-05-13,Remove NodeId filename debug print,src/Rose/AST/NodeId.C,drop,src/Rose/AST/NodeId.C not present in REX
fa80b029cda2277b6935e75bbba5f14eb1c74957,2024-05-13,RWSetAnalysis ctor initializer fix,src/midend/programAnalysis/ReadWriteSetAnalysis/LocalRWSetGenerator.C,drop,ReadWriteSetAnalysis removed in REX
c214c458f8e0fe6c2457feae02c2e720545b859c,2024-05-13,RWSetGeneration Name2Node output format,tools/ReadWriteSetGeneration/Name2NodeMain.C,drop,ReadWriteSetGeneration tools removed in REX
0527bfb6785bf90732f5b8ba227f2ff437e2e9ed,2024-05-13,Decltype unparse + RWSet fix,src/backend/unparser/CxxCodeGeneration/unparseCxx_types.C src/midend/programAnalysis/ReadWriteSetAnalysis/LocalRWSetGenerator.C,pick-partial,Applied decltype unparse fix; skipped RWSetAnalysis change (component removed)
7e61c9dea436ddaca72f9e9ead1b6b670ad4ca88,2024-05-13,RWSetAnalysis node ptrs/ctor fixes,src/midend/programAnalysis/ReadWriteSetAnalysis/LocalRWSetGenerator.C src/midend/programAnalysis/ReadWriteSetAnalysis/LocalRWSetGenerator.h src/midend/programAnalysis/ReadWriteSetAnalysis/ReadWriteSetRecords.C src/midend/programAnalysis/ReadWriteSetAnalysis/ReadWriteSetRecords.h,drop,ReadWriteSetAnalysis removed in REX
82d875ebd59e3771b0ceaeb5edaa4dd71015edbd,2024-05-13,RWSetGeneration Name2Node multi-var,tools/ReadWriteSetGeneration/Name2NodeMain.C,drop,ReadWriteSetGeneration tools removed in REX
cd469f4c2f7082b10bdcc6f7fd4711fd0caaab06,2024-05-13,RWSetAnalysis merge fix,src/midend/programAnalysis/ReadWriteSetAnalysis/LocalRWSetGenerator.C src/midend/programAnalysis/ReadWriteSetAnalysis/LocalRWSetGenerator.h src/midend/programAnalysis/ReadWriteSetAnalysis/ReadWriteSetRecords.C src/midend/programAnalysis/ReadWriteSetAnalysis/ReadWriteSetRecords.h src/midend/programAnalysis/ReadWriteSetAnalysis/VxUtilFuncs.C src/midend/programAnalysis/ReadWriteSetAnalysis/VxUtilFuncs.h,drop,ReadWriteSetAnalysis removed in REX
b65e26ed7878a4cef9df16180c4ee686c84b5141,2024-05-13,Ada primitive type computation,src/frontend/Experimental_Ada_ROSE_Connection/AdaType.C src/frontend/SageIII/sageInterface/sageInterfaceAda.C src/frontend/SageIII/sageInterface/sageInterfaceAda.h,drop,Ada support dropped in REX
f19f896812f8f7b285ce508437f4e87887efa4e6,2024-05-13,Jovial comment overflow fix,src/frontend/Experimental_Jovial_ROSE_Connection/preprocess.C,drop,Jovial components dropped in REX
f552cd9b646181c9b9ce3d7acee35517b393f54b,2024-05-13,Dynamic compiler/rpath entries in rose-config,src/CMakeLists.txt,pick,Resolve compiler names for ROSE_CC/ROSE_CXX and update RPATH entries
0036a4e12087630e599768f551aa9fa66edf5f04,2024-05-13,SgProject constructor delegation/assert init,src/ROSETTA/Grammar/Support.code src/ROSETTA/src/support.C,pick-partial,Applied constructor delegation and ASSERT_require init for REX fields; skipped Java/Ada/Jovial asserts removed in REX; Reverted changes in src/ROSETTA/Grammar/Support.code to remove drop-list reintroductions.
f00d6678eab43bf1912d7850734127c75c791f49,2024-05-13,Remove old project file list support,src/ROSETTA/Grammar/Support.code src/ROSETTA/src/support.C,pick,Dropped ROSE_USING_OLD_PROJECT_FILE_LIST_SUPPORT dead code paths; Reverted changes in src/ROSETTA/Grammar/Support.code to remove drop-list reintroductions.
0ffa3e34e6e8041db0a40523b848710ab7a83b11,2024-05-13,Remove ROSETTA init asserts in SgProject,src/ROSETTA/Grammar/Support.code src/ROSETTA/src/support.C,pick,Dropped redundant SgProject initialization checks; Reverted changes in src/ROSETTA/Grammar/Support.code to remove drop-list reintroductions.
419a99da62dbe2f032ab128d7aa6dc6a8dc982a8,2024-05-13,Move SgProject init into post_construction_initialization,src/ROSETTA/Grammar/Support.code,drop,Reverted changes in src/ROSETTA/Grammar/Support.code to remove drop-list reintroductions; no changes kept.
0505a1a20c0ce6faddd9ef586b4bfbc1a71caa72,2024-05-13,Release version bump to 0.11.145.79,ROSE_VERSION config/SCM_DATE configure.ac src/frontend/CxxFrontend/EDG_VERSION,pick-partial,Updated ROSE_VERSION only; skipped EDG_VERSION/configure/SCM_DATE
a6737644299f4ef5cf6cbbc98d1c1a56409909c1,2024-05-14,RWSet API and test,src/midend/programAnalysis/ReadWriteSetAnalysis/LocalRWSetGenerator.C src/midend/programAnalysis/ReadWriteSetAnalysis/LocalRWSetGenerator.h tools/ReadWriteSetGeneration/LocalRWSetGeneratorMain.C,drop,ReadWriteSetAnalysis/Generation removed in REX
dbafc2304dc9350116c4b6a760df4604700d8a96,2024-05-15,Jvm jar handling (BinaryAnalysis),src/AstNodes/BinaryAnalysis/SgAsmGenericSection.h src/Makefile.am src/Rose/BinaryAnalysis/Partitioner2.h src/Rose/BinaryAnalysis/Partitioner2/CMakeLists.txt src/Rose/BinaryAnalysis/Partitioner2/EngineBinary.h src/Rose/BinaryAnalysis/Partitioner2/EngineJvm.C src/Rose/BinaryAnalysis/Partitioner2/EngineJvm.h src/Rose/BinaryAnalysis/Partitioner2/ModulesJvm.C src/Rose/BinaryAnalysis/Partitioner2/ModulesJvm.h src/Rose/BinaryAnalysis/Partitioner2/Tupfile src/Rose/CommandLine/Parser.C src/Rose/Makefile.am src/frontend/BinaryFormats/GenericSection.C src/frontend/BinaryFormats/JvmComposite.C src/frontend/BinaryFormats/JvmFileHeader.C src/midend/astRewriteMechanism/rewriteLowLevelInterface.C,drop,BinaryAnalysis/JVM components dropped in REX
d9afb79bb9c89aa15d48150acf428d6d4d7902c6,2024-05-15,Remove SgProject::initialization and cleanup,src/ROSETTA/Grammar/Support.code src/ROSETTA/src/support.C src/frontend/SageIII/sage3.h src/frontend/SageIII/sage_support/cmdline.C,pick-partial,Applied ROSE_USING_OLD_PROJECT_FILE_LIST_SUPPORT cleanup and SgProject refactors; skipped Java error-code checks absent in REX; Reverted changes in src/ROSETTA/Grammar/Support.code to remove drop-list reintroductions.
235ef9bc535dd99a88a390e17b4760e37ec09379,2024-05-15,Release version bump to 0.11.145.80,ROSE_VERSION config/SCM_DATE configure.ac src/frontend/CxxFrontend/EDG_VERSION,pick-partial,Updated ROSE_VERSION only; skipped EDG_VERSION/configure/SCM_DATE
de217667e635bb26f325635152e9aeceb8c22aa0,2024-05-15,Same-case CMake enable options,CMakeLists.txt cmake/modules/roseChooseBackendCompiler.cmake exampleTranslators/CMakeLists.txt src/3rdPartyLibraries/POET/CMakeLists.txt src/3rdPartyLibraries/fortran-parser/CMakeLists.txt src/3rdPartyLibraries/java-parser/CMakeLists.txt src/3rdPartyLibraries/qrose/CMakeLists.txt src/CMakeLists.txt src/backend/unparser/PythonCodeGeneration/CMakeLists.txt src/frontend/CxxFrontend/CMakeLists.txt src/frontend/ECJ_ROSE_Connection/CMakeLists.txt src/frontend/Experimental_Ada_ROSE_Connection/CMakeLists.txt src/frontend/OpenFortranParser_SAGE_Connection/CMakeLists.txt src/frontend/PHPFrontend/CMakeLists.txt src/frontend/PythonFrontend/CMakeLists.txt src/frontend/SageIII/CMakeLists.txt src/frontend/SageIII/astFromString/CMakeLists.txt src/frontend/SageIII/astPostProcessing/CMakeLists.txt src/frontend/SageIII/virtualCFG/CMakeLists.txt src/midend/CMakeLists.txt src/midend/programTransformation/CMakeLists.txt src/roseExtensions/CMakeLists.txt src/roseExtensions/qtWidgets/CMakeLists.txt tools/BinaryAnalysis/CMakeLists.txt tools/ReadWriteSetGeneration/CMakeLists.txt tutorial/CMakeLists.txt,pick-partial,Already aligned for kept components; dropped options for removed components (BinaryAnalysis/Java/PHP/Python/ReadWriteSet).
d74ff1b6df7ab26386cb73ad667b75c2de62cf0e,2024-05-16,Release version bump to 0.11.145.81,ROSE_VERSION config/SCM_DATE configure.ac src/frontend/CxxFrontend/EDG_VERSION,pick-partial,ROSE_VERSION already 0.11.145.95; skipped EDG_VERSION/configure/SCM_DATE.
040a51a35d0b0178aec9a85bf874d5d062ef5918,2024-05-17,Ada instantiation compiler-generated mark,src/frontend/Experimental_Ada_ROSE_Connection/AdaStatement.C src/frontend/SageIII/sageInterface/sageInterfaceAda.C src/frontend/SageIII/sageInterface/sageInterfaceAda.h src/frontend/SageIII/virtualCFG/memberFunctions.C,drop,Ada support dropped in REX.
13ba08edc9db5eca58ddb78d558facc0dd5bfb14,2024-05-18,Jvm jar handling + SgFile init refactor,src/ROSETTA/Grammar/Support.code src/ROSETTA/src/support.C src/Rose/BinaryAnalysis/Partitioner2/EngineJvm.C src/frontend/BinaryFormats/BinaryComposite.C src/frontend/BinaryFormats/JvmComposite.C src/frontend/SageIII/sage_support/sage_support.C src/roseSupport/utility_functions.C,drop,Jvm/BinaryAnalysis components dropped in REX; skip Jvm-only init/link changes.
25d2dccf2a4c2376b542d210187be8db3b5ef0e3,2024-05-18,Set requires_C_preprocessor default false,src/ROSETTA/Grammar/Support.code src/ROSETTA/src/support.C,pick-partial,Applied ROSETTA support.C default; skipped SgFile::initialization assert refactor tied to Jvm work. Reverted changes in src/ROSETTA/Grammar/Support.code to remove drop-list reintroductions.
3611bcb819e7710d4e894e781398697eecf8b3f1,2024-05-18,Remove SgFile::initialization (Jvm/BinaryAnalysis),src/ROSETTA/Grammar/Support.code src/ROSETTA/src/support.C src/Rose/BinaryAnalysis/Partitioner2/EngineBinary.C src/frontend/BinaryFormats/BinaryComposite.C src/frontend/SageIII/sage_support/sage_support.C,drop,Jvm/BinaryAnalysis work and large core refactor skipped in REX.
cb134b0480ef0d77fb53fba380fa142d26e7bcae,2024-05-18,Release version bump to 0.11.145.82,ROSE_VERSION config/SCM_DATE configure.ac src/frontend/CxxFrontend/EDG_VERSION,pick-partial,ROSE_VERSION already 0.11.145.99; skipped EDG_VERSION/configure/SCM_DATE.
a294493c965998be89b4c5b4a1ce38e832d06c09,2024-05-22,Fix getPreviousStatement for special scopes,src/roseSupport/utility_functions.C tools/CodeThorn/src/scripts/runDeadCodeTests,pick-partial,Applied utility_functions fix; skipped CodeThorn script.
d6fcd01bc9b3bbf9ba738cb48760dacef6e4c3a9,2024-05-23,Release version bump to 0.11.145.83,ROSE_VERSION config/SCM_DATE configure.ac src/frontend/CxxFrontend/EDG_VERSION,pick-partial,ROSE_VERSION already 0.11.145.95; skipped EDG_VERSION/configure/SCM_DATE.
12a26c94facc7441e68f328613b568538d31a42f,2024-05-23,Enable-* options required,CMakeLists.txt cmake/FindSpot.cmake cmake/blt/cmake/BLTOptions.cmake exampleTranslators/CMakeLists.txt tutorial/CMakeLists.txt,pick-partial,CMake already uses ENABLE-* toggles; BinaryAnalysis options remain dropped.
7e2fe007a8251e8a5922736cdb504dfe838b3a16,2024-05-24,Release version bump to 0.11.145.84,ROSE_VERSION config/SCM_DATE configure.ac src/frontend/CxxFrontend/EDG_VERSION,pick-partial,ROSE_VERSION already 0.11.145.95; skipped EDG_VERSION/configure/SCM_DATE.
5ae8d7469a0bee6dcbdf032d8ab7b6e950199fd2,2024-05-25,ClangFE support for Clang 18,config/getAppleClangMajorVersionNumber.sh config/getAppleClangMinorVersionNumber.sh config/support-clang.m4 src/frontend/CxxFrontend/Clang/clang-frontend-decl.cpp src/frontend/CxxFrontend/Clang/clang-frontend-private.hpp src/frontend/CxxFrontend/Clang/clang-frontend-stmt.cpp src/frontend/CxxFrontend/Clang/clang-frontend-type.cpp src/frontend/CxxFrontend/Clang/clang-frontend.cpp src/frontend/CxxFrontend/Clang/clang-to-dot-private.hpp src/frontend/CxxFrontend/Clang/clang-to-dot-stmt.cpp src/frontend/CxxFrontend/Clang/clang-to-dot-type.cpp src/frontend/CxxFrontend/Clang/clang-to-dot.cpp,pick-partial,Clang FE changes already present in REX (LLVM 20 updates); skipped autotools scripts in config/.
077a0158a4de48e31da63fef4e9e598632cdbee4,2024-05-25,Clang18 linker option,config/support-clang.m4,drop,Autotools-only change (config/support-clang.m4) skipped.
93335da72aa66bc7917036367dc0958785e164c1,2024-05-25,CodeThorn missing include,tools/CodeThorn/src/CodeThornOptions.C,drop,CodeThorn dropped in REX.
fafc1c06c51832ccd432a9664e5a845df655903c,2024-05-25,CMake bison 3.8.2 fix,src/frontend/SageIII/CMakeLists.txt,pick-partial,OMPPARSER build handled in subdir with BISON_TARGET; no change needed in current layout.
232310c0116a7892ee271c18ae98d9cdbb712aef,2024-05-25,CMake bison 3.8.2 follow-up,src/frontend/SageIII/CMakeLists.txt,pick-partial,OMPPARSER build handled in subdir; upstream CMakeLists path no longer used.
36812e85e7268216a506005a7a0eb7fcadf24a66,2024-05-25,Release version bump to 0.11.145.85,ROSE_VERSION config/SCM_DATE configure.ac src/frontend/CxxFrontend/EDG_VERSION,pick-partial,ROSE_VERSION already 0.11.145.95; skipped EDG_VERSION/configure/SCM_DATE.
570045cd8c82314aed38ca7f48b6cc00b687708e,2024-05-25,Compiler warning cleanup,src/Rose/BinaryAnalysis/InstructionSemantics/IntervalSemantics.h src/backend/unparser/unparser.C src/midend/programAnalysis/ReadWriteSetAnalysis/LocalRWSetGenerator.C src/midend/programAnalysis/ReadWriteSetAnalysis/VxUtilFuncs.C,pick-partial,Unparser changes already present; dropped BinaryAnalysis and ReadWriteSetAnalysis updates. Reverted changes in src/backend/unparser/unparser.C to remove drop-list reintroductions.
7faef4516c99a9baf43b1adc75699341cbcf1452,2024-05-26,Unparser dead-code cleanup,src/backend/unparser/unparser.C,drop,Cleanup-only change; skipped to avoid large non-functional churn.
80147f5e6a4b26cf2e8536a9dc2420d9b7b9f09d,2024-05-27,Release version bump to 0.11.145.86,ROSE_VERSION config/SCM_DATE configure.ac src/frontend/CxxFrontend/EDG_VERSION,pick-partial,ROSE_VERSION already 0.11.145.95; skipped EDG_VERSION/configure/SCM_DATE.
9719456dfd9fdcd9ac8d6bffab24767e1e483b0b,2024-05-27,BinaryAnalysis MIPS semantics,src/Rose/BinaryAnalysis/InstructionSemantics/DispatcherMips.C,drop,BinaryAnalysis dropped.
36b85f61990ab857ef693d3a94ea77ee9fb078be,2024-05-28,Release version bump to 0.11.145.87,ROSE_VERSION config/SCM_DATE configure.ac src/frontend/CxxFrontend/EDG_VERSION,pick-partial,ROSE_VERSION already 0.11.145.95; skipped EDG_VERSION/configure/SCM_DATE.
3e7031008fcece6a19e589188f51c7f2dd5a558a,2024-05-28,BinaryAnalysis calling convention fix,src/Rose/BinaryAnalysis/Architecture/Amd64.C src/Rose/BinaryAnalysis/Architecture/Motorola.C src/Rose/BinaryAnalysis/Architecture/Powerpc.C src/Rose/BinaryAnalysis/Architecture/X86.C src/Rose/BinaryAnalysis/CallingConvention/StoragePool.C src/Rose/BinaryAnalysis/CallingConvention/StoragePool.h src/Rose/BinaryAnalysis/ConcreteLocation.C src/Rose/BinaryAnalysis/ConcreteLocation.h,drop,BinaryAnalysis dropped.
3b57d65fecaefa6cb9aa7d5e5238ee84994850c2,2024-05-28,Tup config update,scripts/tup/cmake-config-tup,drop,Tup build dropped.
446ad4194b69167c7a7ebe78d6a573baf9e3ec76,2024-05-29,Release version bump to 0.11.145.88,ROSE_VERSION config/SCM_DATE configure.ac src/frontend/CxxFrontend/EDG_VERSION,pick-partial,ROSE_VERSION already 0.11.145.95; skipped EDG_VERSION/configure/SCM_DATE.
aa49cf7b35693818cc1bc29723dd8d4251966835,2024-05-29,BinaryAnalysis MIPS semantics,src/Rose/BinaryAnalysis/InstructionSemantics/DispatcherMips.C,drop,BinaryAnalysis dropped.
ececc9ff96d467b610326d66037fc3be9f9ed135,2024-05-30,Release version bump to 0.11.145.89,ROSE_VERSION config/SCM_DATE configure.ac src/frontend/CxxFrontend/EDG_VERSION,pick-partial,ROSE_VERSION already 0.11.145.95; skipped EDG_VERSION/configure/SCM_DATE.
f202c71db175e30cd6b7047ded51fa86cc049dab,2024-05-30,Libadalang tasks/abstract support,src/frontend/Experimental_Libadalang_ROSE_Connection/LibadalangExpression.C src/frontend/Experimental_Libadalang_ROSE_Connection/LibadalangExpression.h src/frontend/Experimental_Libadalang_ROSE_Connection/LibadalangStatement.C src/frontend/Experimental_Libadalang_ROSE_Connection/LibadalangStatement.h src/frontend/Experimental_Libadalang_ROSE_Connection/LibadalangType.C src/frontend/Experimental_Libadalang_ROSE_Connection/LibadalangType.h src/frontend/Experimental_Libadalang_ROSE_Connection/Libadalang_to_ROSE.C src/frontend/Experimental_Libadalang_ROSE_Connection/Libadalang_to_ROSE.h,drop,Ada/Libadalang components dropped in REX.
914883a0591b42bf4d0086b40c62bcdbe15c38fd,2024-05-30,Libadalang accept statements/types,src/frontend/Experimental_Libadalang_ROSE_Connection/AdaMaker.C src/frontend/Experimental_Libadalang_ROSE_Connection/LibadalangExpression.C src/frontend/Experimental_Libadalang_ROSE_Connection/LibadalangExpression.h src/frontend/Experimental_Libadalang_ROSE_Connection/LibadalangStatement.C src/frontend/Experimental_Libadalang_ROSE_Connection/LibadalangType.C src/frontend/Experimental_Libadalang_ROSE_Connection/Libadalang_to_ROSE.C src/frontend/Experimental_Libadalang_ROSE_Connection/Libadalang_to_ROSE.h,drop,Ada/Libadalang components dropped in REX.
231f288d7d31528c028c71a69a284caa3b3058a2,2024-05-30,Libadalang allocators/components,src/frontend/Experimental_Libadalang_ROSE_Connection/LibadalangExpression.C src/frontend/Experimental_Libadalang_ROSE_Connection/LibadalangStatement.C src/frontend/Experimental_Libadalang_ROSE_Connection/LibadalangType.C src/frontend/Experimental_Libadalang_ROSE_Connection/LibadalangType.h src/frontend/Experimental_Libadalang_ROSE_Connection/Libadalang_to_ROSE.C,drop,Ada/Libadalang components dropped in REX.
7cf4fdcd4849d9bd44eed289572ac28d0f3ddebf,2024-05-30,Libadalang if/loop support,src/frontend/Experimental_Libadalang_ROSE_Connection/LibadalangExpression.C src/frontend/Experimental_Libadalang_ROSE_Connection/LibadalangExpression.h src/frontend/Experimental_Libadalang_ROSE_Connection/LibadalangStatement.C src/frontend/Experimental_Libadalang_ROSE_Connection/LibadalangType.C src/frontend/Experimental_Libadalang_ROSE_Connection/LibadalangType.h,drop,Ada/Libadalang components dropped in REX.
d3f182deae9784bd985ef34970334261e7e16b97,2024-06-01,SideEffectAnalysis + annotation/symbolic updates,src/backend/unparser/CxxCodeGeneration/unparseCxx_expressions.C src/backend/unparser/CxxCodeGeneration/unparseCxx_types.C src/midend/astUtil/AstUtilInterface.C src/midend/astUtil/AstUtilInterface.h src/midend/astUtil/annotation/AnnotCollect.C src/midend/astUtil/annotation/AnnotDescriptors.C src/midend/astUtil/annotation/AnnotDescriptors.h src/midend/astUtil/annotation/AnnotExpr.C src/midend/astUtil/annotation/AnnotExpr.h src/midend/astUtil/annotation/OperatorAnnotation.C src/midend/astUtil/annotation/OperatorAnnotation.h src/midend/astUtil/annotation/OperatorDescriptors.C src/midend/astUtil/annotation/OperatorDescriptors.h src/midend/astUtil/annotation/TypeAnnotation.C src/midend/astUtil/annotation/TypeAnnotation.h src/midend/astUtil/astInterface/AstInterface.C src/midend/astUtil/astInterface/AstInterface.h src/midend/astUtil/astInterface/AstInterface_ROSE.h src/midend/astUtil/astInterface/CPPAstInterface.C src/midend/astUtil/astSupport/AnalysisInterface.h src/midend/astUtil/astSupport/StmtInfoCollect.C src/midend/astUtil/symbolicVal/SymbolicOperator.C src/midend/astUtil/symbolicVal/SymbolicVal.C src/midend/astUtil/symbolicVal/SymbolicVal.h src/midend/programAnalysis/pointerAnal/PtrAnal.C src/midend/programTransformation/loopProcessing/computation/DepCompTransform.C src/midend/programTransformation/loopProcessing/computation/LoopTree.C src/midend/programTransformation/loopProcessing/computation/LoopTreeDepComp.C src/midend/programTransformation/loopProcessing/computation/LoopTreeDepComp.h src/midend/programTransformation/loopProcessing/depGraph/DepGraphBuild.C src/midend/programTransformation/loopProcessing/depGraph/LoopAnalysis.C src/midend/programTransformation/loopProcessing/depGraph/TransDepGraphImpl.h src/midend/programTransformation/loopProcessing/depInfo/DepInfoAnal.C src/midend/programTransformation/loopProcessing/depInfo/DepInfoAnal.h src/midend/programTransformation/loopProcessing/depInfo/DomainInfo.C src/midend/programTransformation/loopProcessing/depInfo/PlatoOmegaInterface.C src/midend/programTransformation/loopProcessing/depInfo/StmtDepAnal.C src/midend/programTransformation/loopProcessing/driver/ArrayInterface.C src/midend/programTransformation/loopProcessing/driver/BlockingAnal.C src/midend/programTransformation/loopProcessing/driver/TransformComputation.C src/midend/programTransformation/loopProcessing/slicing/CompSliceDepGraph.C src/midend/programTransformation/loopProcessing/slicing/DependenceHoisting.C src/util/support/CommandOptions.h,pick-partial,Applied interprocedural side-effect/annotation/symbolic changes; unparser fixes already present; kept AnnotCollect ReadError throw. Reverted changes in src/backend/unparser/CxxCodeGeneration/unparseCxx_expressions.C; src/midend/astUtil/astInterface/AstInterface.C; src/midend/astUtil/astInterface/AstInterface.h to remove drop-list reintroductions.
1428558a5e719f0a658918aebe1d435853cb84ee,2024-06-01,Release version bump to 0.11.145.90,ROSE_VERSION config/SCM_DATE configure.ac src/frontend/CxxFrontend/EDG_VERSION,pick-partial,Updated ROSE_VERSION only; skipped EDG_VERSION/configure/SCM_DATE.
3d706468112e9613dfd50340f5d314b502d04bbd,2024-06-02,BinaryAnalysis MIPS semantics,src/Rose/BinaryAnalysis/InstructionSemantics/DispatcherMips.C,drop,BinaryAnalysis dropped.
fd053fd732589fcf6af70484757b73d4ee69ec02,2024-06-03,Release version bump to 0.11.145.91,ROSE_VERSION config/SCM_DATE configure.ac src/frontend/CxxFrontend/EDG_VERSION,pick-partial,Updated ROSE_VERSION only; skipped EDG_VERSION/configure/SCM_DATE.
3842a839e5a4bb160b829d042f3ee0fc72761fd7,2024-06-04,Ada -std=ada option,src/Makefile.am src/frontend/SageIII/sage_support/cmdline.C,drop,Ada support dropped; Makefile.am inventory only.
f70ea60d9973d74572f323cccd499fe98085ff5f,2024-06-04,Interpret .a extension for Ada,src/Makefile.am src/frontend/SageIII/sage_support/cmdline.C src/rose-compiler.C src/util/commandlineProcessing/commandline_processing.C src/util/commandlineProcessing/commandline_processing.h,drop,Ada support dropped; Ada-specific .a handling.
45e941dd52099b689b9df60f6df3711ddc4551d9,2024-06-04,Release version bump to 0.11.145.92,ROSE_VERSION config/SCM_DATE configure.ac src/frontend/CxxFrontend/EDG_VERSION,pick-partial,Updated ROSE_VERSION only; skipped EDG_VERSION/configure/SCM_DATE.
1e83a080cbc9b379485c26b20ac40efd6ceb8d83,2024-06-04,OperatorAnnotation template instantiation,src/midend/astUtil/annotation/OperatorAnnotation.C,pick,Instantiate WriteContainer<set<SymbolicValDescriptor>>.
d25cccf9521210ebd483bdb6566efc11902ad59b,2024-06-05,Release version bump to 0.11.145.93,ROSE_VERSION config/SCM_DATE configure.ac src/frontend/CxxFrontend/EDG_VERSION,pick-partial,Updated ROSE_VERSION only; skipped EDG_VERSION/configure/SCM_DATE.
f4eb6ee6a467688254aa73586eeadfc7a213350d,2024-06-06,Tup build update,scripts/tup/cmake-config-tup,drop,Tup build dropped.
fe81ce49a829d6068b470957a2292ae338442183,2024-06-06,Tup build update,src/midend/programAnalysis/annotationLanguageParser/Tupfile,drop,Tup build dropped.
c5532d11b16991b6df49770fbdb3776b46045331,2024-06-06,BinaryAnalysis update,src/Rose/BinaryAnalysis/CallingConvention/StoragePool.C,drop,BinaryAnalysis dropped.
05a7afdb0d396fad09c04f7b77f33030f8a9921a,2024-06-06,BinaryAnalysis update,src/Rose/BinaryAnalysis/InstructionSemantics/DispatcherMips.C,drop,BinaryAnalysis dropped.
da795803767796d72f5c3aee2b874880688430f0,2024-06-06,BinaryAnalysis update,Tuprules.tup cmake/copy_files.cmake scripts/edg-generate-sig src/AstNodes/BinaryAnalysis/SgAsmAarch64PState.h src/CMakeLists.txt src/ROSETTA/astNodeList src/ROSETTA/src/Makefile.am src/ROSETTA/src/binaryInstruction.C src/Rose/BinaryAnalysis/Disassembler/Aarch64.C src/Rose/BinaryAnalysis/InstructionEnumsAarch64.h src/Rose/BinaryAnalysis/Unparser/Aarch64.C src/frontend/SageIII/Makefile.am src/generated/BinaryAnalysis/CMakeLists.txt src/generated/BinaryAnalysis/Makefile.am src/generated/BinaryAnalysis/SgAsmAarch64PState.C src/generated/BinaryAnalysis/Tupfile,drop,BinaryAnalysis dropped.
387a59b77a48202623988ad3c37b805a1367169d,2024-06-06,BinaryAnalysis update,src/Rose/BinaryAnalysis/Architecture/Amd64.C src/Rose/BinaryAnalysis/Architecture/Amd64.h src/Rose/BinaryAnalysis/Architecture/ArmAarch32.C src/Rose/BinaryAnalysis/Architecture/ArmAarch32.h src/Rose/BinaryAnalysis/Architecture/ArmAarch64.C src/Rose/BinaryAnalysis/Architecture/ArmAarch64.h src/Rose/BinaryAnalysis/Architecture/Base.C src/Rose/BinaryAnalysis/Architecture/Base.h src/Rose/BinaryAnalysis/Architecture/Cil.C src/Rose/BinaryAnalysis/Architecture/Cil.h src/Rose/BinaryAnalysis/Architecture/Jvm.C src/Rose/BinaryAnalysis/Architecture/Jvm.h src/Rose/BinaryAnalysis/Architecture/Mips32.C src/Rose/BinaryAnalysis/Architecture/Mips32.h src/Rose/BinaryAnalysis/Architecture/Motorola.C src/Rose/BinaryAnalysis/Architecture/Motorola.h src/Rose/BinaryAnalysis/Architecture/Powerpc.C src/Rose/BinaryAnalysis/Architecture/Powerpc.h src/Rose/BinaryAnalysis/Architecture/X86.C src/Rose/BinaryAnalysis/Architecture/X86.h tools/BinaryAnalysis/SimpleArch.C,drop,BinaryAnalysis/tools dropped.
f1c2d1d1310c702f4e80707b98e2c330a5271288,2024-06-06,BinaryAnalysis update,src/Rose/BinaryAnalysis/Unparser/Aarch32.C src/Rose/BinaryAnalysis/Unparser/Aarch32.h src/Rose/BinaryAnalysis/Unparser/Aarch64.C src/Rose/BinaryAnalysis/Unparser/Aarch64.h src/Rose/BinaryAnalysis/Unparser/Base.C src/Rose/BinaryAnalysis/Unparser/Base.h src/Rose/BinaryAnalysis/Unparser/Cil.C src/Rose/BinaryAnalysis/Unparser/Cil.h src/Rose/BinaryAnalysis/Unparser/Jvm.C src/Rose/BinaryAnalysis/Unparser/Jvm.h src/backend/asmUnparser/AsmUnparser_compat.C,drop,BinaryAnalysis dropped.
661f6d03fa38215f42b25bbf6ee791806799d6e0,2024-06-06,BinaryAnalysis update,src/Rose/BinaryAnalysis/Reachability.C src/Rose/BinaryAnalysis/Reachability.h,drop,BinaryAnalysis dropped.
39413e4fc69c9772b6da629437e67b2e5f6e89af,2024-06-06,BinaryAnalysis update,src/Rose/BinaryAnalysis/Disassembler/Mips.C src/Rose/BinaryAnalysis/InstructionSemantics/BaseSemantics/RiscOperators.h src/Rose/BinaryAnalysis/InstructionSemantics/DispatcherMips.C,drop,BinaryAnalysis dropped.
25b5b1ac2d9b5fa4ef210c9e0df33f344da1df4a,2024-06-06,Release version bump to 0.11.145.94,ROSE_VERSION config/SCM_DATE configure.ac src/frontend/CxxFrontend/EDG_VERSION,pick-partial,Updated ROSE_VERSION only; skipped EDG_VERSION/configure/SCM_DATE.
3116781ffb96bed157dfd21bf2e7f588fdd55dc9,2024-06-06,OFP Fortran warnings cleanup,src/frontend/OpenFortranParser_SAGE_Connection/FortranParserActionROSE.C,pick,Applied OFP unused variable/switch cleanup.
0f54421dd0cff3ed734861fda57e6f0f83ce009a,2024-06-06,Compiler warning cleanup,src/frontend/SageIII/includeDirectivesProcessing/CompilerOutputParser.C src/midend/abstractHandle/abstract_handle.cpp src/midend/astDiagnostics/AstConsistencyTests.C src/midend/astMatching/MatchOperation.h src/midend/astUtil/astSupport/AnalysisInterface.h src/midend/programAnalysis/CFG/CFGImpl.h,pick-partial,Applied existing-file fixes; dropped missing src/midend/abstractHandle/abstract_handle.cpp and src/midend/astMatching/MatchOperation.h; removed AbstractHandle tutorial chapter and API appendix references (drop list).
9f461b6966f036a685f0301b5f878c03fa742337,2024-06-07,BinaryAnalysis MIPS semantics,src/Rose/BinaryAnalysis/InstructionSemantics/DispatcherMips.C,drop,BinaryAnalysis dropped.
a37110d3f6f8f754ee4af0b7c76feebd57f5c1f9,2024-06-07,Release version bump to 0.11.145.95,ROSE_VERSION config/SCM_DATE configure.ac src/frontend/CxxFrontend/EDG_VERSION,pick-partial,Updated ROSE_VERSION only; skipped EDG_VERSION/configure/SCM_DATE.
7a96664bcb692ca607eeb6c4a8793f008ad5bf8d,2024-06-07,BinaryAnalysis MIPS semantics,src/Rose/BinaryAnalysis/Disassembler/Mips.C src/Rose/BinaryAnalysis/InstructionSemantics/BaseSemantics/RiscOperators.h,drop,BinaryAnalysis dropped.
49c6558c1a2da0928c3c71b752e221b0eda0e0a7,2024-06-07,BinaryAnalysis MIPS semantics,src/Rose/BinaryAnalysis/InstructionSemantics/DispatcherMips.C,drop,BinaryAnalysis dropped.
bb7e5de8b61a50e99c4f082d41768e411b6e3f6b,2024-06-08,Release version bump to 0.11.145.96,ROSE_VERSION config/SCM_DATE configure.ac src/frontend/CxxFrontend/EDG_VERSION,pick-partial,Updated ROSE_VERSION only; skipped EDG_VERSION/configure/SCM_DATE.
c75e705512b1d05b020447d09e7f08607746cf8a,2024-06-10,BinaryAnalysis MIPS semantics,src/Rose/BinaryAnalysis/Architecture/Mips32.C src/Rose/BinaryAnalysis/Disassembler/Mips.C,drop,BinaryAnalysis dropped.
d445461ee4204b7db9aba6612d0a2a25c67499cc,2024-06-10,BinaryAnalysis MIPS semantics,src/Rose/BinaryAnalysis/InstructionSemantics/DispatcherMips.C,drop,BinaryAnalysis dropped.
685eb995c944889dd5ac828d028291324133fb8b,2024-06-11,Release version bump to 0.11.145.97,ROSE_VERSION config/SCM_DATE configure.ac src/frontend/CxxFrontend/EDG_VERSION,pick-partial,Updated ROSE_VERSION only; skipped EDG_VERSION/configure/SCM_DATE.
03d2f4bce9a1866cb8200937f29e991086614c20,2024-06-12,Fix Ubuntu link error,src/midend/astUtil/annotation/OperatorAnnotation.C,pick,Added ReadContainer instantiation for SymbolicValDescriptor.
3b4c788de544e884512f71ed2e063aa89161acc3,2024-06-13,Release version bump to 0.11.145.98,ROSE_VERSION config/SCM_DATE configure.ac src/frontend/CxxFrontend/EDG_VERSION,pick-partial,Updated ROSE_VERSION only; skipped EDG_VERSION/configure/SCM_DATE.
fbe1f1126fdeaea91858d993b3e01d34619b6a21,2024-06-13,CodeThorn shared library build,CMakeLists.txt src/midend/programTransformation/CMakeLists.txt tools/CMakeLists.txt tools/CodeThorn/CMakeLists.txt tools/CodeThorn/src/CMakeLists.txt tools/CodeThorn/src/RewriteSystem.C tools/CodeThorn/src/TimeMeasurement.h,drop,CodeThorn dropped in REX.
159fc120c679448f664224f58e58265e46de3238,2024-06-14,BinaryAnalysis MIPS semantics,src/Rose/BinaryAnalysis/Disassembler/Mips.C src/Rose/BinaryAnalysis/InstructionSemantics/DispatcherMips.C,drop,BinaryAnalysis dropped.
744d82e661fe172961b5a4ca6c32115aa556b85b,2024-06-14,Release version bump to 0.11.145.99,ROSE_VERSION config/SCM_DATE configure.ac src/frontend/CxxFrontend/EDG_VERSION,pick-partial,Updated ROSE_VERSION only; skipped EDG_VERSION/configure/SCM_DATE.
1310983dad46f3d8901cf8b44439dcfe26d70c4d,2024-06-17,Handle static member calls in IsMemberFunctionCall,src/midend/astUtil/astInterface/CPPAstInterface.C,pick,Skip object/args extraction for static member functions.
b3bb3e6cb230fab3e3393f6b715c6f532cedc8ff,2024-06-18,Autotools check-tools/tests build,Makefile.am build config/support-rose.m4 tools/CodeThorn/src/Makefile.am,drop,Autotools inventory and CodeThorn dropped.
0d90d8be81da0f2af1b7c5132c13d222845ac5a4,2024-06-18,CodeThorn test scripts path fixes,tools/CodeThorn/src/scripts/runCfgTests tools/CodeThorn/src/scripts/runCpp98Tests tools/CodeThorn/src/scripts/runDeadCodeTests tools/CodeThorn/src/scripts/runDomainTests tools/CodeThorn/src/scripts/runIOCTests tools/CodeThorn/src/scripts/runLineColTests tools/CodeThorn/src/scripts/runNPTests tools/CodeThorn/src/scripts/runNoConstantConditionTests tools/CodeThorn/src/scripts/runNormalizationTests tools/CodeThorn/src/scripts/runParCfgTests tools/CodeThorn/src/scripts/runRersArithmeticProblemTest tools/CodeThorn/src/scripts/runRersArrayProblemTest tools/CodeThorn/src/scripts/runRersLoopAwareSyncTest tools/CodeThorn/src/scripts/runRersMemoryBoundTest tools/CodeThorn/src/scripts/runRersTimeoutTest tools/CodeThorn/src/scripts/runRersTopifyTest tools/CodeThorn/src/scripts/runUnitTests tools/CodeThorn/src/scripts/runVisTests,drop,CodeThorn dropped.
7243e793060c96cf92e2bc975b96adf5fffe66ac,2024-06-18,Autotools build script typo fix,build,drop,Autotools inventory only; CodeThorn dropped.
75a0e24b431603dc03f20a98bfd67a9131fcb7d3,2024-06-18,Check-tools test removals,tools/checkFortranInterfaces/Makefile.am,drop,Test changes/autotools; do not alter tests in REX.
5746be25fc7ff0c9a6684adb40fae3147361e188,2024-06-18,Release version bump to 0.11.145.100,ROSE_VERSION config/SCM_DATE configure.ac src/frontend/CxxFrontend/EDG_VERSION,pick-partial,Updated ROSE_VERSION only; skipped EDG_VERSION/configure/SCM_DATE.
dadc903c672a809d2cbb1db32668af4ba3e3055f,2024-06-18,Autotools checkFortranInterfaces guard,tools/checkFortranInterfaces/Makefile.am,drop,Test/autotools change; tests not modified in REX.
1c551175254c35acb2eaa79c004907857832cc52,2024-06-21,Guard static member decl lookup,src/midend/astUtil/astInterface/CPPAstInterface.C,pick,Avoid null dereference when defining decl is absent.
4d8b103435a9e16a404cb154b78c737f82826c28,2024-06-21,Release version bump to 0.11.145.101,ROSE_VERSION config/SCM_DATE configure.ac src/frontend/CxxFrontend/EDG_VERSION,pick-partial,Updated ROSE_VERSION only; skipped EDG_VERSION/configure/SCM_DATE.
78b15a119a5f87142eba4458d3cfb3c22db469ca,2024-06-21,Autotools .PHONY tools,Makefile.am,drop,Autotools inventory only.
4012968c26b07fdf3b97df71f3466d50c045ced7,2024-06-22,Backend warning cleanup,src/backend/asmUnparser/AsmUnparser.C src/backend/unparser/AdaCodeGeneration/unparseAda_statements.C src/backend/unparser/CxxCodeGeneration/unparseCxx_expressions.C src/backend/unparser/CxxCodeGeneration/unparseCxx_statements.C src/backend/unparser/CxxCodeGeneration/unparseCxx_types.C src/backend/unparser/FortranCodeGeneration/UnparserFortran.C src/backend/unparser/FortranCodeGeneration/unparseFortran_statements.C src/backend/unparser/IncludedFilesUnparser.C src/backend/unparser/JavaCodeGeneration/unparseJava_expressions.C src/backend/unparser/JavaCodeGeneration/unparseJava_statements.C src/backend/unparser/JavaCodeGeneration/unparseJava_types.C src/backend/unparser/JovialCodeGeneration/unparseJovial_expressions.C src/backend/unparser/JovialCodeGeneration/unparseJovial_statements.C src/backend/unparser/JovialCodeGeneration/unparseJovial_types.C src/backend/unparser/PythonCodeGeneration/unparsePython.C src/backend/unparser/languageIndependenceSupport/modified_sage.C src/backend/unparser/languageIndependenceSupport/unparseLanguageIndependentConstructs.C src/backend/unparser/nameQualificationSupport.C src/backend/unparser/unparser.C,drop,Large warning-only churn; includes Java/Jovial/Python (dropped); skipped.
ae07a4f135988cbad7470eb8c31dd0ec8ea89e7f,2024-06-22,Release version bump to 0.11.145.102,ROSE_VERSION config/SCM_DATE configure.ac src/frontend/CxxFrontend/EDG_VERSION,pick-partial,Updated ROSE_VERSION only; skipped EDG_VERSION/configure/SCM_DATE.
5cad43d250d61b28dc603b0ba8b5591b539e87ae,2024-06-24,SSA warning cleanup,src/midend/programAnalysis/staticSingleAssignment/staticSingleAssignmentInterprocedural.C src/midend/programAnalysis/staticSingleAssignment/staticSingleAssignmentQueries.C,drop,staticSingleAssignment paths not present in REX.
eacffe48ab18568abc3e769f1bcbc6bd9187a51e,2024-06-24,Java frontend warning cleanup,src/frontend/ECJ_ROSE_Connection/JavaParserActionROSE.C,drop,Java frontend dropped in REX.
fc40f232df0af9048134e70ae808967b4cea0187,2024-06-24,OpenMP macro helper warning fix,src/frontend/SageIII/ompAstConstruction.cpp,pick,Drop unused clause_type parameter name.
827faecc043d4dd7f40259f9ad94c7f3171ca5cd,2024-06-24,Java label warning cleanup,src/frontend/SageIII/virtualCFG/memberFunctions.C,drop,Java frontend dropped in REX.
0bd82e8c7c740877ee1a4b85c89bd1451ccd3e28,2024-06-24,RTI helpers warning cleanup,src/frontend/SageIII/rtiHelpers.C,pick,Drop unused parameter names in stream operators.
4751c169308aa5b7e42ea2da662de9802b2901ce,2024-06-24,OFP action warning cleanup,src/frontend/OpenFortranParser_SAGE_Connection/FortranParserActionROSE.C,pick,Unused param name removed; initialize coExpr and assert before use.
97e424cd83fbee5ca4b701a4a38bc0262c731250,2024-06-24,DefUseChain warning cleanup,src/midend/programAnalysis/bitvectorDataflow/DefUseChain.h,pick,Remove unused parameter name in CreateNode.
b6e0e5bc61441d408f2806149652e017796ea95b,2024-06-24,Warning cleanup in preprocessing hooks/virtualCFG,src/frontend/SageIII/advanced_preprocessing_hooks.h src/frontend/SageIII/attributeListMap.h src/frontend/SageIII/virtualCFG/memberFunctions.C,pick-partial,Applied virtualCFG unused-param cleanup; advanced_preprocessing_hooks.h and attributeListMap.h not present in REX.
4e09616f2330930e35c0a3bfb1e27c03dd24aa06,2024-06-24,AArch64 CFG fix (BinaryAnalysis),src/Rose/BinaryAnalysis/Architecture/ArmAarch64.C,drop,BinaryAnalysis dropped in REX.
cd3fbff49a97844b8ec9f92d1258ab01a4a15eb2,2024-06-24,StringUtility comma insertion helper,src/Rose/StringUtility/Diagnostics.C src/Rose/StringUtility/Diagnostics.h,drop,src/Rose/StringUtility/Diagnostics.* not present in REX (wrapper-only directory).
5502ba64afffa4d97eb666612d2643aca931bdd0,2024-06-24,SRecord signed address fix (BinaryAnalysis),src/Rose/BinaryAnalysis/SRecord.C,drop,BinaryAnalysis dropped in REX.
f01130189ab26fe6986f994e18a39d0eefe4c3ee,2024-06-25,Release version bump to 0.11.145.103,ROSE_VERSION config/SCM_DATE configure.ac src/frontend/CxxFrontend/EDG_VERSION,pick-partial,Updated ROSE_VERSION only; skipped EDG_VERSION/configure/SCM_DATE.
1893c83ffffb85c9dba97701880570f6bee05dd9,2024-06-25,CMake header install paths,CMakeLists.txt config/CMakeLists.txt src/midend/programAnalysis/EditDistance/CMakeLists.txt,pick-partial,Applied CMake/config install path updates; EditDistance dir not present in REX.
ff9df2ef1c145456dd33a50068d5f31c1c6324a2,2024-06-26,Release version bump to 0.11.145.104,ROSE_VERSION config/SCM_DATE configure.ac src/frontend/CxxFrontend/EDG_VERSION,pick-partial,Updated ROSE_VERSION only; skipped EDG_VERSION/configure/SCM_DATE.
440a466c0b211633be681cd2744c2ab55f947b75,2024-06-26,CMake link fixes for VxMachineChart/CodeThorn,CMakeLists.txt cmake/ConfigureChecks.cmake rose_config.h.in.cmake src/CMakeLists.txt src/Sawyer/CMakeLists.txt src/midend/programTransformation/CMakeLists.txt src/midend/programTransformation/extractFunctionArgumentsNormalization/CMakeLists.txt src/midend/programTransformation/singleStatementToBlockNormalization/CMakeLists.txt tools/CMakeLists.txt tools/CodeThorn/src/CMakeLists.txt tools/CodeThorn/src/LibCodeThornSources.cmake tools/CodeThorn/src/LibLTLThornSources.cmake,drop,CodeThorn/Sawyer dropped; VxMachineChart not present in REX; large toolchain changes skipped.
036dd2cba00f256d9efd73ac1374b84eaabded86,2024-06-27,Midend warning cleanup (loopProcessing),src/frontend/SageIII/sage_support/sage_support.C src/midend/programTransformation/loopProcessing/computation/DepCompTransform.C src/midend/programTransformation/loopProcessing/computation/LoopTree.C src/midend/programTransformation/loopProcessing/computation/LoopTreeBuild.h src/midend/programTransformation/loopProcessing/computation/LoopTreeDepComp.C src/midend/programTransformation/loopProcessing/computation/LoopTreeDepComp.h src/midend/programTransformation/loopProcessing/computation/LoopTreeHoldNode.h src/midend/programTransformation/loopProcessing/computation/LoopTreeLocality.C src/midend/programTransformation/loopProcessing/computation/LoopTreeObserver.h src/midend/programTransformation/loopProcessing/computation/LoopTreeShadow.h src/midend/programTransformation/loopProcessing/computation/LoopTreeTransform.C src/midend/programTransformation/loopProcessing/depGraph/TransDepGraphImpl.h src/midend/programTransformation/loopProcessing/depInfo/DepInfo.C src/midend/programTransformation/loopProcessing/depInfo/DepInfoAnal.C src/midend/programTransformation/loopProcessing/depInfo/DepInfoSet.h src/midend/programTransformation/loopProcessing/depInfo/DomainInfo.h src/midend/programTransformation/loopProcessing/depInfo/ReuseAnalysis.C src/midend/programTransformation/loopProcessing/driver/ArrayInterface.C src/midend/programTransformation/loopProcessing/driver/AutoTuningInterface.C src/midend/programTransformation/loopProcessing/driver/AutoTuningInterface.h src/midend/programTransformation/loopProcessing/driver/BlockingAnal.C src/midend/programTransformation/loopProcessing/driver/CopyArrayAnal.C src/midend/programTransformation/loopProcessing/driver/CopyArrayAnal.h src/midend/programTransformation/loopProcessing/driver/FusionAnal.C src/midend/programTransformation/loopProcessing/driver/FusionAnal.h src/midend/programTransformation/loopProcessing/driver/InterchangeAnal.C src/midend/programTransformation/loopProcessing/driver/LoopTransformInterface.C src/midend/programTransformation/loopProcessing/driver/LoopTransformOptions.C src/midend/programTransformation/loopProcessing/driver/NormalizeCPP.C src/midend/programTransformation/loopProcessing/driver/TransformComputation.C src/midend/programTransformation/loopProcessing/outsideInterface/ArrayRewrite.C src/midend/programTransformation/loopProcessing/prepostTransformation/LoopUnroll.C src/midend/programTransformation/loopProcessing/slicing/CompSlice.C src/midend/programTransformation/loopProcessing/slicing/CompSliceDepGraph.C src/midend/programTransformation/loopProcessing/slicing/CompSliceImpl.h src/midend/programTransformation/loopProcessing/slicing/CompSliceLocality.h src/midend/programTransformation/loopProcessing/slicing/CompSliceObserver.h,drop,Large warning-only churn; removes assertions and touches many loopProcessing files.
fcf4b9818aa511b99d05eedcd29132d3b7a69f8a,2024-06-27,Release version bump to 0.11.145.105,ROSE_VERSION config/SCM_DATE configure.ac src/frontend/CxxFrontend/EDG_VERSION,pick-partial,Updated ROSE_VERSION only; skipped EDG_VERSION/configure/SCM_DATE.
6e04941a875477429bd4250050ded3e482cee50b,2024-06-28,CodeThorn include fix,tools/CodeThorn/src/CodeThornOptions.h,drop,CodeThorn dropped in REX.
1b96453b7e6b83a47f05dc067d03d4b9c55eb7eb,2024-06-28,Static member check fixes,src/backend/unparser/CxxCodeGeneration/unparseCxx_types.C src/midend/astUtil/astInterface/CPPAstInterface.C,pick,Guard null enum decl in unparseEnumType; avoid null defining decl for static members.
feadd628d9b3d6f67e0f8f5c35913470cbbc2d33,2024-06-28,Release version bump to 0.11.145.106,ROSE_VERSION config/SCM_DATE configure.ac src/frontend/CxxFrontend/EDG_VERSION,pick-partial,Updated ROSE_VERSION only; skipped EDG_VERSION/configure/SCM_DATE.
55a50956d91e1f03509e25f4bf2478a134c63bbb,2024-06-29,astProcessing warning suppression flag,src/midend/astProcessing/CMakeLists.txt,pick,Add conditional -Wall for GNU when ENABLE_ALL_WARNINGS is off.
94e06e7f5aad05bd06d57b93fc9786c4cba1ea0b,2024-06-29,Clang class template support,src/frontend/CxxFrontend/Clang/clang-frontend-decl.cpp,pick-partial,Applied source-range guard for template parameters; REX already has richer template-parameter/class-template handling.
754e5bd0cb925f1e06857a83e93d2a76f82a1bc6,2024-06-29,Midend warnings cleanup (programAnalysis),src/midend/programAnalysis/CallGraphAnalysis/CallGraph.C src/midend/programAnalysis/ReadWriteSetAnalysis/LocalRWSetGenerator.C src/midend/programAnalysis/ReadWriteSetAnalysis/Name2Node.C src/midend/programAnalysis/ReadWriteSetAnalysis/ReadWriteSetRecords.C src/midend/programAnalysis/ReadWriteSetAnalysis/ReadWriteSetRecords.h src/midend/programAnalysis/ReadWriteSetAnalysis/VxUtilFuncs.C src/midend/programAnalysis/VirtualFunctionAnalysis/IntraProcAliasAnalysis.C src/midend/programAnalysis/VirtualFunctionAnalysis/PtrAliasAnalysis.C src/midend/programAnalysis/annotationLanguageParser/analyze.cc src/midend/programAnalysis/annotationLanguageParser/analyze.h src/midend/programAnalysis/annotationLanguageParser/broadway_expr.cc src/midend/programAnalysis/annotationLanguageParser/broadway_expr.h src/midend/programAnalysis/annotationLanguageParser/enum_property.cc src/midend/programAnalysis/annotationLanguageParser/procedure.cc src/midend/programAnalysis/annotationLanguageParser/report.cc src/midend/programAnalysis/annotationLanguageParser/report.h src/midend/programAnalysis/arithmeticIntensity/ai_measurement.cpp src/midend/programAnalysis/arithmeticIntensity/ai_measurement.h src/midend/programAnalysis/bitvectorDataflow/DefUseChain.C src/midend/programAnalysis/bitvectorDataflow/DefUseChain.h src/midend/programAnalysis/bitvectorDataflow/ReachingDefinition.C src/midend/programAnalysis/defUseAnalysis/DefUseAnalysis_perFunction.cpp src/midend/programAnalysis/defUseAnalysis/LivenessAnalysis.cpp src/midend/programAnalysis/genericDataflow/AnalysisDebuggingUtils.C src/midend/programAnalysis/genericDataflow/AnalysisDebuggingUtils.h src/midend/programAnalysis/genericDataflow/analysis/analysis.C src/midend/programAnalysis/genericDataflow/analysis/dataflow.C src/midend/programAnalysis/genericDataflow/analysis/dataflow.h src/midend/programAnalysis/genericDataflow/analysis/partitionedAnalysis.C src/midend/programAnalysis/genericDataflow/analysis/partitionedAnalysis.h src/midend/programAnalysis/genericDataflow/arrIndexLabeler/arrIndexLabeler.C src/midend/programAnalysis/genericDataflow/cfgUtils/CFGRewrite.C src/midend/programAnalysis/genericDataflow/cfgUtils/CallGraphTraverse.C src/midend/programAnalysis/genericDataflow/cfgUtils/CallGraphTraverse.h src/midend/programAnalysis/genericDataflow/cfgUtils/DataflowCFG.C src/midend/programAnalysis/genericDataflow/cfgUtils/DataflowCFG.h src/midend/programAnalysis/genericDataflow/cfgUtils/VirtualCFGIterator.C src/midend/programAnalysis/genericDataflow/cfgUtils/cfgUtils.C src/midend/programAnalysis/genericDataflow/lattice/ConstrGraph.C src/midend/programAnalysis/genericDataflow/lattice/ConstrGraph.h src/midend/programAnalysis/genericDataflow/lattice/affineInequality.C src/midend/programAnalysis/genericDataflow/lattice/affineInequality.h src/midend/programAnalysis/genericDataflow/lattice/lattice.C src/midend/programAnalysis/genericDataflow/lattice/lattice.h src/midend/programAnalysis/genericDataflow/lattice/latticeFull.h src/midend/programAnalysis/genericDataflow/rwAccessLabeler/rwAccessLabeler.C src/midend/programAnalysis/genericDataflow/rwAccessLabeler/rwAccessLabeler.h src/midend/programAnalysis/genericDataflow/simpleAnalyses/ConstrGraphAnalysis.C src/midend/programAnalysis/genericDataflow/simpleAnalyses/VariableStateTransfer.h src/midend/programAnalysis/genericDataflow/simpleAnalyses/divAnalysis.C src/midend/programAnalysis/genericDataflow/simpleAnalyses/divAnalysis.h src/midend/programAnalysis/genericDataflow/simpleAnalyses/dominatorAnalysis.C src/midend/programAnalysis/genericDataflow/simpleAnalyses/liveDeadVarAnalysis.C src/midend/programAnalysis/genericDataflow/simpleAnalyses/liveDeadVarAnalysis.h src/midend/programAnalysis/genericDataflow/simpleAnalyses/nodeConstAnalysis.C src/midend/programAnalysis/genericDataflow/simpleAnalyses/nodeConstAnalysis.h src/midend/programAnalysis/genericDataflow/simpleAnalyses/placeUIDs.C src/midend/programAnalysis/genericDataflow/simpleAnalyses/saveDotAnalysis.C src/midend/programAnalysis/genericDataflow/simpleAnalyses/sequenceStructAnalysis.C src/midend/programAnalysis/genericDataflow/simpleAnalyses/sgnAnalysis.C src/midend/programAnalysis/genericDataflow/state/nodeState.C src/midend/programAnalysis/genericDataflow/variables/varSets.C src/midend/programAnalysis/genericDataflow/variables/variables.C src/midend/programAnalysis/genericDataflow/variables/variables.h src/midend/programAnalysis/ssaUnfilteredCfg/ssaUnfilteredCfgCalculation.C src/midend/programAnalysis/staticInterproceduralSlicing/CreateSlice.C src/midend/programAnalysis/staticInterproceduralSlicing/DefUseExtension.C src/midend/programAnalysis/staticInterproceduralSlicing/SystemDependenceGraph.C src/midend/programAnalysis/staticSingleAssignment/boostGraphCFG.h src/midend/programAnalysis/systemDependenceGraph/PDG.C src/midend/programAnalysis/systemDependenceGraph/SDG.C src/midend/programAnalysis/systemDependenceGraph/newCDG.C src/midend/programAnalysis/systemDependenceGraph/newDDG.C src/midend/programAnalysis/systemDependenceGraph/staticCFG.C src/midend/programAnalysis/valuePropagation/ArrayAnnot.C src/midend/programAnalysis/valuePropagation/ArrayAnnot.h,drop,Large warning-only churn touching ReadWriteSetAnalysis/staticSingleAssignment and many analysis files.
34726d35e8b393b626cfa3974fdb000f6864c146,2024-06-29,astUtil warning cleanup,src/midend/astUtil/annotation/AnnotDescriptors.C src/midend/astUtil/annotation/AnnotExpr.C src/midend/astUtil/annotation/OperatorDescriptors.h src/midend/astUtil/astInterface/AstInterface.C src/midend/astUtil/astSupport/ProcessAstTree.C src/midend/astUtil/astSupport/ProcessAstTree.h src/midend/astUtil/astSupport/StmtInfoCollect.C src/midend/astUtil/astSupport/StmtInfoCollect.h src/midend/astUtil/symbolicVal/SymbolicOperator.C,pick,Silenced unused params; Reverted changes in src/midend/astUtil/astInterface/AstInterface.C to remove drop-list reintroductions.; removed unused DebugType; and added safer asserts in astUtil utilities.
746374364ee7a689aa4477ebf577d3df813f022d,2024-06-29,Release version bump to 0.11.145.107,ROSE_VERSION config/SCM_DATE configure.ac src/frontend/CxxFrontend/EDG_VERSION,pick-partial,Updated ROSE_VERSION only; skipped EDG_VERSION/configure/SCM_DATE.
30215941375f97954e32d2d5ce80016ae782a995,2024-07-02,CMake config speed cleanup,cmake/ConfigureChecks.cmake cmake/FindZ3.cmake rose_config.h.in.cmake src/midend/astProcessing/CMakeLists.txt,pick-partial,Applied astProcessing -Wno-misleading-indentation; skipped large ConfigureChecks/rose_config churn and FindZ3.cmake (file not present).
adac66cead8ab3154693446b6404f1c3f77f5681,2024-07-03,Release version bump to 0.11.145.108,ROSE_VERSION config/SCM_DATE configure.ac src/frontend/CxxFrontend/EDG_VERSION,pick-partial,Updated ROSE_VERSION only; skipped EDG_VERSION/configure/SCM_DATE.
d2133e9e1e6f3997915136741560df6fc21d8911,2024-07-04,Static member check fix (follow-up),src/midend/astUtil/astInterface/CPPAstInterface.C,pick,Check static modifier on defining decl and guard missing argument for non-static calls.
1fbd29b43b49bf2f09c276674035ad4b4a60c9b8,2024-07-04,CMake RPATH install fix,CMakeLists.txt,pick,Set install RPATH defaults and enable link-path usage.
a99594fd3d78141b7141a60a8380f0de2e58b75b,2024-07-04,nlohmann json install (Unit Test Generator),src/3rdPartyLibraries/CMakeLists.txt src/3rdPartyLibraries/json/CMakeLists.txt src/3rdPartyLibraries/json/nlohmann/CMakeLists.txt,drop,json third-party directory not present in REX.
01946e1b99cd6a03579521be3b972f3b2f86946e,2024-07-04,Preprocessing info ordering helper,exampleTranslators/defaultTranslator/preprocessingInfoDumper.C src/frontend/SageIII/sageInterface/sageInterface.C src/frontend/SageIII/sageInterface/sageInterface.h,pick,Added preOrderCollectPreprocessingInfo and updated preprocessingInfoDumper example.
0c9b8bbb344e6ac8861d2627cf744b6872893e2d,2024-07-04,Release version bump to 0.11.145.109,ROSE_VERSION config/SCM_DATE configure.ac src/frontend/CxxFrontend/EDG_VERSION,pick-partial,Updated ROSE_VERSION only; skipped EDG_VERSION/configure/SCM_DATE.
430326cd2780b24e72e1be62b4016c2820c1f680,2024-07-05,Doc cross-ref fixes + rpath helper,scripts/fix-rpaths src/Rose/BinaryAnalysis/CallingConvention/StoragePool.h src/Rose/BinaryAnalysis/InstructionSemantics/BaseSemantics/State.h,pick-partial,Added scripts/fix-rpaths; BinaryAnalysis doc headers not present in REX.
4baf32eeb088d1d2d1f6687f22f258657ed9a751,2024-07-05,BinaryAnalysis batSupport install,tools/BinaryAnalysis/CMakeLists.txt,drop,BinaryAnalysis dropped in REX.
04711c37422b7f4e45749711acb9eb6cf83b4118,2024-07-06,Fortran/OFP build support tweaks,CMakeLists.txt rose_config.h.in.cmake src/3rdPartyLibraries/fortran-parser/CMakeLists.txt,pick-partial,Added ROSE_OFP_VERSION_NUMBER and BACKEND_FORTRAN_IS_GNU_COMPILER macros; kept existing REX Fortran/OFP handling and skipped Java/frontend changes.
dbd8fd65d2fda648ff37c1fec15a8ca684dd3052,2024-07-06,Jovial empty define fix,src/frontend/Experimental_Jovial_ROSE_Connection/ATermToSageJovialTraversal.C src/frontend/Experimental_Jovial_ROSE_Connection/preprocess.C,drop,Jovial frontend dropped in REX.
a291ed0a777ab7fff4bdf6dcdc802a57991d3c29,2024-07-06,Jovial pointer casting fix,src/frontend/Experimental_Jovial_ROSE_Connection/ATermToSageJovialTraversal.C,drop,Jovial frontend dropped in REX.
a0765e41f62b2ac8616e076f82dfa1eb9802c7da,2024-07-06,Release version bump to 0.11.145.110,ROSE_VERSION config/SCM_DATE configure.ac src/frontend/CxxFrontend/EDG_VERSION,pick-partial,Updated ROSE_VERSION only; skipped EDG_VERSION/configure/SCM_DATE.
1fa364abc3f2337ec85d16ac60df5548200d7e95,2024-07-08,CodeThorn warning flags,tools/CodeThorn/src/CMakeLists.txt,drop,CodeThorn dropped in REX.
b21a6cd9980c6a8455b8afec2c87d5c8e3ce7cd3,2024-07-09,Clang FE C_tests cleanup,src/frontend/CxxFrontend/Clang/clang-frontend-decl.cpp src/frontend/CxxFrontend/Clang/clang-to-dot.cpp,pick-partial,REX clang-to-dot already handles Expected<FileEntryRef>; unused variable already removed.
b005d82d0b74098c0a70d772dab0607912c28b8d,2024-07-09,Ada range type support,src/AstNodes/Expression/SgRangeExp.C src/ROSETTA/Grammar/Expression.code src/ROSETTA/Grammar/Type.code src/ROSETTA/astNodeList src/ROSETTA/src/expression.C src/ROSETTA/src/type.C src/backend/unparser/AdaCodeGeneration/unparseAda_types.C src/backend/unparser/nameQualificationSupport.C src/frontend/Experimental_Ada_ROSE_Connection/AdaExpression.C src/frontend/Experimental_Ada_ROSE_Connection/AdaMaker.C src/frontend/Experimental_Ada_ROSE_Connection/AdaMaker.h src/frontend/Experimental_Ada_ROSE_Connection/AdaStatement.C src/frontend/SageIII/astPostProcessing/markLhsValues.C src/frontend/SageIII/sageInterface/sageGeneric.h src/frontend/SageIII/sageInterface/sageInterfaceAda.C src/frontend/SageIII/sageInterface/sageInterfaceAda.h src/frontend/SageIII/virtualCFG/memberFunctions.C,drop,Ada/Libadalang support dropped in REX.
b0bdbcf89544c2ec7aa0be5544721a21ce592c4b,2024-07-09,Ada package spec/body edges,src/ROSETTA/Grammar/Statement.code src/ROSETTA/src/statement.C src/backend/unparser/AdaCodeGeneration/unparseAda_statements.C src/backend/unparser/nameQualificationSupport.C src/frontend/Experimental_Ada_ROSE_Connection/AdaMaker.C src/frontend/Experimental_Ada_ROSE_Connection/AdaStatement.C src/frontend/SageIII/sageInterface/sageGeneric.h src/frontend/SageIII/sageInterface/sageInterfaceAda.C src/frontend/SageIII/sageInterface/sageInterfaceAda.h,drop,Ada/Libadalang support dropped in REX.
2ea6dcf0797945c30630d58358b3043259eb9ab5,2024-07-09,Release version bump to 0.11.145.111,ROSE_VERSION config/SCM_DATE configure.ac src/frontend/CxxFrontend/EDG_VERSION,pick-partial,Updated ROSE_VERSION only; skipped EDG_VERSION/configure/SCM_DATE.
63ae05259690318b91b10c3ece3a43e3d1e4fe50,2024-07-10,ConfigureChecks Ada/Jovial defines,cmake/ConfigureChecks.cmake rose_config.h.in.cmake,drop,Ada/Jovial support dropped; ConfigureChecks layout diverged from upstream cleanup.
0e0a623bb08b6ba5a6769def980b735a83d2ef29,2024-07-10,Release version bump to 0.11.145.112,ROSE_VERSION config/SCM_DATE configure.ac src/frontend/CxxFrontend/EDG_VERSION,pick-partial,Updated ROSE_VERSION only; skipped EDG_VERSION/configure/SCM_DATE.
58847bcd3f7f8ccd2c9a16f9d0aa3e8b5c19dc8f,2024-07-15,Ada SageInterface enhancements,src/frontend/SageIII/sageInterface/sageGeneric.h src/frontend/SageIII/sageInterface/sageInterfaceAda.C src/frontend/SageIII/sageInterface/sageInterfaceAda.h,drop,Ada/Libadalang support dropped in REX.
3869bc24b803af455a20e09785b4e59e851ae523,2024-07-16,Release version bump to 0.11.145.113,ROSE_VERSION config/SCM_DATE configure.ac src/frontend/CxxFrontend/EDG_VERSION,pick-partial,Updated ROSE_VERSION only; skipped EDG_VERSION/configure/SCM_DATE.
4c433a39727ace0e711c52231e3df93e3d46c9cf,2024-07-16,Lazy DebugLog evaluation,src/backend/unparser/CxxCodeGeneration/unparseCxx_types.C src/midend/astUtil/AstUtilInterface.C src/midend/astUtil/annotation/OperatorAnnotation.C src/midend/astUtil/annotation/OperatorDescriptors.C src/midend/astUtil/astInterface/AstInterface.C src/midend/astUtil/astSupport/StmtInfoCollect.C src/midend/programAnalysis/pointerAnal/PtrAnal.C src/midend/programTransformation/loopProcessing/depGraph/LoopAnalysis.C src/midend/programTransformation/loopProcessing/depInfo/StmtDepAnal.C src/midend/programTransformation/loopProcessing/driver/TransformComputation.C src/midend/programTransformation/loopProcessing/slicing/CompSliceDepGraph.C src/midend/programTransformation/loopProcessing/slicing/DependenceHoisting.C src/util/support/CommandOptions.h,pick,Switched DebugLog to accept lambdas; updated call sites to avoid eager unparsing. Reverted changes in src/midend/astUtil/astInterface/AstInterface.C to remove drop-list reintroductions.
8eb36077cb4e42db5d52d39266e90cee76443b2e,2024-07-17,Release version bump to 0.11.145.114,ROSE_VERSION config/SCM_DATE configure.ac src/frontend/CxxFrontend/EDG_VERSION,pick-partial,Updated ROSE_VERSION only; skipped EDG_VERSION/configure/SCM_DATE.
04f94ed60ad7de3b960c04c86751217191cd458d,2024-07-25,Preprocessing info metadata,exampleTranslators/defaultTranslator/preprocessingInfoDumper.C src/frontend/SageIII/sageInterface/sageInterface.C src/frontend/SageIII/sageInterface/sageInterface.h,pick,Tracked preprocessing info container/index/depth and updated preOrderCollectPreprocessingInfo signature.
d1511f8e42b87ae3f86d37a98caec91179dcc04a,2024-07-25,Recursive dangling-endif collection,src/frontend/SageIII/sageInterface/sageInterface.C,pick,moveUpInnerDanglingIfEndifDirective now walks directives recursively using preOrderCollectPreprocessingInfo metadata.
8c7a3823fc9123242e13a05bf48956dcfbcf4e93,2024-07-25,sageInterface tab cleanup,src/frontend/SageIII/sageInterface/sageInterface.C,drop,Whitespace-only formatting; skipped to avoid churn.
d88a735a2f560f72066a6653b63f83f55ca1ed25,2024-07-25,Lower error to warning (Jovial end_of),src/frontend/SageIII/sageInterface/sageInterface.C,drop,Avoid softening errors; Jovial support dropped in REX.
96597f306cb97ba26322e448e04be88c9eb6cac4,2024-07-25,Release version bump to 0.11.145.115,ROSE_VERSION config/SCM_DATE configure.ac src/frontend/CxxFrontend/EDG_VERSION,pick-partial,Updated ROSE_VERSION only; skipped EDG_VERSION/configure/SCM_DATE.
44a47caefe5305b09f97f9b40a6073a0f943a036,2024-07-26,BinaryAnalysis ByteOrder docs,src/Rose/BinaryAnalysis/ByteOrder.h,drop,BinaryAnalysis dropped in REX.
e0233d3b3309fe3e9a88689bb39f7e14737696b8,2024-07-26,Commit message policy cleanup,docs/DoxygenSettings/InputFiles.cfg docs/Rose/CommitMessages.dox,pick,Updated CommitMessages.dox and Doxygen input list. Reverted changes in docs/Rose/CommitMessages.dox to remove drop-list reintroductions.
5d3609eab6e03c26f56d6c8be555c3fc09d55387,2024-07-26,Commit policy checker counterexample,scripts/good-commits.pl,pick,good-commits.pl now prints sample bad commits and quotes in output.
0b29b6789dc516b65a4b9bffe2018b7aee7e71eb,2024-07-26,Sawyer IntervalSet assert fix,src/Sawyer/IntervalSet.h,drop,Sawyer dropped in REX.
50aa05d173f49ad63c52d34a859d1f85943f1b00,2024-07-26,ClangFE: enhanced support to find enclosing class definition,src/frontend/CxxFrontend/Clang/clang-frontend-stmt.cpp,pick-partial,REX already uses Clang parent record for enclosing class lookup; no change needed.
958f0e000900d427fe647eb069c0f7c109420740,2024-07-26,ClangFE: support CXXRecordDecl in namespace,src/frontend/CxxFrontend/Clang/clang-frontend-decl.cpp,pick,Skipped symbol lookup for CXXRecordDecl definitions in namespaces to avoid bad def linkage.
3ef5ba97d5b36c36f6eb2a81e3c7f4b69674a233,2024-07-26,Autotools: fix tools dependency ordering,Makefile.am,drop,Autotools-only Makefile.am change; inventory only.
fb89536cf49b19010230cfc68d8056d5741a5e69,2024-07-26,Release version bump to 0.11.145.116,ROSE_VERSION config/SCM_DATE configure.ac src/frontend/CxxFrontend/EDG_VERSION,pick-partial,Updated ROSE_VERSION only; skipped EDG_VERSION/configure/SCM_DATE.
20d7da88c66f21729912c5c4134cf8e4cf521a00,2024-07-27,AstInterface: do not treat ClassDeclaration as block,src/midend/astUtil/astInterface/AstInterface.C,drop,Reverted changes in src/midend/astUtil/astInterface/AstInterface.C to remove drop-list reintroductions; no changes kept.
a8ffd810de51dcad038c289537d9b4fc0d81b97d,2024-07-27,Jovial constant status,src/frontend/Experimental_Jovial_ROSE_Connection/ATermToSageJovialTraversal.C,drop,Jovial frontend dropped in REX.
3f20bf0f1cafef12b4683efdc975201cdc7755d8,2024-07-27,Jovial forward type,src/frontend/Experimental_General_Language_Support/SageTreeBuilder.C src/frontend/Experimental_Jovial_ROSE_Connection/ATermToSageJovialTraversal.C,drop,Jovial frontend dropped in REX.
33ba245a09bcbec24ffb2869a0ddb7a08b751c43,2024-07-27,Jovial begin surround proc,src/3rdPartyLibraries/experimental-jovial-parser/sdf_syntax/Main.sdf src/3rdPartyLibraries/experimental-jovial-parser/share/rose/Jovial.tbl src/backend/unparser/JovialCodeGeneration/unparseJovial_statements.C src/backend/unparser/languageIndependenceSupport/unparseLanguageIndependentConstructs.C,drop,Jovial frontend dropped in REX.
287843aa578199e708756ec7f4b1d6c3eb42bdac,2024-07-27,Jovial case block default option,src/3rdPartyLibraries/experimental-jovial-parser/sdf_syntax/Main.sdf src/3rdPartyLibraries/experimental-jovial-parser/share/rose/Jovial.tbl src/frontend/Experimental_Jovial_ROSE_Connection/ATermToSageJovialTraversal.C,drop,Jovial frontend dropped in REX.
716da9a71f94c7802febf3857e285034054f8205,2024-07-27,Jovial constant table single item,src/3rdPartyLibraries/experimental-jovial-parser/sdf_syntax/Main.sdf src/3rdPartyLibraries/experimental-jovial-parser/share/rose/Jovial.tbl src/frontend/Experimental_General_Language_Support/SageTreeBuilder.C src/frontend/Experimental_Jovial_ROSE_Connection/ATermToSageJovialTraversal.C,drop,Jovial frontend dropped in REX.
6dc5d5429018de8834e3694a59def441c22d1894,2024-07-27,Jovial seg fault fixes,src/backend/unparser/JovialCodeGeneration/unparseJovial_statements.C src/frontend/Experimental_General_Language_Support/SageTreeBuilder.C src/frontend/SageIII/sageInterface/sageInterface.C,pick-partial,Applied sageInterface safety fix; dropped SageTreeBuilder change; skipped Jovial unparser changes.
8f9757669acebbce7ab6ec40a3bc56eed5bf7b55,2024-07-27,Jovial double proc,src/backend/unparser/JovialCodeGeneration/unparseJovial_statements.C,drop,Jovial frontend dropped in REX.
e9d31e6590f180e952640a6ebfe25a3fcc586ac1,2024-07-27,Main: update remote urls,.gitlab-ci.yml .gitmodules,drop,GitLab CI and EDG submodule URLs; EDG/CI dropped in REX.
a90ce2dd9c1f14c7674a4099bbbd9971190669fb,2024-07-27,Release version bump to 0.11.145.117,ROSE_VERSION config/SCM_DATE configure.ac src/frontend/CxxFrontend/EDG_VERSION,pick-partial,Updated ROSE_VERSION only; skipped EDG_VERSION/configure/SCM_DATE.
fea2df788be8ac168e34ebfd3a7c964293d15bb0,2024-07-28,Jovial frontend failure fixes,src/3rdPartyLibraries/3rdPartyLibraries.docs src/3rdPartyLibraries/experimental-jovial-parser/share/rose/Jovial.tbl src/3rdPartyLibraries/jovial-parser/sdf_syntax/JovialLex.sdf src/3rdPartyLibraries/jovial-parser/sdf_syntax/Main.sdf src/3rdPartyLibraries/jovial-parser/share/rose/Jovial.tbl src/Makefile.am src/backend/unparser/JovialCodeGeneration/unparseJovial.h src/backend/unparser/JovialCodeGeneration/unparseJovial_statements.C src/frontend/Experimental_Jovial_ROSE_Connection/ATermToSageJovialTraversal.C src/frontend/Experimental_Jovial_ROSE_Connection/ATermToSageJovialTraversal.h src/frontend/Experimental_Jovial_ROSE_Connection/jovial_support.C,drop,Jovial frontend dropped in REX.
be49ddd110b07adce7b0cb154da116d5c902126e,2024-07-29,Release version bump to 0.11.145.118,ROSE_VERSION config/SCM_DATE configure.ac src/frontend/CxxFrontend/EDG_VERSION,pick-partial,Updated ROSE_VERSION only; skipped EDG_VERSION/configure/SCM_DATE.
a736f870268c9ccdc85729831ebafc7eee431832,2024-07-29,AstInterface: treat ClassDeclaration as block only with body,src/midend/astUtil/astInterface/AstInterface.C,drop,Reverted changes in src/midend/astUtil/astInterface/AstInterface.C to remove drop-list reintroductions; no changes kept.
7f7bc3ce207f74ad3c637aef264cb31bc8c60977,2024-07-30,ClangFE: handle default stmt without basic block,src/frontend/CxxFrontend/Clang/clang-frontend-stmt.cpp,pick,Ensure switch body parent is set even when body is a default stmt.
8f34b30d5e1056311f6491b1840a4c7fed6d26fb,2024-07-30,ClangFE: add VisitLinkageSpecDecl placeholder,src/frontend/CxxFrontend/Clang/clang-frontend-decl.cpp src/frontend/CxxFrontend/Clang/clang-frontend-private.hpp,pick-partial,REX already implements VisitLinkageSpecDecl with linkage handling; placeholder not needed.
39d8ee0108c422d6f0bf37a368afd1b5150d0326,2024-07-30,Jovial at operator,src/backend/unparser/JovialCodeGeneration/unparseJovial_expressions.C,drop,Jovial frontend dropped in REX.
51ca26211909f9c48a03fb6e6f617904e056ab8c,2024-07-30,Release version bump to 0.11.145.119,ROSE_VERSION config/SCM_DATE configure.ac src/frontend/CxxFrontend/EDG_VERSION,pick-partial,Updated ROSE_VERSION only; skipped EDG_VERSION/configure/SCM_DATE.
9f51a3f98ab6f7cff079ece93e4b51e4d2c684e5,2024-07-30,checktools: add python3 AM variable,config/support-python.m4,drop,Autotools-only change in config/; inventory only.
85a844fe6cf5e86046228b7b0b87511d37349d23,2024-07-31,Engineering: fixed compiler warnings in src/Rose,src/Rose/AST/checker/checker.C src/Rose/AST/checker/cmdline.C src/Rose/AST/checker/integrity_declarations.C src/Rose/AST/checker/integrity_edges.C src/Rose/AST/checker/integrity_symbols.C src/Rose/AST/checker/integrity_types.C src/Rose/AST/io/link.C src/Rose/AST/io/load.C src/Rose/AST/io/share.C src/Rose/AST/utils/edge_ptr_repl.C src/Rose/BinaryAnalysis/Architecture/BasicTypes.C src/Rose/BinaryAnalysis/Architecture/Jvm.C src/Rose/BinaryAnalysis/ControlFlow.h,drop,src/Rose/AST subtree not present in REX; BinaryAnalysis dropped.
0de8d534142913ac36e013af985909f4d1d647a8,2024-07-31,EDG: fix array type assert,src/frontend/CxxFrontend/EDG,drop,EDG frontend dropped in REX.
dc44dbb82c74159419efffed6b06896e344e69ee,2024-07-31,Release version bump to 0.11.145.120,ROSE_VERSION config/SCM_DATE configure.ac src/frontend/CxxFrontend/EDG_VERSION,pick-partial,Updated ROSE_VERSION only; skipped EDG_VERSION/configure/SCM_DATE.
21cd419e6c367ca08d484d0b0f256e93e1005052,2024-08-01,BinaryAnalysis: add PPC instructions from Book II,src/Rose/BinaryAnalysis/Disassembler/Powerpc.C src/Rose/BinaryAnalysis/Disassembler/Powerpc.h src/Rose/BinaryAnalysis/InstructionEnumsPowerpc.h,drop,BinaryAnalysis dropped in REX.
2ad19d7d6f5492a37dbd01982acd1dcfa40b6283,2024-08-01,BinaryAnalysis: add delaySlots on SgAsmInstruction,src/AstNodes/BinaryAnalysis/SgAsmInstruction.h,drop,BinaryAnalysis dropped in REX.
763b2b9f253a1aea6e3c139b457a1a1075d20a57,2024-08-01,BinaryAnalysis: regenerate SgAsmInstruction files,src/ROSETTA/src/binaryInstruction.C src/generated/BinaryAnalysis/SgAsmInstruction.C,drop,BinaryAnalysis dropped in REX (ROSETTA binary instruction and generated files skipped).
b607a8253af7498ef410a37e6a63af944b461832,2024-08-01,BinaryAnalysis: MIPS decoder populates delaySlots,src/Rose/BinaryAnalysis/Disassembler/Mips.C src/Rose/BinaryAnalysis/Disassembler/Mips.h,drop,BinaryAnalysis dropped in REX.
538523a03c4252c1f4737b823cca83bc58a39422,2024-08-01,BinaryAnalysis: fix MIPS architecture selection,src/Rose/BinaryAnalysis/Architecture/Mips32.C,drop,BinaryAnalysis dropped in REX.
a69e1a944ba73c967c785185fffed8de7c0f2654,2024-08-01,BinaryAnalysis: fix PPC instruction decoding,src/Rose/BinaryAnalysis/Disassembler/Powerpc.C src/Rose/BinaryAnalysis/InstructionSemantics/DispatcherPowerpc.C,drop,BinaryAnalysis dropped in REX.
f40926f548575dd6d29741378752d3239701dca7,2024-08-01,BinaryAnalysis: new simple memory image format,src/Rose/BinaryAnalysis/Partitioner2/EngineBinary.C src/frontend/BinaryFormats/BinaryVxcoreParser.C src/frontend/BinaryFormats/BinaryVxcoreParser.h tools/BinaryAnalysis/bat-mem.C,drop,BinaryAnalysis and BinaryFormats dropped in REX.
b0afbf6830278b3b9e8e1c256ba5f23a9486824d,2024-08-01,Engineering: accept more Gitlab issue references,scripts/good-commits.pl,pick,Extended issue regex and require issue lines at end of commit body.
ba25978f76e839459e8e7cb4a4565ca59969578e,2024-08-01,Docs: interval switch parser article fix,src/Rose/CommandLine/IntervalParser.h,drop,src/Rose/CommandLine not present in REX.
ee8a4eef3b38e2df4d39cd576b9c3b3e82c4bfe8,2024-08-01,Tools: bat-mem can call the partitioner,tools/BinaryAnalysis/bat-mem.C,drop,BinaryAnalysis tools dropped in REX.
c17b3d02b8107f13a9c7aa0faae0ddf35161865e,2024-08-01,BinaryAnalysis: add MIPS semantics,src/Rose/BinaryAnalysis/InstructionSemantics/DispatcherMips.C,drop,BinaryAnalysis dropped in REX.
cd5af62ded503f50193b012ea1826e49ed7a23c1,2024-08-01,Release version bump to 0.11.145.121,ROSE_VERSION config/SCM_DATE configure.ac src/frontend/CxxFrontend/EDG_VERSION,pick-partial,Updated ROSE_VERSION only; skipped EDG_VERSION/configure/SCM_DATE.
58d3ae0e59c61be681fd42dfe43f5ecb75dea5e7,2024-08-01,Ada: add SgAdaAttributeExp::replace_expression,src/AstNodes/Expression/SgAdaAttributeExp.C src/ROSETTA/Grammar/Expression.code src/frontend/SageIII/sageInterface/sageGeneric.h src/frontend/SageIII/sageInterface/sageInterfaceAda.C src/frontend/SageIII/sageInterface/sageInterfaceAda.h,drop,Ada frontend dropped in REX.
299a87beaa3a9987fe24190f4129971a44ca2329,2024-08-01,Ada: replaceExpression support for Ada nodes,src/AstNodes/Expression/SgExpression.C src/frontend/SageIII/sageInterface/sageInterface.C,drop,Ada frontend dropped in REX.
269dc6434cc8889330ba2d206a8a6dfe3c2b584f,2024-08-01,Ada: support SgType::unparseToString,src/AstNodes/Expression/SgAdaAttributeExp.C src/ROSETTA/Grammar/Expression.code src/backend/unparser/AdaCodeGeneration/unparseAda.h src/backend/unparser/AdaCodeGeneration/unparseAda_types.C src/backend/unparser/unparser.C src/frontend/SageIII/sageInterface/sageInterface.C,drop,Ada frontend/unparser dropped in REX.
c8ac9f8087d2013b43a7055d51c14c66f4f1cd06,2024-08-02,Release version bump to 0.11.145.122,ROSE_VERSION config/SCM_DATE configure.ac src/frontend/CxxFrontend/EDG_VERSION,pick-partial,Updated ROSE_VERSION only; skipped EDG_VERSION/configure/SCM_DATE.
3963ba61cd85489c534cab86a37b597937769281,2024-08-02,BinaryAnalysis: reduce duplicated MIPS semantics code,src/Rose/BinaryAnalysis/InstructionSemantics/DispatcherMips.C,drop,BinaryAnalysis dropped in REX.
06bbc407986f8f49b86396557553c6e556066a1d,2024-08-03,Release version bump to 0.11.145.123,ROSE_VERSION config/SCM_DATE configure.ac src/frontend/CxxFrontend/EDG_VERSION,pick-partial,Updated ROSE_VERSION only; skipped EDG_VERSION/configure/SCM_DATE.
198834f1e7367d45823ac210bb823876cc088e20,2024-08-03,Engineering: fix compiler warnings in src/util,src/util/commandlineProcessing/commandline_processing.C src/util/stringSupport/escape.C src/util/support/PtrMap.h src/util/support/PtrSet.h src/util/support/SinglyLinkedList.h,pick-partial,Applied warning fixes in util support and StringUtility/Escape.C; stringSupport path absent; skipped whitespace-only changes.
196a39be52eb94c9baf5b347fd370a0c30282d67,2024-08-04,Release version bump to 0.11.145.124,ROSE_VERSION config/SCM_DATE configure.ac src/frontend/CxxFrontend/EDG_VERSION,pick-partial,Updated ROSE_VERSION only; skipped EDG_VERSION/configure/SCM_DATE.
7abf2d18a5d5c1b1fff1333962e4ef788e69b4f5,2024-08-06,Rose::Logger logging facility for tree traversal,src/Makefile.am src/Rose/CMakeLists.txt src/Rose/Logger.C src/Rose/Logger.h src/Rose/Makefile.am src/Rose/PolicyControl.txt,pick-partial,Added Logger.{C; h}; PolicyControl.txt; and CMakeLists integration; skipped autotools Makefile.am changes.
8620733451b2a4190bb69d2421fbee69135716da,2024-08-07,Release version bump to 0.11.145.125,ROSE_VERSION config/SCM_DATE configure.ac src/frontend/CxxFrontend/EDG_VERSION,pick-partial,Updated ROSE_VERSION only; skipped EDG_VERSION/configure/SCM_DATE.
fb969a629258ed6c3446d1e6ee4095788a371b5d,2024-08-07,Engineering: fixed compiler warnings,src/3rdPartyLibraries/MSTL/Translator.h src/ROSETTA/Grammar/Statement.code src/ROSETTA/src/ROSETTA_macros.h src/Sawyer/GraphAlgorithm.h src/Sawyer/GraphBoost.h src/frontend/BinaryFormats/SgSharedVector.h src/frontend/SageIII/astFixup/fixupPrettyFunction.h src/frontend/SageIII/astFixup/fixupSourcePositionInformation.h src/frontend/SageIII/sageInterface/sageBuilder.h src/frontend/SageIII/sageInterface/sageInterface.C src/frontend/SageIII/sage_support/cmdline.C src/midend/astProcessing/AstProcessing.h src/midend/astQuery/nodeQuery.C src/midend/programAnalysis/defUseAnalysis/DefUseAnalysis.cpp src/midend/programTransformation/loopProcessing/slicing/CompSliceImpl.h src/roseSupport/Combinatorics.h src/roseSupport/utility_functionsImpl.C,pick-partial,Applied warning fixes in astFixup headers; sageBuilder; sageInterface signatures; cmdline; AstProcessing; ROSETTA_macros; nodeQuery/DefUseAnalysis already use std::bind; skipped missing MSTL/Sawyer/BinaryFormats/roseSupport and Statement.code comment-only cleanup.
0693a27b3f09f3d29f8244e5b2a1adfd7cc34e28,2024-08-07,Engineering: restore commented arg names,src/Sawyer/GraphBoost.h src/frontend/SageIII/sageInterface/sageBuilder.h src/frontend/SageIII/sage_support/cmdline.C,pick-partial,Applied arg-name comments in sageBuilder and cmdline; Sawyer dropped; Ada cmdline not present.
261cc9da0a433259aa42f6c51335e4a2fc040436,2024-08-07,Engineering: restore used arg names,src/frontend/SageIII/sageInterface/sageInterface.C,pick,Restored used parameter names in markSubtreeToBeUnparsedTreeTraversal.
ec9a2c88a11862bd27982bb0ff156252a31c2646,2024-08-07,Engineering: remove dead code blocks in Statement.code,src/ROSETTA/Grammar/Statement.code,pick,Removed #if 0 dead code blocks in Statement.code.
4e9b5e9788e629dbdda651e820333b8d9de63374,2024-08-08,Release version bump to 0.11.145.126,ROSE_VERSION config/SCM_DATE configure.ac src/frontend/CxxFrontend/EDG_VERSION,pick-partial,Updated ROSE_VERSION only; skipped EDG_VERSION/configure/SCM_DATE.
c77c7de1da8943873338dd0467cba2c606a49228,2024-08-09,CMake: install RWSets/LocalRWSetGenerator,tools/CMakeLists.txt tools/ReadWriteSetGeneration/CMakeLists.txt,drop,ReadWriteSetGeneration tools dropped in REX.
933e7eb54e1a8553b8c0028e6cd9553eaec398ca,2024-08-10,CMake: define ROSE_USE_EDG_QUADFLOAT,rose_config.h.in.cmake src/CMakeLists.txt,drop,EDG frontend dropped in REX; EDG-specific config not applicable.
4397999df5777f67fef6d02d62cff27b510217c5,2024-08-10,Release version bump to 0.11.145.127,ROSE_VERSION config/SCM_DATE configure.ac src/frontend/CxxFrontend/EDG_VERSION,pick-partial,Updated ROSE_VERSION only; skipped EDG_VERSION/configure/SCM_DATE.
d70ee249133a2873886fd4043378c011585078f9,2024-08-16,BinaryAnalysis: remove engine from bat-debug-semantics,tools/BinaryAnalysis/bat-debug-semantics.C,drop,BinaryAnalysis tools dropped in REX.
cc33e6e77c852143b9909ad820c342b0b1a65109,2024-08-16,Release version bump to 0.11.145.128,ROSE_VERSION config/SCM_DATE configure.ac src/frontend/CxxFrontend/EDG_VERSION,pick-partial,Updated ROSE_VERSION only; skipped EDG_VERSION/configure/SCM_DATE.
c39ffcd28c211eba40247a491978824731ad6dc4,2024-08-17,Docs: update commit message policy,docs/Rose/CommitMessages.dox,drop,Reverted changes in docs/Rose/CommitMessages.dox to remove drop-list reintroductions; no changes kept.
e77bdc19a58e8eb5666aae8ef244d0fe8f7e8a48,2024-08-17,Move Rose::ParallelSort header,src/Makefile.am src/Rose/CMakeLists.txt src/Rose/ParallelSort.h src/Rose/Tupfile src/util/CMakeLists.txt src/util/Makefile.am src/util/Tupfile,drop,ParallelSort.h and RoseFirst.h not present in REX; avoid adding header with missing dependency.
fa678732ebcdbfee867efbc7b0d6885a1f3baaf2,2024-08-17,BinaryFormats: vxcore v2 headers network byte order,src/frontend/BinaryFormats/BinaryVxcoreParser.C,drop,BinaryAnalysis/BinaryFormats dropped in REX.
692742d7759b8a1c017d33dde793043dbf283d81,2024-08-17,SARIF: fix Severity WARNING typo,src/Rose/Sarif/Result.C,drop,Sarif subsystem dropped in REX
07a34f73c860952d8c03a0e2d84140b9db060be4,2024-08-17,Engineering: revert part of fb969a62 (libgcrypt vars),src/roseSupport/Combinatorics.h,drop,src/roseSupport/Combinatorics.h not present in REX.
4e8ea0ea485dd154cc84b7ac4f8647583773813a,2024-08-17,DWARF: fix compile errors with libdwarf,src/Rose/BinaryAnalysis/Dwarf/Dwarf.C,drop,BinaryAnalysis/DWARF dropped in REX.
5e8075f2c6753f6effd020a5640ce2ab1ffa3935,2024-08-17,BinaryFormats: fix vxcore version error message,src/frontend/BinaryFormats/BinaryVxcoreParser.C,drop,BinaryAnalysis/BinaryFormats dropped in REX.
7e4da7e492f7eae4ee78037ec1a68e7439e87dcd,2024-08-17,BinaryAnalysis: tighten PowerPC instruction decoder,src/Rose/BinaryAnalysis/Architecture/Powerpc.C src/Rose/BinaryAnalysis/Disassembler/Powerpc.C src/Rose/BinaryAnalysis/Disassembler/Powerpc.h,drop,BinaryAnalysis dropped in REX.
7c878b6704850b31cedf445ee22d87c51807365a,2024-08-17,CMake: fix rose-config.cfg linker flags,src/CMakeLists.txt,drop,Skipped to avoid Boost-related config changes per REX drop guidance.
d5069d67436b6ce02cabf27c3a764abc915bdbae,2024-08-17,Release version bump to 0.11.145.129,ROSE_VERSION config/SCM_DATE configure.ac src/frontend/CxxFrontend/EDG_VERSION,pick-partial,Updated ROSE_VERSION only; skipped EDG_VERSION/configure/SCM_DATE.
c749c42d57e1d6f6be18166149ca1fa9d4e46b18,2024-08-18,BinaryAnalysis: implement MIPS LWU instruction,src/Rose/BinaryAnalysis/Architecture/Mips32.C src/Rose/BinaryAnalysis/Disassembler/Mips.C src/Rose/BinaryAnalysis/InstructionEnumsMips.h src/Rose/BinaryAnalysis/Partitioner2/BasicBlock.C,drop,BinaryAnalysis dropped in REX.
148e9a3d13fb5362c9a371fa34ad8aa5093c0fcf,2024-08-18,BinaryAnalysis: add U32 type to MIPS disassembler,src/Rose/BinaryAnalysis/Disassembler/Mips.C,drop,BinaryAnalysis dropped in REX.
52a5944f95a4f8aed5c9b8ee2ec84c7d115aeec5,2024-08-18,BinaryFormats: fix vxcore version error message,ROSE_VERSION config/SCM_DATE configure.ac src/frontend/CxxFrontend/EDG_VERSION,drop,BinaryAnalysis/BinaryFormats dropped in REX.
0aed1caae15168005f7d32ddd974aff869440364,2024-08-20,ClangFE: handle typedef enum with anonymous name,src/frontend/CxxFrontend/Clang/clang-frontend-decl.cpp src/frontend/CxxFrontend/Clang/clang-frontend-type.cpp,pick,Generate __anonymous_ name for empty EnumDecl during symbol lookup; add enum isSugared debug.
9240f07e5bd3fb7fc318e645a402229583beb1bc,2024-08-20,[SideEffectAnalysis] Extend the analysis to handle additional side effects.,src/midend/astUtil/AstUtilInterface.C src/midend/astUtil/AstUtilInterface.h src/midend/astUtil/astSupport/AnalysisInterface.h src/midend/astUtil/astSupport/StmtInfoCollect.C src/midend/astUtil/astSupport/StmtInfoCollect.h src/midend/programAnalysis/bitvectorDataflow/DefUseChain.C src/midend/programAnalysis/bitvectorDataflow/ReachingDefinition.C src/midend/programTransformation/loopProcessing/computation/LoopTreeLocality.C src/midend/programTransformation/loopProcessing/depInfo/DepInfoAnal.C,pick,Add Decl side effects and update StmtSideEffectCollect API and callers.
52a71b92b3117dd7811020188664b7ff3f519c77,2024-08-20,(Release) Incremented version to 0.11.145.131,ROSE_VERSION config/SCM_DATE configure.ac src/frontend/CxxFrontend/EDG_VERSION,pick-partial,Updated ROSE_VERSION only; skipped EDG_VERSION configure.ac and config/SCM_DATE.
2bd871ba1d126bd2b8a96badaa5ccc5198acf011,2024-08-20,(Binary Analysis) Instruction semantics for MIPS LWL and LWR,src/Rose/BinaryAnalysis/InstructionSemantics/DispatcherMips.C src/Rose/BinaryAnalysis/InstructionSemantics/DispatcherMips.h,drop,BinaryAnalysis dropped in REX.
67fe0a8464d50550ebc2eb62c5651a5f3a64fde8,2024-08-21,(Release) Incremented version to 0.11.145.132,ROSE_VERSION config/SCM_DATE configure.ac src/frontend/CxxFrontend/EDG_VERSION,pick-partial,Updated ROSE_VERSION only; skipped EDG_VERSION configure.ac and config/SCM_DATE.
bd6512af7e66140307b17ebb3dc72339115361c0,2024-08-23,(Ada) Supporting Ada dot file generation only in debug mode,src/frontend/Experimental_Ada_ROSE_Connection/parser/asis_adapter/source/asis_adapter-tool.adb,drop,Ada frontend dropped in REX.
6baca387e930b0df2622ca743e94cd891abefc7a,2024-08-23,(Libadalang) More Enum work,src/frontend/Experimental_Libadalang_ROSE_Connection/LibadalangExpression.C src/frontend/Experimental_Libadalang_ROSE_Connection/LibadalangExpression.h src/frontend/Experimental_Libadalang_ROSE_Connection/LibadalangStatement.C src/frontend/Experimental_Libadalang_ROSE_Connection/LibadalangType.C,drop,Ada/Libadalang components dropped in REX.
5724ab477108e9437c4ddc0ce01df0a8b81dfbce,2024-08-23,(Libadalang) Case Stmts & Derived Enums,src/frontend/Experimental_Libadalang_ROSE_Connection/LibadalangStatement.C,drop,Ada/Libadalang components dropped in REX.
deb9deb71f20162b358a3e58d5f4254c4158149d,2024-08-23,(Libadalang) Ascii & Pkgs,src/frontend/Experimental_Libadalang_ROSE_Connection/LibadalangExpression.C src/frontend/Experimental_Libadalang_ROSE_Connection/LibadalangStatement.C src/frontend/Experimental_Libadalang_ROSE_Connection/LibadalangType.C src/frontend/Experimental_Libadalang_ROSE_Connection/Libadalang_to_ROSE.C src/frontend/Experimental_Libadalang_ROSE_Connection/Libadalang_to_ROSE.h,drop,Ada/Libadalang components dropped in REX.
b088f8d85f405c61ac669c4259a6d7129ed400bd,2024-08-23,(Libadalang) Some arrays; ranges; & constraints,src/frontend/Experimental_Libadalang_ROSE_Connection/LibadalangExpression.C src/frontend/Experimental_Libadalang_ROSE_Connection/LibadalangExpression.h src/frontend/Experimental_Libadalang_ROSE_Connection/LibadalangStatement.C src/frontend/Experimental_Libadalang_ROSE_Connection/LibadalangType.C,drop,Ada/Libadalang components dropped in REX.
0baba362c73c33ef3ad8d75d4100384fbdbff0e0,2024-08-23,(Libadalang) Fixing nondef,src/frontend/Experimental_Libadalang_ROSE_Connection/LibadalangExpression.C src/frontend/Experimental_Libadalang_ROSE_Connection/LibadalangStatement.C,drop,Ada/Libadalang components dropped in REX.
054b3c3926830a1621ad892a93579bcba2cc8495,2024-08-23,(Libadalang) More Inheritance,src/frontend/Experimental_Libadalang_ROSE_Connection/LibadalangExpression.C src/frontend/Experimental_Libadalang_ROSE_Connection/LibadalangStatement.C src/frontend/Experimental_Libadalang_ROSE_Connection/LibadalangStatement.h src/frontend/Experimental_Libadalang_ROSE_Connection/Libadalang_to_ROSE.C src/frontend/Experimental_Libadalang_ROSE_Connection/Libadalang_to_ROSE.h,drop,Ada/Libadalang components dropped in REX.
458411d03c0b031715c2c1d67930efdae69b188b,2024-08-23,(Libadalang) Finishing Inheritance,src/frontend/Experimental_Libadalang_ROSE_Connection/LibadalangExpression.C src/frontend/Experimental_Libadalang_ROSE_Connection/Libadalang_to_ROSE.C,drop,Ada/Libadalang components dropped in REX.
5b9a971691aa09737b6e5c9780b7941b098c5a9a,2024-08-23,(Libadalang) Named Loops & Exit stmts,src/frontend/Experimental_Libadalang_ROSE_Connection/LibadalangStatement.C src/frontend/Experimental_Libadalang_ROSE_Connection/LibadalangStatement.h src/frontend/Experimental_Libadalang_ROSE_Connection/LibadalangType.C src/frontend/Experimental_Libadalang_ROSE_Connection/Libadalang_to_ROSE.C src/frontend/Experimental_Libadalang_ROSE_Connection/Libadalang_to_ROSE.h,drop,Ada/Libadalang components dropped in REX.
70625c47e9ed909683fc1c9145bc524b1e4c5bc5,2024-08-23,(Libadalang) Cleaning up code,src/frontend/Experimental_Libadalang_ROSE_Connection/LibadalangExpression.C src/frontend/Experimental_Libadalang_ROSE_Connection/LibadalangStatement.C src/frontend/Experimental_Libadalang_ROSE_Connection/LibadalangType.C src/frontend/Experimental_Libadalang_ROSE_Connection/Libadalang_to_ROSE.C src/frontend/Experimental_Libadalang_ROSE_Connection/Libadalang_to_ROSE.h,drop,Ada/Libadalang components dropped in REX.
6b358246828f8b008953dba20ebf9add3a0305f2,2024-08-23,(Libadalang) Label & Goto,src/frontend/Experimental_Libadalang_ROSE_Connection/AdaMaker.C src/frontend/Experimental_Libadalang_ROSE_Connection/LibadalangStatement.C src/frontend/Experimental_Libadalang_ROSE_Connection/LibadalangType.C src/frontend/Experimental_Libadalang_ROSE_Connection/Libadalang_to_ROSE.C src/frontend/Experimental_Libadalang_ROSE_Connection/Libadalang_to_ROSE.h,drop,Ada/Libadalang components dropped in REX.
67ba1ea2cb54ae23a144367bf4dbe4ef0a363cc9,2024-08-23,(Libadalang) Exceptions,src/frontend/Experimental_Libadalang_ROSE_Connection/LibadalangExpression.C src/frontend/Experimental_Libadalang_ROSE_Connection/LibadalangStatement.C src/frontend/Experimental_Libadalang_ROSE_Connection/LibadalangStatement.h src/frontend/Experimental_Libadalang_ROSE_Connection/LibadalangType.C src/frontend/Experimental_Libadalang_ROSE_Connection/LibadalangType.h src/frontend/Experimental_Libadalang_ROSE_Connection/Libadalang_to_ROSE.C src/frontend/Experimental_Libadalang_ROSE_Connection/Libadalang_to_ROSE.h,drop,Ada/Libadalang components dropped in REX.
d42b3f92aa56f4488bf3bfc331c5496b19c24fd7,2024-08-23,(Libadalang) Private Decls; Excp Names; Param Assocs,src/frontend/Experimental_Libadalang_ROSE_Connection/LibadalangExpression.C src/frontend/Experimental_Libadalang_ROSE_Connection/LibadalangStatement.C src/frontend/Experimental_Libadalang_ROSE_Connection/Libadalang_to_ROSE.C,drop,Ada/Libadalang components dropped in REX.
f4731d37bb40f491e667baecd7ddf7d0e5231647,2024-08-23,(Libadalang) Constants & Named Blocks,src/frontend/Experimental_Libadalang_ROSE_Connection/LibadalangExpression.C src/frontend/Experimental_Libadalang_ROSE_Connection/LibadalangStatement.C src/frontend/Experimental_Libadalang_ROSE_Connection/LibadalangStatement.h src/frontend/Experimental_Libadalang_ROSE_Connection/Libadalang_to_ROSE.C src/frontend/Experimental_Libadalang_ROSE_Connection/Libadalang_to_ROSE.h,drop,Ada/Libadalang components dropped in REX.
8fe0396a0c0ab420445c17a5f194e606328fdcfc,2024-08-23,(Libadalang) Box Exprs & Concat ops,src/frontend/Experimental_Libadalang_ROSE_Connection/LibadalangExpression.C,drop,Ada/Libadalang components dropped in REX.
0124a3b476d445339ed9d592b1b370d6861c00d1,2024-08-23,(Libadalang) ada_number_decl types & enum_value recognization,src/frontend/Experimental_Libadalang_ROSE_Connection/LibadalangExpression.C src/frontend/Experimental_Libadalang_ROSE_Connection/LibadalangStatement.C src/frontend/Experimental_Libadalang_ROSE_Connection/LibadalangType.C src/frontend/Experimental_Libadalang_ROSE_Connection/LibadalangType.h,drop,Ada/Libadalang components dropped in REX.
d4df795f3200223bcb10db25a29863ef977b5706,2024-08-23,(Libadalang) Constrained Arrays; Delays; & Derefs,src/frontend/Experimental_Libadalang_ROSE_Connection/LibadalangExpression.C src/frontend/Experimental_Libadalang_ROSE_Connection/LibadalangStatement.C src/frontend/Experimental_Libadalang_ROSE_Connection/LibadalangType.C,drop,Ada/Libadalang components dropped in REX.
d3b4f076e79514caef284f2b0d8ccf28199127e3,2024-08-23,(Libadalang) Clean Up,src/frontend/Experimental_Libadalang_ROSE_Connection/LibadalangExpression.C src/frontend/Experimental_Libadalang_ROSE_Connection/LibadalangStatement.C src/frontend/Experimental_Libadalang_ROSE_Connection/LibadalangStatement.h src/frontend/Experimental_Libadalang_ROSE_Connection/LibadalangType.C src/frontend/Experimental_Libadalang_ROSE_Connection/Libadalang_to_ROSE.C,drop,Ada/Libadalang components dropped in REX.
caefbd3a5b2fb09fa879aec2ba925f8098052295,2024-08-23,(Libadalang) Discriminant Assocs & Range Attributes,src/frontend/Experimental_Libadalang_ROSE_Connection/LibadalangExpression.C src/frontend/Experimental_Libadalang_ROSE_Connection/LibadalangStatement.C src/frontend/Experimental_Libadalang_ROSE_Connection/LibadalangType.C src/frontend/Experimental_Libadalang_ROSE_Connection/Libadalang_to_ROSE.C,drop,Ada/Libadalang components dropped in REX.
e34b2d6d9a21dd70fd96795d0d40af7a1fdf9919,2024-08-23,(Libadalang) ada_text safety added,src/frontend/Experimental_Libadalang_ROSE_Connection/LibadalangExpression.C src/frontend/Experimental_Libadalang_ROSE_Connection/LibadalangStatement.C src/frontend/Experimental_Libadalang_ROSE_Connection/LibadalangType.C src/frontend/Experimental_Libadalang_ROSE_Connection/Libadalang_to_ROSE.C src/frontend/Experimental_Libadalang_ROSE_Connection/Libadalang_to_ROSE.h,drop,Ada/Libadalang components dropped in REX.
c91b30f693d773a552d4591e7395adecf74a2153,2024-08-23,(Libadalang) Cleanup,src/frontend/Experimental_Libadalang_ROSE_Connection/LibadalangExpression.C src/frontend/Experimental_Libadalang_ROSE_Connection/LibadalangExpression.h src/frontend/Experimental_Libadalang_ROSE_Connection/LibadalangStatement.C src/frontend/Experimental_Libadalang_ROSE_Connection/LibadalangType.C src/frontend/Experimental_Libadalang_ROSE_Connection/Libadalang_to_ROSE.C src/frontend/Experimental_Libadalang_ROSE_Connection/Libadalang_to_ROSE.h src/frontend/Experimental_Libadalang_ROSE_Connection/ada_support.C,drop,Ada/Libadalang components dropped in REX.
d193fe95712760f41b4ee23702e9c1d2fb9c45dc,2024-08-23,(Engineering) Fixed warnings; remove DEAD,src/backend/unparser/languageIndependenceSupport/unparseLanguageIndependentConstructs.C,pick,Removed dead code and debug-only blocks in unparseLanguageIndependentConstructs.
9e6649acb0bc95231c726e9b63d26fcdaaef4be3,2024-08-23,(Release) Incremented version to 0.11.145.133,ROSE_VERSION config/SCM_DATE configure.ac src/frontend/CxxFrontend/EDG_VERSION,pick-partial,Updated ROSE_VERSION only; skipped EDG_VERSION configure.ac and config/SCM_DATE.
6141e863107b2e9b3bcfde9c896ab5d0dd973256,2024-08-24,(Unparser) Fix assertion error in unparsing SgEnumDeclaration.,src/backend/unparser/CxxCodeGeneration/unparseCxx_types.C,pick,Guard declaration_of_context cast for enum types.
968fd329c522a1073880209aa92f47c1bdd701d4,2024-08-24,(Engineering) Fixed warnings; remove DEAD,src/backend/unparser/languageIndependenceSupport/unparseLanguageIndependentConstructs.C src/backend/unparser/languageIndependenceSupport/unparseLanguageIndependentConstructs.h src/backend/unparser/unparser.C src/backend/unparser/unparser.h,pick,Cleaned dead code in unparser sources and headers; updated asserts and nullptr usage.
ee4582b532e80ea057eacf61ef023c11015641eb,2024-08-24,(Release) Incremented version to 0.11.145.134,ROSE_VERSION config/SCM_DATE configure.ac src/frontend/CxxFrontend/EDG_VERSION,pick-partial,Updated ROSE_VERSION only; skipped EDG_VERSION configure.ac and config/SCM_DATE.
d0ba06b33d3c99c2063bb0fa76415b4096b0fe54,2024-09-04,(StringUtility) added `insertCommas` for printable types,src/Rose/StringUtility/Diagnostics.h,drop,Diagnostics.h uses Boost and is not present; Boost dropped in REX.
f9ee74913ddf29e5421771a8a667cbfb4ba44984,2024-09-04,(Binary Analysis) bat-linear accepts any kind of specimen,tools/BinaryAnalysis/bat-linear.C,drop,BinaryAnalysis tools dropped in REX.
a2977c2498a253fc2a98f7cb0ac4b4626e507512,2024-09-04,(Binary Analysis) Architectures have registration IDs,src/Rose/BinaryAnalysis/Architecture.h src/Rose/BinaryAnalysis/Architecture/Base.C src/Rose/BinaryAnalysis/Architecture/Base.h src/Rose/BinaryAnalysis/Architecture/BasicTypes.C src/Rose/BinaryAnalysis/Architecture/BasicTypes.h,drop,BinaryAnalysis dropped in REX.
8beb0c70f3a429403507096cf06fadcc263b1fe9,2024-09-04,(Rosebud) Added user-specified property serializers,src/Rosebud/Ast.h src/Rosebud/BasicTypes.h src/Rosebud/BoostSerializer.C src/Rosebud/CerealSerializer.C src/Rosebud/rosebud.C,drop,Dropped Rosebud changes to avoid Sawyer (dropped component); Rosebud removed.
f25a43bbbff71825668e4db9a1f8040a4265a30b,2024-09-04,(Binary Analysis) Use Rosebud::serialize; change insn arch pointers,src/AstNodes/BinaryAnalysis/SgAsmAarch64Instruction.h src/AstNodes/BinaryAnalysis/SgAsmBlock.h src/AstNodes/BinaryAnalysis/SgAsmCliHeader.h src/AstNodes/BinaryAnalysis/SgAsmFunction.h src/AstNodes/BinaryAnalysis/SgAsmGenericFile.h src/AstNodes/BinaryAnalysis/SgAsmInstruction.h src/AstNodes/BinaryAnalysis/SgAsmJvmCodeAttribute.h src/AstNodes/BinaryAnalysis/SgAsmJvmConstantPoolEntry.h src/AstNodes/BinaryAnalysis/SgAsmNode.h src/AstNodes/BinaryAnalysis/SgAsmValueExpression.h src/Rose/BinaryAnalysis/Disassembler/Aarch32.C src/Rose/BinaryAnalysis/Disassembler/Aarch64.C src/Rose/BinaryAnalysis/Disassembler/Cil.C src/Rose/BinaryAnalysis/Disassembler/Jvm.C src/Rose/BinaryAnalysis/Disassembler/M68k.C src/Rose/BinaryAnalysis/Disassembler/Mips.C src/Rose/BinaryAnalysis/Disassembler/Null.C src/Rose/BinaryAnalysis/Disassembler/Powerpc.C src/Rose/BinaryAnalysis/Disassembler/X86.C src/frontend/BinaryFormats/CilImpl.C src/frontend/Disassemblers/SgAsmInstruction.C src/frontend/SageIII/sageInterface/SageBuilderAsm.C tools/BinaryAnalysis/SimpleArch.C,drop,BinaryAnalysis and BinaryFormats components dropped in REX.
ba12a92347e000712503c07ca941487e7cbd1636,2024-09-04,(Binary Analysis) Regenerated SgAsm* class definitions,src/ROSETTA/src/binaryInstruction.C src/generated/BinaryAnalysis/SgAsmAarch32Instruction.C src/generated/BinaryAnalysis/SgAsmAarch64Instruction.C src/generated/BinaryAnalysis/SgAsmCilInstruction.C src/generated/BinaryAnalysis/SgAsmInstruction.C src/generated/BinaryAnalysis/SgAsmJvmInstruction.C src/generated/BinaryAnalysis/SgAsmM68kInstruction.C src/generated/BinaryAnalysis/SgAsmMipsInstruction.C src/generated/BinaryAnalysis/SgAsmNullInstruction.C src/generated/BinaryAnalysis/SgAsmPowerpcInstruction.C src/generated/BinaryAnalysis/SgAsmUserInstruction.C src/generated/BinaryAnalysis/SgAsmX86Instruction.C,drop,BinaryAnalysis dropped in REX.
7b46fb216ac0c765859c8d1a8aa8fc3860c3cdb4,2024-09-04,(Build) Install <Rose/BnaryAnalysis/Architecture.h>,src/Rose/BinaryAnalysis/CMakeLists.txt src/Rose/BinaryAnalysis/Tupfile,drop,BinaryAnalysis dropped in REX.
0720c4c6dfa0e94f93dda13b45d8990868806ac5,2024-09-04,(Binary Analysis) Removed SgAsmInstruction::mnemonic property,src/AstNodes/BinaryAnalysis/SgAsmInstruction.h src/AstNodes/BinaryAnalysis/SgAsmM68kInstruction.h src/ROSETTA/src/buildStorageClasses.C src/Rose/BinaryAnalysis/Architecture/ArmAarch32.C src/Rose/BinaryAnalysis/Architecture/ArmAarch32.h src/Rose/BinaryAnalysis/Architecture/ArmAarch64.C src/Rose/BinaryAnalysis/Architecture/ArmAarch64.h src/Rose/BinaryAnalysis/Architecture/Base.h src/Rose/BinaryAnalysis/Architecture/Cil.C src/Rose/BinaryAnalysis/Architecture/Cil.h src/Rose/BinaryAnalysis/Architecture/Jvm.C src/Rose/BinaryAnalysis/Architecture/Jvm.h src/Rose/BinaryAnalysis/Architecture/Mips32.C src/Rose/BinaryAnalysis/Architecture/Mips32.h src/Rose/BinaryAnalysis/Architecture/Motorola.C src/Rose/BinaryAnalysis/Architecture/Motorola.h src/Rose/BinaryAnalysis/Architecture/Powerpc.C src/Rose/BinaryAnalysis/Architecture/Powerpc.h src/Rose/BinaryAnalysis/Architecture/X86.C src/Rose/BinaryAnalysis/Architecture/X86.h src/Rose/BinaryAnalysis/Disassembler/Aarch32.C src/Rose/BinaryAnalysis/Disassembler/Aarch32.h src/Rose/BinaryAnalysis/Disassembler/Aarch64.C src/Rose/BinaryAnalysis/Disassembler/Cil.C src/Rose/BinaryAnalysis/Disassembler/Cil.h src/Rose/BinaryAnalysis/Disassembler/Jvm.C src/Rose/BinaryAnalysis/Disassembler/M68k.C src/Rose/BinaryAnalysis/Disassembler/M68k.h src/Rose/BinaryAnalysis/Disassembler/Mips.C src/Rose/BinaryAnalysis/Disassembler/Mips.h src/Rose/BinaryAnalysis/Disassembler/Null.C src/Rose/BinaryAnalysis/Disassembler/Powerpc.C src/Rose/BinaryAnalysis/Disassembler/Powerpc.h src/Rose/BinaryAnalysis/Disassembler/X86.C src/Rose/BinaryAnalysis/Disassembler/X86.h src/frontend/BinaryFormats/CilImpl.C src/frontend/Disassemblers/SgAsmInstruction.C src/frontend/SageIII/sageInterface/SageBuilderAsm.C tools/BinaryAnalysis/SimpleArch.C,drop,BinaryAnalysis and BinaryFormats dropped in REX.
36a29b02cd966c375da2c544049457ed005cabdc,2024-09-04,(Binary Analysis) Regenerated SgAsm* class definitions,src/ROSETTA/src/binaryInstruction.C src/generated/BinaryAnalysis/SgAsmAarch32Instruction.C src/generated/BinaryAnalysis/SgAsmAarch64Instruction.C src/generated/BinaryAnalysis/SgAsmCilInstruction.C src/generated/BinaryAnalysis/SgAsmInstruction.C src/generated/BinaryAnalysis/SgAsmJvmInstruction.C src/generated/BinaryAnalysis/SgAsmM68kInstruction.C src/generated/BinaryAnalysis/SgAsmMipsInstruction.C src/generated/BinaryAnalysis/SgAsmNullInstruction.C src/generated/BinaryAnalysis/SgAsmPowerpcInstruction.C src/generated/BinaryAnalysis/SgAsmUserInstruction.C src/generated/BinaryAnalysis/SgAsmX86Instruction.C,drop,BinaryAnalysis dropped in REX.
5bf5a7a4880a0493a9f5bfd343aa0d578f78eda0,2024-09-04,(Support) Regenerated enum-to-string functions,src/frontend/BinaryFormats/GenericFormat.C src/frontend/Disassemblers/SgAsmType.C src/roseSupport/stringify.C src/roseSupport/stringify.h,drop,Regenerates stringify for BinaryAnalysis/Sawyer/Yaml/Sarif and other dropped components.
0f8ab7412ff3c7bb5581d010e58a90a475cca891,2024-09-04,(Engineering) Removed experimental parallel partitioner,src/Makefile.am src/Rose/BinaryAnalysis.h src/Rose/BinaryAnalysis/BasicTypes.h src/Rose/BinaryAnalysis/CMakeLists.txt src/Rose/BinaryAnalysis/InstructionCache.C src/Rose/BinaryAnalysis/InstructionCache.h src/Rose/BinaryAnalysis/Partitioner2.h src/Rose/BinaryAnalysis/Partitioner2/CMakeLists.txt src/Rose/BinaryAnalysis/Partitioner2/ParallelPartitioner.C src/Rose/BinaryAnalysis/Partitioner2/ParallelPartitioner.h src/Rose/BinaryAnalysis/Partitioner2/Tupfile src/Rose/BinaryAnalysis/Tupfile src/Rose/Diagnostics/Diagnostics.C src/Rose/Makefile.am tools/BinaryAnalysis/CMakeLists.txt tools/BinaryAnalysis/Makefile.am tools/BinaryAnalysis/Tupfile tools/BinaryAnalysis/bat-pardis.C,drop,BinaryAnalysis components dropped in REX.
925cc3b65f63e57d83369d6ce73aec66a0b417fe,2024-09-04,(Binary Anaysis) Removed unused SgAsmInstruction members,src/AstNodes/BinaryAnalysis/SgAsmInstruction.h src/frontend/Disassemblers/SgAsmInstruction.C,drop,BinaryAnalysis dropped in REX.
f39067f7ee5391e6e3fdc9834fe9972ba333b186,2024-09-04,(Binary Analysis) Regenerated SgAsm* AST node types,src/ROSETTA/src/binaryInstruction.C src/generated/BinaryAnalysis/SgAsmInstruction.C,drop,BinaryAnalysis dropped in REX.
dc9735327e84bd350c12d5c787e06d54cd76e7e3,2024-09-04,(Binary Analysis) Instructions have only one direct delay slot,src/AstNodes/BinaryAnalysis/SgAsmInstruction.h src/Rose/BinaryAnalysis/Disassembler/Mips.C,drop,BinaryAnalysis dropped in REX.
b32db3651e5e05adc9be42ab83dd98d897296531,2024-09-04,(Binary Analysis) Install missing Dwarf.h header file,src/Rose/BinaryAnalysis/CMakeLists.txt src/Rose/BinaryAnalysis/Tupfile,drop,BinaryAnalysis dropped in REX.
619d4154da24ee2efdf6181a36a98651d75cc025,2024-09-04,(Build) Fixed ROSE_VERSION in Tup-generated rose-installed-*.cfg files,src/Tupfile,drop,Tup build inventory only; not synced into CMake/REX.
c24bed31d5f5fa688141636ef8dccdc506c3b8d1,2024-09-04,(Mac) Tweak declarations to compile on M1 Macs,src/Rose/BinaryAnalysis/Partitioner2/ModulesElf.C tools/BinaryAnalysis/bat-mem.C,drop,BinaryAnalysis components dropped in REX.
09a83b219b9f19e448aad8636bbe6d122bb90a9f,2024-09-04,(CMake) Fix bug in rose-config cppflags,src/CMakeLists.txt,drop,Boost dropped in REX; skip Boost include path handling in rose-config.
a8c4182759a5775c4f38fbeec8e08b6747cc05cf,2024-09-04,(SideEffectAnalysis) Add memory allocation side effect support.,src/midend/astUtil/AstUtilInterface.C src/midend/astUtil/AstUtilInterface.h src/midend/astUtil/astInterface/AstInterface.C src/midend/astUtil/astInterface/AstInterface.h src/midend/astUtil/astSupport/AnalysisInterface.h src/midend/astUtil/astSupport/StmtInfoCollect.C src/midend/astUtil/astSupport/StmtInfoCollect.h,pick,Added Allocate side effects and IsMemoryAllocation handling; updated IsLocalRef and side-effect collectors.
0a854bfb547fb9c584e66f520fe774040c7966bf,2024-09-04,(CMake) Satisfy compiler when building Ada support,CMakeLists.txt src/frontend/Experimental_Ada_ROSE_Connection/parser/asis_adapter/CMakeLists.txt,drop,Ada frontend dropped in REX.
acacd206b749526ea82005b4f82ee973d4f0418b,2024-09-04,(Jovial) Improve comment placement,src/backend/unparser/JovialCodeGeneration/unparseJovial.h src/backend/unparser/JovialCodeGeneration/unparseJovial_modfile.C src/backend/unparser/JovialCodeGeneration/unparseJovial_statements.C src/backend/unparser/unparser.C src/frontend/Experimental_General_Language_Support/SageTreeBuilder.C src/frontend/Experimental_General_Language_Support/SageTreeBuilder.h src/frontend/Experimental_General_Language_Support/Tokens.h src/frontend/Experimental_Jovial_ROSE_Connection/ATermToSageJovialTraversal.C,drop,Jovial frontend/unparser components dropped in REX.
f3534e082f4050f0298733df1f4440e33654b2e2,2024-09-04,(Engineering) Fixed warnings; remove DEAD,src/frontend/SageIII/sage_support/cmdline.C,pick,Removed dead code and unused-parameter warnings in cmdline handling.
986d9d4a82b2a68592f49ef52e47b33085c849ac,2024-09-04,(Engineering) Fixed compiler warnings in OFP,src/frontend/OpenFortranParser_SAGE_Connection/FortranParserActionROSE.C,pick,Annotated unused parameters and minor debug cleanup in FortranParserActionROSE.C.
b25fb83d4635aa6bc109e697dabb1db086a8090c,2024-09-04,(Release) Incremented version to 0.11.145.135,ROSE_VERSION config/SCM_DATE configure.ac src/frontend/CxxFrontend/EDG_VERSION,pick-partial,Updated ROSE_VERSION only; skipped EDG_VERSION configure.ac and config/SCM_DATE.
1139b53bc2e477db30569ae56dcb79a3891f7fea,2024-09-05,(Escapade) Add Optional fmap implementation.,src/Sawyer/Optional.h,drop,Sawyer dropped in REX.
e1d4e54f18843bbfd669b82c0265baee953cc520,2024-09-05,(Escapade) Fancy r-value constraint for fmap function parameter,src/Sawyer/Optional.h,drop,Sawyer dropped in REX.
1fbcf0bb7a930284bbe99d500c41c2a984ce6b27,2024-09-05,(Escapade) Add Result fmap implementation,src/Sawyer/Result.h,drop,Sawyer dropped in REX.
35c653ba97cd4018f77c7b1146d80c4320e2ef8d,2024-09-05,(Escapade) Add error type to FMap return.,src/Sawyer/Result.h,drop,Sawyer dropped in REX.
a86683e22985123b47af5e0eb0fb28201c47c0c8,2024-09-05,(Escapade) Tweak template args for FMap.,src/Sawyer/Result.h,drop,Sawyer dropped in REX.
4235b58c7ea7c4b1b72a763d1fce5999a5ac7009,2024-09-05,(Escapade) Better template types for FMap.,src/Sawyer/Optional.h src/Sawyer/Result.h,drop,Sawyer dropped in REX.
33bbc807c4037ec00f981f721a33248f8f63ba67,2024-09-05,(Engineering) Fixed compiler warnings,src/ROSETTA/Grammar/Statement.code src/Rose/BinaryAnalysis/ControlFlow.h src/backend/unparser/includeFileSupport.C src/backend/unparser/nameQualificationSupport.C src/backend/unparser/nameQualificationSupport.h src/frontend/BinaryFormats/SgSharedVector.h src/frontend/Experimental_General_Language_Support/ModuleBuilder.C src/frontend/Experimental_General_Language_Support/Tokens.h src/roseSupport/Combinatorics.h,pick-partial,Applied unparser/ROSETTA/Tokens cleanups; skipped BinaryAnalysis/BinaryFormats and ModuleBuilder/Combinatorics.h changes not present/applicable in REX.
52c8d25f7a2cba86ed68d1d0795196eeefaf55b0,2024-09-05,(Release) Incremented version to 0.11.145.136,ROSE_VERSION config/SCM_DATE configure.ac src/frontend/CxxFrontend/EDG_VERSION,pick-partial,Updated ROSE_VERSION only; skipped EDG_VERSION configure.ac and config/SCM_DATE.
7e35851a9e6a559e213cd50003ad99acb3ac07fc,2024-09-06,(Binary Analysis) Semantics for MIPS shift instructions,src/Rose/BinaryAnalysis/Architecture/Mips32.C src/Rose/BinaryAnalysis/InstructionSemantics/DispatcherMips.C,drop,BinaryAnalysis dropped in REX.
383dc2ef1168ece6dd08a229753c9514f91cffff,2024-09-06,(Release) Incremented version to 0.11.145.137,ROSE_VERSION config/SCM_DATE configure.ac src/frontend/CxxFrontend/EDG_VERSION,pick-partial,Updated ROSE_VERSION only; skipped EDG_VERSION configure.ac and config/SCM_DATE.
06ef672e6f02e2296d9c98a79c5299c9fe8facb6,2024-09-06,(AstInterface) Modify AstNodePtr and AstNodeType to use SgNode*.,src/midend/astUtil/AstUtilInterface.C src/midend/astUtil/annotation/AnnotExpr.C src/midend/astUtil/annotation/OperatorDescriptors.h src/midend/astUtil/annotation/TypeAnnotation.C src/midend/astUtil/astInterface/AstInterface.C src/midend/astUtil/astInterface/AstInterface.h src/midend/astUtil/astInterface/AstInterface_ROSE.h src/midend/astUtil/astSupport/StmtInfoCollect.C src/midend/astUtil/astSupport/StmtInfoCollect.h src/midend/programAnalysis/pointerAnal/PtrAnal.C src/midend/programAnalysis/valuePropagation/ValueAnnot.C src/midend/programAnalysis/valuePropagation/ValuePropagate.C src/midend/programTransformation/loopProcessing/computation/DepCompTransform.C src/midend/programTransformation/loopProcessing/depInfo/ReuseAnalysis.C src/midend/programTransformation/loopProcessing/prepostTransformation/BreakupStmt.C,pick,Switched AstNodePtr/AstNodeType to SgNode/SgType; updated IsExpression API and call sites; added scope handling for lambda captures.
6002ff736f5b6ec23fccaff0433c6c0d0e956509,2024-09-06,(AstInterface) Revise and fix GetScope to return correct variable scopes.,src/midend/astUtil/astInterface/AstInterface.C,pick,Reworked GetScope resolution logic (this/lambda/params) and removed debug print in IsMemoryAllocation.
42bd919fb391039e2c740041dc128d1b5de4186a,2024-09-10,(Doxygen main page) simplified the content; removed broken links,docs/Rose/MainPage.dox,pick,Simplified Doxygen main page and redirected to ROSE wiki/resources.
1ecb54f23daf8f568daed86f813ffb73536fbe7b,2024-09-10,(Doxygen main page) fixed <td> placements; a bit proofreading,docs/Rose/MainPage.dox,pick,Adjusted MainPage table layout and wording without reintroducing dropped language claims.
d0e7a94986aff25e617855dfeb51108696974adc,2024-09-10,(Doxygen) converted one chapter from the tutorial pdf into doxygen,docs/Rose/MainPage.dox docs/Rose/astConstruction.dox docs/Rose/rose.cfg.in,pick-partial,Added astConstruction page and Doxygen config updates; skipped binary tutorial references (BinaryAnalysis dropped).
0cf68b1c19e9431e1cb0c7c785824e507a71aec8,2024-09-10,(Doxygen) revert a tutorial title to be original,docs/Rose/astConstruction.dox,pick,Updated astConstruction page title.
b35cba2e6aceded0b3c8fdc97fbd020c4437e828,2024-09-10,(Release) Incremented version to 0.11.145.138,ROSE_VERSION config/SCM_DATE configure.ac src/frontend/CxxFrontend/EDG_VERSION,pick-partial,Updated ROSE_VERSION only; skipped EDG_VERSION configure.ac and config/SCM_DATE.
09294674743a2e2b44a8738c15371aff93da62d9,2024-09-10,(CMake) Add quadmath; AppleClang; and properly set rose-config entries,src/CMakeLists.txt,pick-partial,Applied AppleClang handling and rose-config libdir/rpath updates; skipped export/install for missing RoseSQLite3xDatabase/rose_LIB_OBJS targets.
d7bfa60637195b040d17a980a0731edc35a42eda,2024-09-10,(CMake/Mac) Remove WIP export commands.,src/CMakeLists.txt,pick,Already absent in REX; no change needed.
604872a11c115180d0a0b298c274f8de749ca379,2024-09-11,(Release) Incremented version to 0.11.145.139,ROSE_VERSION config/SCM_DATE configure.ac src/frontend/CxxFrontend/EDG_VERSION,pick-partial,Updated ROSE_VERSION only; skipped EDG_VERSION and configure.ac plus config/SCM_DATE.
f68e641e5186707167bb8e98eb0fbef2ae2af7c7,2024-09-12,(SideEffectAnalysis) Revise and add support for tracking new delete and free.,src/midend/astUtil/AstUtilInterface.C src/midend/astUtil/AstUtilInterface.h src/midend/astUtil/astInterface/AstInterface.C src/midend/astUtil/astInterface/AstInterface.h src/midend/astUtil/astSupport/AnalysisInterface.h src/midend/astUtil/astSupport/StmtInfoCollect.C src/midend/astUtil/astSupport/StmtInfoCollect.h,pick,Added Free side effects and malloc/new plus free/delete tracking; IsExpression now unwraps expr statements; GetExpressionType made static for helper use.
eaaaa6cf0e3fc77cc0164cb96ae0d7139a1f97f9,2024-09-14,(Binary Analysis) Semantics for MIPS rotate instructions,src/Rose/BinaryAnalysis/InstructionSemantics/DispatcherMips.C,drop,BinaryAnalysis dropped in REX.
63c004bab90f8a4e3d9bd588bb45c4f83175693b,2024-09-14,(Release) Incremented version to 0.11.145.140,ROSE_VERSION config/SCM_DATE configure.ac src/frontend/CxxFrontend/EDG_VERSION,pick-partial,Updated ROSE_VERSION only; skipped EDG_VERSION and configure.ac plus config/SCM_DATE.
9b16bff89e743d39320a8391720025a7b0330894,2024-09-17,(CICD) Adding a test for the Libadalang frontend,.gitlab-ci.yml,drop,Libadalang support dropped in REX.
fc605f957cfaf6fde2c87ecd51f09e903047052f,2024-09-17,(RWSets) Removed unnecessary whitespace,src/midend/programAnalysis/ReadWriteSetAnalysis/Makefile.am,drop,ReadWriteSetAnalysis dropped in REX.
47e4d10187a7356d270c207be1b0635e8c0a6c55,2024-09-17,(RWSetTests) Fixed JSON testing,src/midend/programAnalysis/ReadWriteSetAnalysis/ReadWriteSetRecords.h,drop,ReadWriteSetAnalysis dropped in REX.
c8f09e063e99471cc4154f85a927eec2603995bd,2024-09-17,(RWSets) found a bug in output sorting,src/midend/programAnalysis/ReadWriteSetAnalysis/ReadWriteSetRecords.C,drop,ReadWriteSetAnalysis dropped in REX.
d429ca0be9ed1846ece4983f74cd18f8698cadf4,2024-09-17,(Release) Incremented version to 0.11.145.141,ROSE_VERSION config/SCM_DATE configure.ac src/frontend/CxxFrontend/EDG_VERSION,pick-partial,Updated ROSE_VERSION only; skipped EDG_VERSION and configure.ac plus config/SCM_DATE.
6bb29415902361ccfeeb0c375d3d62f4b2f8751b,2024-09-17,(AstInterface) Fix global unique name for types.,src/midend/astUtil/AstUtilInterface.C src/midend/astUtil/astInterface/AstInterface.C src/midend/astUtil/astInterface/AstInterface.h src/midend/astUtil/astInterface/AstInterface_ROSE.h,pick,GetTypeInfo now supports global unique names and pointer suffix; GetVariableSignature uses global unique type name.
f74ad1c611f261a20e85d4a34057f43e3c76c487,2024-09-19,(ECJ) Fixed dependency in ECJ support for missing JavaParser.h,src/3rdPartyLibraries/java-parser/Makefile.am,drop,Java frontend and autotools dropped in REX.
d0a01b22501e57cbb9cc11406a678b6bc87a78db,2024-09-19,(CICD) Adding Coverage Analysis test to release pipeline,.gitlab-ci.yml,drop,Upstream CI only; not synced in REX.
4bb02e688fee51f3c01c0785be02788d676593cc,2024-09-19,(CMake) Find library dirs by macro,CMakeLists.txt src/CMakeLists.txt,pick-partial,Added rose_library_dir_list macro and fixed QUADMATH dir handling; skipped Boost directory use and root quadmath cache changes not present in REX.
c2f3a5bd55684fc3ff5dece9ef35927718ade6f7,2024-09-19,(CMake) Track more libraries and filter duplicate dirs,src/CMakeLists.txt,pick-partial,Added ZLIB dir tracking and duplicate removal; skipped YAML and other library blocks not present or dropped in REX.
b6f542b85488bfd59779d4ba94ca063feb509647,2024-09-19,(Binary Analysis) Removed unused SgAsmInstruction::sources,src/AstNodes/BinaryAnalysis/SgAsmInstruction.h src/frontend/Disassemblers/SgAsmInstruction.C,drop,BinaryAnalysis dropped in REX.
374207e076be84e9027c4e08416dcd84e31de1c3,2024-09-19,(Binary Analysis) Regenerated SgAsm* types with rosebud,src/ROSETTA/src/binaryInstruction.C,drop,BinaryAnalysis dropped in REX.
087278226b29fc145e0fbf0bc1ebb25d9b106cdb,2024-09-19,(Support) Hasher::HashFactory::createFactory returns std::shared_ptr,src/roseSupport/Combinatorics.C src/roseSupport/Combinatorics.h,drop,src/roseSupport not present in REX.
3deacee6183a15c9713865bf6550a85711399e24,2024-09-19,(Engineering) Fixed warning from `ASSERT_not_null(this)`,src/midend/astProcessing/AstProcessing.h,pick,Replaced ASSERT_not_null(this) with ASSERT_this().
1a901f2cc420fda8c15995d080fcc5dc69cc343b,2024-09-19,(Binary Analysis) Improved PPC instruction descriptions,src/Rose/BinaryAnalysis/Architecture/Powerpc.C,drop,BinaryAnalysis dropped in REX.
9afc58771860cb14c425c17e14d1f43c690bdec6,2024-09-19,(Binary Analysis) Updated binary analysis tutorial,src/Rose/BinaryAnalysis.h src/Rose/BinaryAnalysis/Architecture/Base.h tutorial/binaryAnalysis/disassembler.C,drop,BinaryAnalysis dropped in REX.
b6608fa17ab5de83a84e5f75d3e4f3bed2201293,2024-09-19,(Documentation) Updated example project,tools/PortabilityTesting/lib/matrix/test-project/Makefile tools/PortabilityTesting/lib/matrix/test-project/README tools/PortabilityTesting/lib/matrix/test-project/README.md tools/PortabilityTesting/lib/matrix/test-project/Tupfile tools/PortabilityTesting/lib/matrix/test-project/VERSION tools/PortabilityTesting/lib/matrix/test-project/configure tools/PortabilityTesting/lib/matrix/test-project/test-rose.C,drop,PortabilityTesting tools dropped in REX.
512b275dc128815be45c3846943c8e2c893e611c,2024-09-19,"(Binary Analysis) Added PowerPC ""illegal"" instruction",src/Rose/BinaryAnalysis/Architecture/Powerpc.C src/Rose/BinaryAnalysis/Disassembler/Powerpc.C src/Rose/BinaryAnalysis/InstructionEnumsPowerpc.h src/roseSupport/stringify.C src/roseSupport/stringify.h,drop,BinaryAnalysis and src/roseSupport dropped in REX.
551c211b20051b24cfe5dc72ab540bc67b4b3acc,2024-09-19,(Support) Rose::ParallelSort::quicksort works for empty input,src/Rose/ParallelSort.h,drop,src/Rose/ParallelSort.h not present in REX.
c7f1b665e1fd051b9e4d6f69baf81e85af0c9da0,2024-09-19,(Release) Incremented version to 0.11.145.142,ROSE_VERSION config/SCM_DATE configure.ac src/frontend/CxxFrontend/EDG_VERSION,pick-partial,Updated ROSE_VERSION only; skipped EDG_VERSION and configure.ac plus config/SCM_DATE.
0e7b5b6b61eafc999898e0ce1b2a0fcd669517bc,2024-09-19,(YAML) Move documentation to header and doxy-if it,src/Rose/Yaml.C src/Rose/Yaml.h,drop,YAML support dropped in REX.
f60cc7694a6ed43aba8b2ae61d54f7e8d2253799,2024-09-20,(CMake) Fix EDG macro for quadfloat,rose_config.h.in.cmake src/CMakeLists.txt,drop,EDG frontend dropped in REX.
b920e6717360703a2557e4c55868ae36115ff510,2024-09-20,(CMake) Add Aterm support for Jovial,CMakeLists.txt,drop,Jovial frontend dropped in REX.
ed1a09eef1d75561f35834b747fe9750894a2d14,2024-09-20,(CMake) Add Stratego Support for Jovial,CMakeLists.txt cmake/FindAterm.cmake cmake/FindSGLRI.cmake,drop,Jovial frontend dropped in REX.
fbf89aadf7e6a063fc66a7ac0cb95a68ad7a7616,2024-09-20,(CMake) Require Aterm and Stratego paths to be specified at config time,CMakeLists.txt cmake/FindAterm.cmake,drop,Jovial frontend dropped in REX.
591a07a922c19136a431a6405407ff6caca46eda,2024-09-20,(CMake) Define Macro used by jovial_support.C,cmake/FindSGLRI.cmake rose_config.h.in.cmake,drop,Jovial frontend dropped in REX.
3c4087e67fd72e26e28bb5d101700701f942165c,2024-09-20,(CMake) Define remaining macros for sage_support.C SageTreeBuilder.C utility_functions.C and cmdline.c,cmake/FindSGLRI.cmake rose_config.h.in.cmake src/frontend/CMakeLists.txt src/frontend/Experimental_Jovial_ROSE_Connection/CMakeLists.txt,drop,Jovial frontend dropped in REX.
374959fbdbac885468704ca00f678f6d5e3b63c3,2024-09-20,(CMake) Added and improved CMakeLists.txt for Jovial,CMakeLists.txt cmake/FindSGLRI.cmake src/CMakeLists.txt src/frontend/CMakeLists.txt src/frontend/Experimental_General_Language_Support/ATerm/CMakeLists.txt src/frontend/Experimental_General_Language_Support/CMakeLists.txt src/frontend/Experimental_Jovial_ROSE_Connection/ATermToSageJovialTraversal.C src/frontend/Experimental_Jovial_ROSE_Connection/ATermToSageJovialTraversal.h src/frontend/Experimental_Jovial_ROSE_Connection/CMakeLists.txt src/frontend/Experimental_Jovial_ROSE_Connection/jovial_support.C src/frontend/SageIII/CMakeLists.txt,drop,Jovial frontend dropped in REX.
e3d3a31bfca4b7d355ad360322e6fc5b2acdb3b7,2024-09-20,(CMake) Fix SageTreeBuilder error to enable parallel compilation,src/frontend/Experimental_General_Language_Support/ATerm/CMakeLists.txt src/frontend/Experimental_General_Language_Support/CMakeLists.txt src/frontend/Experimental_Jovial_ROSE_Connection/CMakeLists.txt,drop,Jovial targets and ATerm CMakeLists not present in REX.
e27360df4f4b9fbad2dda1227bcafc590305eefe,2024-09-20,(Release) Incremented version to 0.11.145.143,ROSE_VERSION config/SCM_DATE configure.ac src/frontend/CxxFrontend/EDG_VERSION,pick-partial,Updated ROSE_VERSION only; skipped EDG_VERSION and configure.ac plus config/SCM_DATE.
b143d4e789607cd20510f398e6458283f1af5125,2024-09-23,(AstInterface) Remove space in GetGlobalUniqueName.,src/midend/astUtil/AstUtilInterface.C src/midend/astUtil/astInterface/AstInterface.C,pick,Added GetGlobalUniqueName definition/declaration; removed spaces in global unique names; wired use_global_unique_name in IsVarRef/GetVarName; and fixed DebugAstUtil typo.
f5f14cfb29200d9374d545470ca64cfcd0d414ae,2024-09-23,(Ada) Remove rpath to build dir from rose-config,Makefile.am,drop,Ada frontend dropped in REX; autotools Makefile.am inventory only.
9bef5858141b7c63bf6fe02abe01199000da8e38,2024-09-23,(Release) Incremented version to 0.11.145.144,ROSE_VERSION config/SCM_DATE configure.ac src/frontend/CxxFrontend/EDG_VERSION,pick-partial,Updated ROSE_VERSION only; skipped EDG_VERSION; configure.ac; and config/SCM_DATE.
f9b658c21a65a61d38f8cabbfb6e598583a979c3,2024-09-23,(Engineering) function spelling and warnings,src/backend/unparser/AdaCodeGeneration/unparseAda_types.C src/backend/unparser/nameQualificationSupport.C src/frontend/Experimental_Ada_ROSE_Connection/AdaExpression.C src/frontend/Experimental_Ada_ROSE_Connection/AdaMaker.C src/frontend/Experimental_Ada_ROSE_Connection/AdaMaker.h src/frontend/Experimental_Ada_ROSE_Connection/AdaStatement.C src/frontend/Experimental_Ada_ROSE_Connection/AdaType.C src/frontend/Experimental_Ada_ROSE_Connection/Ada_to_ROSE.C src/frontend/SageIII/sageInterface/sageGeneric.h src/frontend/SageIII/sageInterface/sageInterfaceAda.C,drop,Ada unparser/frontend changes; Ada support dropped in REX.
0f75082425ea3cd0a745c232f6fe710e2c438dac,2024-09-23,(Ada) fix warnings and other improvments,src/frontend/Experimental_Ada_ROSE_Connection/AdaMaker.C src/frontend/Experimental_Ada_ROSE_Connection/AdaMaker.h src/frontend/SageIII/sageInterface/sageInterfaceAda.C src/frontend/SageIII/sageInterface/sageInterfaceAda.h src/frontend/SageIII/sage_support/cmdline.C,drop,Ada frontend/unparser and cmdline Ada support dropped in REX.
00e511b069b56faba3dde7e9938c0f8a764f0210,2024-09-25,fix type of SgLongLongIntVal to represent proper type of SgTypeLongLong,src/ROSETTA/src/expression.C,pick,Updated ROSETTA LongLongIntVal GENERIC_TYPE to SgTypeLongLong.
953ef994428d72a7f8d722148129b82ea5bd114a,2024-09-25,(CMake) Improve Doxygen logic by removing excess code and nested if statements,CMakeLists.txt cmake/FindDoxygen.cmake cmake/blt/cmake/BLTOptions.cmake cmake/blt/cmake/SetupDocs.cmake src/CMakeLists.txt,pick-partial,Applied ROSE_VERSION whitespace strip; gated Doxygen discovery with ENABLE_DOXYGEN; updated FindDoxygen warnings; and limited rose-config libdir/rpath messages to Debug; skipped BLT/SetupDocs changes (BLT not used in REX) and formatting-only edits.
19e23925ad47aba291b2d56ca9720812aa992131,2024-09-25,(CMake) Make Code Review modifications,CMakeLists.txt cmake/blt/cmake/BLTOptions.cmake,drop,BLT CMake section not present in REX; no applicable changes.
28b551e5e59a106c2e827b0d5e143b9fcb600441,2024-09-25,(cmake) Genrating objects libraries instead of static,CMakeLists.txt config/CMakeLists.txt src/CMakeLists.txt src/Rose/CodeGen/CMakeLists.txt src/frontend/CxxFrontend/EDG src/frontend/Experimental_General_Language_Support/CMakeLists.txt src/frontend/Experimental_Jovial_ROSE_Connection/CMakeLists.txt,drop,Touches EDG/Jovial/BinaryAnalysis/CodeGen and EDG install paths; dropped components in REX.
6349ad48186f5325acdc3d41a5b19a579e0a6032,2024-09-25,(Jovial) Lower case always store,src/3rdPartyLibraries/jovial-parser/sdf_syntax/Main.sdf src/3rdPartyLibraries/jovial-parser/share/rose/Jovial.tbl,drop,Jovial parser components dropped in REX.
9982cfc0bce2b49094250cfd9c3a15457f4e6925,2024-09-25,(Binary Analysis) bat-dis can run the partitioner directly,tools/BinaryAnalysis/bat-dis.C,drop,BinaryAnalysis tools dropped in REX.
6aad3e56a4c6ecec365de042357f5f889ff5aa5d,2024-09-25,(Binary Analysis) Fixed some compiler warnings,src/Rose/BinaryAnalysis/CallingConvention/StoragePool.h src/Rose/BinaryAnalysis/Concolic/Settings.h src/Rosebud/BoostSerializer.C tools/BinaryAnalysis/bat-mem.C,drop,BinaryAnalysis/Rosebud/Sawyer changes dropped in REX.
865925f9568e9469e6839b6a4bd0a40858c5928c,2024-09-25,(Testing) Install README.md and VERSION from test project,Makefile.am,drop,Autotools Makefile.am change; inventory only.
b11c18902d2c35c8dff2fafb5408dd85bdb308c9,2024-09-25,(Libadalang) Record Body; Attribute References; & Object-Oriented Syntax,src/frontend/Experimental_Libadalang_ROSE_Connection/LibadalangExpression.C src/frontend/Experimental_Libadalang_ROSE_Connection/LibadalangStatement.C src/frontend/Experimental_Libadalang_ROSE_Connection/LibadalangStatement.h src/frontend/Experimental_Libadalang_ROSE_Connection/LibadalangType.C src/frontend/Experimental_Libadalang_ROSE_Connection/Libadalang_to_ROSE.C,drop,Ada/Libadalang support dropped in REX.
dde957968ad60d3cd7eacfd92d26ec69235c7681,2024-09-25,(Libadalang) SingleProtectedDecl; ProtectedBody; & EntryBody,src/frontend/Experimental_Libadalang_ROSE_Connection/LibadalangExpression.C src/frontend/Experimental_Libadalang_ROSE_Connection/LibadalangStatement.C src/frontend/Experimental_Libadalang_ROSE_Connection/Libadalang_to_ROSE.C,drop,Ada/Libadalang support dropped in REX.
d799733cbd17e01fddd99dc424fa6d8b518427a4,2024-09-25,(Libadalang) NullLiteral; Aggregate Update; & Entry Index Spec Fix,src/frontend/Experimental_Libadalang_ROSE_Connection/LibadalangExpression.C src/frontend/Experimental_Libadalang_ROSE_Connection/LibadalangStatement.C src/frontend/Experimental_Libadalang_ROSE_Connection/LibadalangType.C,drop,Ada/Libadalang support dropped in REX.
5669d5abb3d0df384435a01fdc221efc008ef490,2024-09-25,(Libadalang) Floating & Fixed point defs; Generic & Formal decls,src/frontend/Experimental_Libadalang_ROSE_Connection/LibadalangStatement.C src/frontend/Experimental_Libadalang_ROSE_Connection/LibadalangType.C src/frontend/Experimental_Libadalang_ROSE_Connection/Libadalang_to_ROSE.C,drop,Ada/Libadalang support dropped in REX.
15af2953b919022cc4f6d4cb5fc9f43e900707b2,2024-09-25,(Libadalang) ada_single_task_decl & a few small fixes,src/frontend/Experimental_Libadalang_ROSE_Connection/LibadalangExpression.C src/frontend/Experimental_Libadalang_ROSE_Connection/LibadalangStatement.C src/frontend/Experimental_Libadalang_ROSE_Connection/LibadalangStatement.h src/frontend/Experimental_Libadalang_ROSE_Connection/LibadalangType.C src/frontend/Experimental_Libadalang_ROSE_Connection/Libadalang_to_ROSE.C,drop,Ada/Libadalang support dropped in REX.
7c5b8f9b0e6287f861e08c0d3f546c09f2c87a6a,2024-09-25,(Binary Analysis) Added MIPS semantics,src/Rose/BinaryAnalysis/InstructionSemantics/DispatcherMips.C,drop,BinaryAnalysis subtree dropped in REX.
d311477f552774848d4567c926942ef54db99c1d,2024-09-25,(ROSETTA) recognize std::uint* variants,src/ROSETTA/src/buildStorageClasses.C,drop,Upstream file src/ROSETTA/src/buildStorageClasses.C not present in REX.
3da5f63cf8cf346c5854efd88fff120ae0f7e3d5,2024-09-25,(Cil) Support Exception Handling - IR Nodes,src/AstNodes/BinaryAnalysis/SgAsmCilDataStream.h src/AstNodes/BinaryAnalysis/SgAsmCilExceptionData.h src/AstNodes/BinaryAnalysis/SgAsmCilMethodData.h src/AstNodes/BinaryAnalysis/SgAsmCilMethodDef.h src/ROSETTA/astNodeList src/ROSETTA/src/binaryInstruction.C src/ROSETTA/src/jovialNodes.C src/frontend/BinaryFormats/CilImpl.C src/generated/BinaryAnalysis/CMakeLists.txt src/generated/BinaryAnalysis/Makefile.am src/generated/BinaryAnalysis/SgAsmCilExceptionData.C src/generated/BinaryAnalysis/SgAsmCilMethodData.C src/generated/BinaryAnalysis/SgAsmCilMethodDef.C src/generated/BinaryAnalysis/Tupfile src/generated/Rose/Sarif/Analysis.C src/generated/Rose/Sarif/Analysis.h src/generated/Rose/Sarif/Artifact.C src/generated/Rose/Sarif/Artifact.h src/generated/Rose/Sarif/CMakeLists.txt src/generated/Rose/Sarif/CodeFlow.C src/generated/Rose/Sarif/CodeFlow.h src/generated/Rose/Sarif/Location.C src/generated/Rose/Sarif/Location.h src/generated/Rose/Sarif/Log.C src/generated/Rose/Sarif/Log.h src/generated/Rose/Sarif/Makefile.am src/generated/Rose/Sarif/Node.C src/generated/Rose/Sarif/Node.h src/generated/Rose/Sarif/NodeDeclarations.h src/generated/Rose/Sarif/Result.C src/generated/Rose/Sarif/Result.h src/generated/Rose/Sarif/Rule.C src/generated/Rose/Sarif/Rule.h src/generated/Rose/Sarif/ThreadFlow.C src/generated/Rose/Sarif/ThreadFlow.h src/generated/Rose/Sarif/ThreadFlowLocation.C src/generated/Rose/Sarif/ThreadFlowLocation.h src/generated/Rose/Sarif/Tupfile,drop,BinaryAnalysis/CIL/SARIF/Jovial generated nodes dropped in REX.
16656d115f1b3eddccf7b732f10e01f4cbbca190,2024-09-25,(Release) Incremented version to 0.11.145.145,ROSE_VERSION config/SCM_DATE configure.ac src/frontend/CxxFrontend/EDG_VERSION,pick-partial,Updated ROSE_VERSION only; skipped EDG_VERSION; configure.ac; and config/SCM_DATE.
f9b1ec1555228c828ede6b7895ee6adac721ad6e,2024-09-26,(Jovial) MaxInt frontend failed,src/frontend/Experimental_Jovial_ROSE_Connection/ATermToSageJovialTraversal.C src/frontend/Experimental_Jovial_ROSE_Connection/ATermToSageJovialTraversal.h,drop,Jovial frontend dropped in REX.
d8a0239f9105845de28c4cc9c7b730f7a3154c8a,2024-09-27,(Release) Incremented version to 0.11.145.146,ROSE_VERSION config/SCM_DATE configure.ac src/frontend/CxxFrontend/EDG_VERSION,pick-partial,Updated ROSE_VERSION only; skipped EDG_VERSION; configure.ac; and config/SCM_DATE.
6439e41ea4326cb1b4954b5eb344aea1c45df2c4,2024-09-27,(Jovial) Add MAXFLOATPRECISION,src/3rdPartyLibraries/jovial-parser/sdf_syntax/Main.sdf src/3rdPartyLibraries/jovial-parser/share/rose/Jovial.tbl src/frontend/Experimental_Jovial_ROSE_Connection/ATermToSageJovialTraversal.C,drop,Jovial frontend/parser dropped in REX.
41c6580e3e3590e91394c400722acaa22dada261,2024-09-28,(Release) Incremented version to 0.11.145.147,ROSE_VERSION config/SCM_DATE configure.ac src/frontend/CxxFrontend/EDG_VERSION,pick-partial,Updated ROSE_VERSION only; skipped EDG_VERSION; configure.ac; and config/SCM_DATE.
d07e502821a85541e5f43d9baf91f24aee72d3b3,2024-09-28,(Jovial) Cast to table type,src/backend/unparser/JovialCodeGeneration/unparseJovial_expressions.C,drop,Jovial unparser dropped in REX.
a09c063313d60ba16d2d7ef98c9c9a8db9dedc88,2024-09-29,(Release) Incremented version to 0.11.145.148,ROSE_VERSION config/SCM_DATE configure.ac src/frontend/CxxFrontend/EDG_VERSION,pick-partial,Updated ROSE_VERSION only; skipped EDG_VERSION; configure.ac; and config/SCM_DATE.
16e9a797c672d52f1190b6da41087bb4f0f814d1,2024-10-01,(CMake) Improve conditions for finding and linking Quadmath to librose,CMakeLists.txt rose_config.h.in.cmake src/CMakeLists.txt src/frontend/CMakeLists.txt src/frontend/SageIII/CMakeLists.txt,pick-partial,Added quadmath library search and conditional linking/rose-config reporting; skipped EDG macro changes and Ada/Jovial build gating (dropped components); plus Boost/RPATH tweaks not applicable in REX.
86b479a6e53d228c2fd02cad7c789bd2ac7c8dda,2024-10-01,(CMake) Add libquadmath search paths; modify order these are searched,CMakeLists.txt,pick-partial,Expanded QUADMATH_SEARCH_PATHS; skipped EDG fallback macro and -lquadmath injection (EDG dropped in REX).
1459b6a433e9a82b4552bd778b225018673457b6,2024-10-01,(CMake) Reduce warnings regarding optional features for default builds,cmake/blt/SetupBLT.cmake cmake/blt/cmake/BLTOptions.cmake,drop,BLT build system not used in REX.
1c527858bfac1469e6b61dbe6082228890016625,2024-10-01,(Jovial) Pointer Conversion,src/frontend/Experimental_Jovial_ROSE_Connection/ATermToSageJovialTraversal.C,drop,Jovial frontend dropped in REX.
b4b07c4c1656a54d24a42821ea518616fc2a8881,2024-10-01,(Release) Incremented version to 0.11.145.149,ROSE_VERSION config/SCM_DATE configure.ac src/frontend/CxxFrontend/EDG_VERSION,pick-partial,Updated ROSE_VERSION only; skipped EDG_VERSION; configure.ac; and config/SCM_DATE.
46706ce9ce4d5f4f31f09e478ddb9db4815a7930,2024-10-02,(unparser) Worked on unparsing for aggregate and constructor initializers,src/backend/unparser/CxxCodeGeneration/unparseCxx.h src/backend/unparser/CxxCodeGeneration/unparseCxx_expressions.C src/backend/unparser/CxxCodeGeneration/unparseCxx_statements.C src/backend/unparser/CxxCodeGeneration/unparseCxx_types.C src/backend/unparser/unparser.C,pick-partial,Applied C++ unparser aggregate/constructor initializer refactor; removed UPC/Java/Ada/EDG paths and comments per REX drop list; kept non-Boost filesystem handling.
6043c60e9ebe432a8b589576cb6653fd4c66b9c0,2024-10-02,(Binary Analysis) Regenerated AST nodes,src/ROSETTA/src/binaryInstruction.C src/ROSETTA/src/jovialNodes.C src/generated/Rose/Sarif/Analysis.C src/generated/Rose/Sarif/Analysis.h src/generated/Rose/Sarif/Artifact.C src/generated/Rose/Sarif/Artifact.h src/generated/Rose/Sarif/CMakeLists.txt src/generated/Rose/Sarif/CodeFlow.C src/generated/Rose/Sarif/CodeFlow.h src/generated/Rose/Sarif/Location.C src/generated/Rose/Sarif/Location.h src/generated/Rose/Sarif/Log.C src/generated/Rose/Sarif/Log.h src/generated/Rose/Sarif/Makefile.am src/generated/Rose/Sarif/Node.C src/generated/Rose/Sarif/Node.h src/generated/Rose/Sarif/NodeDeclarations.h src/generated/Rose/Sarif/Result.C src/generated/Rose/Sarif/Result.h src/generated/Rose/Sarif/Rule.C src/generated/Rose/Sarif/Rule.h src/generated/Rose/Sarif/ThreadFlow.C src/generated/Rose/Sarif/ThreadFlow.h src/generated/Rose/Sarif/ThreadFlowLocation.C src/generated/Rose/Sarif/ThreadFlowLocation.h src/generated/Rose/Sarif/Tupfile,drop,BinaryAnalysis/SARIF/Jovial generated nodes dropped in REX.
88033b89e61cb6b19395b9bbc1d065266f98817b,2024-10-02,(Binary Analysis) Added new SgAsmCil headers to build systems,Tuprules.tup cmake/copy_files.cmake scripts/edg-generate-sig src/CMakeLists.txt src/ROSETTA/src/Makefile.am src/frontend/SageIII/Makefile.am,drop,BinaryAnalysis dropped; EDG/autotools build updates skipped.
c5e0135427640222ba43f580640307dc4c299c2f,2024-10-02,(Release) Incremented version to 0.11.145.150,ROSE_VERSION config/SCM_DATE configure.ac src/frontend/CxxFrontend/EDG_VERSION,pick-partial,Updated ROSE_VERSION only; skipped EDG_VERSION; configure.ac; and config/SCM_DATE.
91f249faaf661213f72c836f569ffac6c9ce39ab,2024-10-02,(RWSets) fix mlog,src/Rose/Diagnostics/Diagnostics.C src/midend/programAnalysis/ReadWriteSetAnalysis/LocalRWSetGenerator.C src/midend/programAnalysis/ReadWriteSetAnalysis/Name2Node.C src/midend/programAnalysis/ReadWriteSetAnalysis/ReadWriteSetRecords.C src/midend/programAnalysis/ReadWriteSetAnalysis/VxUtilFuncs.C src/midend/programAnalysis/ReadWriteSetAnalysis/VxUtilFuncs.h tools/ReadWriteSetGeneration/LocalRWSetGeneratorMain.C tools/ReadWriteSetGeneration/Name2NodeMain.C tools/ReadWriteSetGeneration/TestabilityGraderMain.C,drop,ReadWriteSetAnalysis/Generation and Rose diagnostics are dropped in REX.
964b2f097c6743c6d7a99fc718278406b86d6193,2024-10-03,(RWSets) fixed typo,src/Rose/Diagnostics/Diagnostics.C,drop,Rose diagnostics dropped in REX.
3a4a830c09a4c6cc6f53958fbfdd63e73df499d3,2024-10-04,(Doxygen) Generate XML output; scan a few .C files,docs/Rose/rose.cfg.in,pick,Already present in docs/Rose/rose.cfg.in (GENERATE_XML=YES and sageInterface.C/sageBuilder.C inputs).
65069f64c2a994027df5f3b644de49fada2e1490,2024-10-04,(Jovial) Enum on partial include,src/frontend/Experimental_Jovial_ROSE_Connection,drop,Jovial components dropped in REX.
be673c7ffef262d9e997fd88f7a1b511950431ee,2024-10-04,(Release) Incremented version to 0.11.145.151,ROSE_VERSION,pick-partial,ROSE_VERSION already 0.11.145.195; skipped EDG_VERSION/configure/SCM_DATE.
b0153940338e16fdba4f8ff234beb53df63e0f34,2024-10-09,(SideEffectAnalysis) Add dataflow info for Modifications.,src/midend/astUtil src/midend/programAnalysis/pointerAnal,pick,Already present via later SideEffectAnalysis/AstInterface updates.
e7ea62772223f20f99dd7ea5e64e391afca0e453,2024-10-09,(Jovial) Implement MAXINTSIZE IntegerMachineParameter,src/frontend/Experimental_Jovial_ROSE_Connection,drop,Jovial components dropped in REX.
91a7104c8fba40282f4d210814415365c26f100a,2024-10-09,(Libadalang) GenericFormalTypeDecl + GenericPackageDecl + PackageRenamingDecl,src/frontend/Experimental_Ada_ROSE_Connection,drop,Ada/Libadalang components dropped in REX.
dbc7f1ec207db04aa4eea2f393aff3dfeb9a8493,2024-10-09,(Libadalang) More safeties,src/frontend/Experimental_Ada_ROSE_Connection,drop,Ada/Libadalang components dropped in REX.
8f9157f4a323ec559c0d98e250c435a72dcd5d22,2024-10-09,(Libadalang) Short Circuits + ada_subp_renaming_decl + ada_private_type_decl,src/frontend/Experimental_Ada_ROSE_Connection,drop,Ada/Libadalang components dropped in REX.
c8b7d6777c2a0025b5c1f8e2947e7daa4a915e65,2024-10-09,(Libadalang) Clauses + getFullName + identifier work,src/frontend/Experimental_Ada_ROSE_Connection,drop,Ada/Libadalang components dropped in REX.
c613f2d84a0d16287251c59a28ef1d87584ec3ac,2024-10-09,(Libadalang) Many small fixes + more non-function calls + incomplete type decls,src/frontend/Experimental_Ada_ROSE_Connection,drop,Ada/Libadalang components dropped in REX.
ce38ec93becc346f6c7a2b3a60331dd6e33844db,2024-10-09,(Libadalang) ada_protected_type_decl,src/frontend/Experimental_Ada_ROSE_Connection,drop,Ada/Libadalang components dropped in REX.
9829f34ed9c32c807b5e78146f44071b72ac5469,2024-10-09,(Libadalang) MembershipExpr + ErrorStmt + more instantiations,src/frontend/Experimental_Ada_ROSE_Connection,drop,Ada/Libadalang components dropped in REX.
16e2cfa6a2175c7daa0f600331de28914b9591c0,2024-10-09,(CMake) Fix cmake compile tests,CMakeLists.txt src/CMakeLists.txt,pick,Already present: tests dir auto-enable guard and rose_config_installed_cppflags without -std=c++14.
4c6f2c04c39174ba85fb236d27f657d0977d866a,2024-10-09,(Engineering) Update Mac for clang version 16.0.0,config,drop,Autotools config scripts; ignored per guide.
375772cf39a5be35b2d37a451b04f553ab2f0179,2024-10-09,(CMake) Add RHEL 9 quadmath path to search paths,CMakeLists.txt,pick,Already present: CMAKE_CXX_STANDARD=17 and quadmath search path updates.
51d197e023321d6cd94df00d2b315fe5ba06c6ce,2024-10-09,(CMake) Restore CXX lang to 14,CMakeLists.txt,drop,REX requires C++17 with LLVM 20; keep CMAKE_CXX_STANDARD=17.
01c5b06c64671a5c76671f61d34369b6431abec0,2024-10-09,(cleanup) Unparse_ExprStmt::unparseVarDeclStmt,src/backend/unparser/CxxCodeGeneration,pick,Already present: unparseVarDeclStmt.C and helpers.C refactor.
05ca3356d791ffbdb1bc71be21898c44d1422e1d,2024-10-09,(cleanup) Move C++ initializer unparsing to separate files,src/backend/unparser/CxxCodeGeneration,pick,Already present: unparseAggrInit.C/unparseCtorInit.C and related splits.
654bd8a22fc7d198ff9c7eb1d7dd43e6b6a35fb8,2024-10-09,(Jovial) Implement BYTEPOS IntegerMachineParameter,src/frontend/Experimental_Jovial_ROSE_Connection,drop,Jovial components dropped in REX.
c6f82f21f5420effcfb78f34c3a5aae495cf69a4,2024-10-09,(Release) Incremented version to 0.11.145.152,ROSE_VERSION,pick-partial,ROSE_VERSION already 0.11.145.195; skipped EDG_VERSION/configure/SCM_DATE.
63d0d6d804c7deeeec2343ef75f66d9b5b223758,2024-10-11,(CMake) Improve Ada support configuration checks,CMakeLists.txt,drop,Ada support dropped in REX; avoid GNAT/BOOST env checks.
b9658816718ccb9ec985c5be000096fab6e22adc,2024-10-11,(CMake) Define additional Ada-related macros,CMakeLists.txt src/CMakeLists.txt src/frontend/Experimental_Ada_ROSE_Connection,drop,Ada support dropped in REX.
0237ca4e5d97caf5e0c9a3935f2f1fd30d54a6d1,2024-10-11,(CMake) Undo ROSE_EXPERIMENTAL_ADA_ROSE_CONNECTION define,CMakeLists.txt src/frontend/Experimental_Ada_ROSE_Connection,drop,Ada support dropped in REX.
2b9100f396da43884dfcf02cd481c2d2609eb4af,2024-10-11,(CMake) Install asis_adapter and link asis/adapter/gnat at runtime,src/frontend/Experimental_Ada_ROSE_Connection tools,drop,Ada support dropped in REX; skip asis_adapter changes.
297cc92a89fe39a1478661fb712bd398ff5c6c81,2024-10-11,(Castor) Expose normalization passes in CodeThorn,tools/CodeThorn,drop,CodeThorn dropped in REX.
99f7a86f8f8013643c0e7d374bf48b21e20a7fa9,2024-10-11,(Jovial) Implement MININT IntegerMachineParameter,src/frontend/Experimental_Jovial_ROSE_Connection,drop,Jovial components dropped in REX.
2b9ccdd9625d958e0ad9e83f3cd797cc8ccf3f6b,2024-10-11,(SageInterface) replaceStatement uses moveUpInnerDanglingIfEndifDirective on oldStmt,src/frontend/SageIII/sageInterface/sageInterface.C,pick,Already present: moveUpInnerDanglingIfEndifDirective(oldStmt).
aae435a0c795962773d14192655de81ea7383ddc,2024-10-11,(Jovial) Implement FLOATPRECISION IntegerMachineParameter,src/frontend/Experimental_Jovial_ROSE_Connection,drop,Jovial components dropped in REX.
e67b3e03e9a631ee288cec2ce0b0a83aa79df136,2024-10-11,(Release) Incremented version to 0.11.145.153,ROSE_VERSION,pick-partial,ROSE_VERSION already 0.11.145.195; skipped EDG_VERSION/configure/SCM_DATE.
7ac5a7e849278f844cad5e5ec559957437cb1d49,2024-10-11,(Libadalang) Fallback paths for types in standard,src/frontend/Experimental_Ada_ROSE_Connection src/frontend/SageIII/sageInterface,drop,Ada/Libadalang components dropped in REX.
a92d2d0fe697514228ff925591b6d73eeda88d91,2024-10-13,(Jovial) Implement MINSTOP IntegerMachineParameter,src/frontend/Experimental_Jovial_ROSE_Connection,drop,Jovial components dropped in REX.
04af6e407bb9979a0e9853e95c64b48bb4d5b378,2024-10-13,(CMake) Add quadmath compilation option,CMakeLists.txt,pick,Already present: INCLUDE_QUADMATH option and gated quadmath search.
85bc2a3809f0fcc78abb55db3963346203ba7a87,2024-10-13,(CMake) Add CPP standard to rose-config,src/CMakeLists.txt,pick,Already present: ROSE_CXXFLAGS includes CMAKE_CXX_STANDARD.
1dfaf5f2d286b7519a08138c13fb6361e6c32f55,2024-10-13,(CMake) Make INCLUDE_QUADMATH depend on EDG,CMakeLists.txt,drop,EDG dropped in REX; avoid EDG dependent cmake options.
c341e188a796695a1cecc6ee3a0239ddb98ba8ed,2024-10-13,(Jovial) Implement MAXSTOP IntegerMachineParameter,src/frontend/Experimental_Jovial_ROSE_Connection,drop,Jovial components dropped in REX.
67ac24dfa6430e443f6806f8a6f0e18de1859bf7,2024-10-13,(Release) Incremented version to 0.11.145.154,ROSE_VERSION,pick-partial,ROSE_VERSION already 0.11.145.195; skipped EDG_VERSION/configure/SCM_DATE.
0caddcb595c8b8750fc08a61cd2a69ea222cc7ef,2024-10-13,(Jovial) Implement MAXFIXEDPRECISION IntegerMachineParameter,src/frontend/Experimental_Jovial_ROSE_Connection src/3rdPartyLibraries/experimental-jovial-parser,drop,Jovial components dropped in REX.
34ac9a5c20c4f1a04f82eb0790b758a664efc771,2024-10-14,(Jovial) Implement FLOATRADIX IntegerMachineParameter,src/frontend/Experimental_Jovial_ROSE_Connection,drop,Jovial components dropped in REX.
1ac5a667a6abb017ab21171342651b65725818fa,2024-10-15,(Release) Incremented version to 0.11.145.155,ROSE_VERSION,pick-partial,ROSE_VERSION already 0.11.145.195; skipped EDG_VERSION/configure/SCM_DATE.
3f3e2b67da6928c84a10f1a8154d0b677c0dfee8,2024-10-15,(Engineering) Fixed compiler warnings in OFP,src/frontend/OpenFortranParser_SAGE_Connection/FortranParserActionROSE.C,pick,Already present: unused-parameter cleanup in FortranParserActionROSE.C.
da31d2794b242d8b4bf3344308d0aed6fc3c7c51,2024-10-16,(Libadalang) Many more node kinds,src/frontend/Experimental_Ada_ROSE_Connection,drop,Ada/Libadalang components dropped in REX.
9c777084bd266166b037b5bd837d9c02e9878111,2024-10-16,(Libadalang) Fixing ada_select_stmt and ada_string_literal,src/frontend/Experimental_Ada_ROSE_Connection,drop,Ada/Libadalang components dropped in REX.
66e0839dd29e27fb2a4d63fb493543b89eae499e,2024-10-16,(Release) Incremented version to 0.11.145.156,ROSE_VERSION,pick-partial,ROSE_VERSION already 0.11.145.195; skipped EDG_VERSION/configure/SCM_DATE.
d63acb101e1d260ab9fe6c7f9e0822c191380f10,2024-10-16,(bugfix) support replace expressions on renamings (Ada),src/frontend/Experimental_Ada_ROSE_Connection src/backend/unparser/AdaCodeGeneration src/frontend/SageIII/sageInterfaceAda,drop,Ada support dropped in REX.
da1362633bc5ee1312bf538f7045f5a7c3b62181,2024-10-17,(RWSets) Fixed output bug,tools/ReadWriteSetGeneration,drop,ReadWriteSetGeneration tools removed in REX.
ec1792718f87574d73784bbdf85999a6e5573e1e,2024-10-17,(Jovial) Implement FIXEDPRECISION IntegerMachineParameter,src/frontend/Experimental_Jovial_ROSE_Connection,drop,Jovial components dropped in REX.
ad29407bbd7b63f181aa76c8a67b01cc9228d82c,2024-10-17,(Engineering) Fixed compiler warnings in OFP,src/frontend/OpenFortranParser_SAGE_Connection/FortranParserActionROSE.C,pick,Already present: unused-parameter cleanup in FortranParserActionROSE.C.
d35d11a0dbfc096ec1eaab0c0fb04fe2381fc5ad,2024-10-17,(CodeThorn) ClassHierarchyAnalysis usability,tools/CodeThorn,drop,CodeThorn dropped in REX.
cf3c4e27f5d1a9511687b4530f04b01600ccd886,2024-10-17,(Release) Incremented version to 0.11.145.157,ROSE_VERSION,pick-partial,ROSE_VERSION already 0.11.145.195; skipped EDG_VERSION/configure/SCM_DATE.
9dec133b41e5c25cf46bdfac69fecee5815f36c1,2024-10-18,(Tup) Added missing files for ReadWriteSetAnalysis,src/midend/programAnalysis/ReadWriteSetAnalysis/Tupfile,drop,ReadWriteSetAnalysis removed in REX; Tup inventory only.
7e6f6a01d19b74e3b2b7cae7ec3b848b42ad6e91,2024-10-18,(Tup) Added missing files for Cxx unparsing,src/backend/unparser/CxxCodeGeneration/Tupfile,drop,Tup inventory only; not ported to CMake.
f39c9cc83b0c9220b751f2cde52020229651a901,2024-10-18,(Binary Analysis) Fixed SgType comparison bug,src/Rose/BinaryAnalysis,drop,BinaryAnalysis dropped in REX.
427952c142fa9f6e8fbb6589c245d1f381b5f9c5,2024-10-18,(Binary Analysis) VariableFinder tracks read/write for local vars,src/Rose/BinaryAnalysis tools/BinaryAnalysis src/Rose,drop,BinaryAnalysis dropped in REX; tools/BinaryAnalysis dropped.
5f0ef8ae411b586fc1b4a9992a467916953f8860,2024-10-18,(Binary Analysis) Moved some new Variable types; added accessors,src/Rose/BinaryAnalysis,drop,BinaryAnalysis dropped in REX.
3828b01e06492195b694f40de4928ab0030210e0,2024-10-18,(Binary Analysis) VariableFinder API improvements,src/Rose/BinaryAnalysis,drop,BinaryAnalysis dropped in REX.
3bcc655a51dfc70f9b4a07ed9f146d175e13f7d6,2024-10-18,(Generated) Updated enum-to-string functions,src/roseSupport/stringify.*,drop,src/roseSupport not present in REX.
58c61e42dee008e8847a84782b9a81d55446a36c,2024-10-18,(Binary Analysis) Moved stackDeltaIn values to attribute storage,src/Rose/BinaryAnalysis src/Sawyer src/backend/asmUnparser src/frontend/Disassemblers,drop,BinaryAnalysis and Sawyer dropped in REX.
ca04b00e7b5644f3e43dcf114bb5db2aa4451d85,2024-10-18,(Binary Analysis) Added SgAsmInstruction::frameDeltaIn,src/AstNodes/BinaryAnalysis src/ROSETTA src/frontend/Disassemblers,drop,BinaryAnalysis dropped in REX.
636696374e69027f71df3960bdbaaebd7718c97e,2024-10-18,(Tup) Fixed test runner so answer revalidation works,Tuprules.tup scripts/tup/run-test,drop,Tup/scripts dropped in REX.
2ec3da5cfc98c86e1c6ee05fd67afbf13b843f0b,2024-10-18,(Binary Analysis) Removed SgAsmInstruction::stackDeltaIn,src/AstNodes/BinaryAnalysis src/Rose/BinaryAnalysis src/frontend/Disassemblers,drop,BinaryAnalysis dropped in REX.
692898a5f2b5a84d9fa1badb7f1b2ed936758890,2024-10-18,(Binary Analysis) StackDelta tracks frame pointer,src/Rose/BinaryAnalysis,drop,BinaryAnalysis dropped in REX.
fc9daf4a1425dc0b491fd68861507dab109a5ae9,2024-10-18,(Binary Analysis) Unparser now shows stack frame deltas,src/Rose/BinaryAnalysis src/backend/asmUnparser,drop,BinaryAnalysis dropped in REX.
a45742bad34f3bb886e87fcfa69b1feed021b7c1,2024-10-18,(Binary Analysis) bat-dis has assembly command-line switches,tools/BinaryAnalysis,drop,BinaryAnalysis tools dropped in REX.
ad316c0250cba20f7b12429fde3c946bfbabe675,2024-10-18,(Binary Analysis) bat-var tool processes non-RBA files,tools/BinaryAnalysis,drop,BinaryAnalysis tools dropped in REX.
c56f81057466e90357a421195f48fdb2627d7ee0,2024-10-18,(Binary Analysis) StackVariable changed from frameOffset to stackOffset,src/Rose/BinaryAnalysis,drop,BinaryAnalysis dropped in REX.
1e919181c1f610a904eac7fd53cb827682ab30eb,2024-10-18,(Binary Analysis) Split BinaryAnalysis::Variables into parts,src/Rose/BinaryAnalysis,drop,BinaryAnalysis dropped in REX.
86c40de9dffffcc3376563999c39839e53ca3a02,2024-10-18,(Binary Analysis) Variable analysis uses stack and frame ptrs,src/Rose/BinaryAnalysis,drop,BinaryAnalysis dropped in REX.
68585628299d1b00c629e9124b14b418e982ac6c,2024-10-18,(Binary Analysis) fixed ambiguity in bat-dis tool,tools/BinaryAnalysis,drop,BinaryAnalysis tools dropped in REX.
f7956005a7847df345758211cc0c45609ea2372d,2024-10-18,(Binary Analysis) Improvements to local variable discovery analysis,src/Rose/BinaryAnalysis,drop,BinaryAnalysis dropped in REX.
91047b8d818e0ca7ff7c6a09582af4d728ff18a6,2024-10-18,(Binary Analysis) BaseSemantics::Dispatcher returned wrong registers,src/Rose/BinaryAnalysis,drop,BinaryAnalysis dropped in REX.
4aec4d3c101826b4353760a8320992e44702ccb1,2024-10-18,(Binary Analysis) Read/write sets examples and documentation,src/Rose/BinaryAnalysis tools/BinaryAnalysis docs,drop,BinaryAnalysis dropped in REX.
984bff1ac46aae129c70380ad1a5a64c86683cf8,2024-10-18,(Binary Analysis) Special handling when reading MIPS zero register,src/Rose/BinaryAnalysis,drop,BinaryAnalysis dropped in REX.
9854eb9f57bd8c4fe7e45b4aca75873efd3f64ef,2024-10-18,(Binary Analysis) Added self test for bat-rwsets,tools/BinaryAnalysis tests,drop,BinaryAnalysis dropped in REX.
480b1f9131ba78df3a09c3b112bf165ecb6aba7d,2024-10-18,(Binary Analysis) Delay slot; MIPS b insn; diagnostic improvements,src/Rose/BinaryAnalysis,drop,BinaryAnalysis dropped in REX.
10b350d52b142c2cb1a6176588cc2d4d5cb36ef7,2024-10-18,(automake) Export required AM_CONDITIONAL for separated tests,configure.ac,drop,Autotools inventory only; not ported to CMake.
1eea7d624a2b03ffe2b3cdae1d4e198577b2ce89,2024-10-18,(install) Install template definition sources,src/midend/astUtil/astSupport/Makefile_variables,drop,Autotools inventory only; not ported to CMake.
c8965138a24e478375833abb3c0986cc7aea3256,2024-10-18,(Binary Analysis) Improve ByteCode analysis architecture,src/Rose/BinaryAnalysis,drop,BinaryAnalysis dropped in REX.
d9bf2fb5d5b0e802409839fba7c46d32c9d7e6c1,2024-10-18,(CMake) Accurately report Ada environment variables,CMakeLists.txt,drop,Ada support dropped in REX.
b8f81dc8e225e399ef81784dd5f35994c9807d09,2024-10-18,(CMake) Add missing header files for Ada support install,CMakeLists.txt,drop,Ada support dropped in REX.
2f431e1d999642a6b5a037fca10b6f2f17fc10d0,2024-10-18,(Jovial) Implement INTPRECISION IntegerMachineParameter,src/frontend/Experimental_Jovial_ROSE_Connection,drop,Jovial components dropped in REX.
6a040f028fdce9b475b05efc8b15a9f614a93a3c,2024-10-18,(Release) Incremented version to 0.11.145.158,ROSE_VERSION,pick-partial,ROSE_VERSION already 0.11.145.195; skipped EDG_VERSION/configure/SCM_DATE.
0a7f329d63a04f8225124ce34aa30783146cbcef,2024-10-19,(CodeThorn) improve diagnostic output,tools/CodeThorn,drop,CodeThorn dropped in REX.
3ee98129c448c151b042d3b537bf6f7ef43d1863,2024-10-19,(Ada) support defining decls on discriminated types,src/frontend/Experimental_Ada_ROSE_Connection src/frontend/SageIII/sageInterfaceAda,drop,Ada support dropped in REX.
df0902b270e0e2c2c01e7c3d5117ed13cfd6547d,2024-10-20,(Release) Incremented version to 0.11.145.159,ROSE_VERSION,pick-partial,ROSE_VERSION already 0.11.145.195; skipped EDG_VERSION/configure/SCM_DATE.
3d077332f9acf1214a25a0510aecb49efb69e313,2024-10-20,(Jovial) Implement MAXBYTES IntegerMachineParameter,src/frontend/Experimental_Jovial_ROSE_Connection,drop,Jovial components dropped in REX.
124718d8f2e1c9a49fe3e026dfa3a85436ea5d08,2024-10-21,(Release) Incremented version to 0.11.145.160,ROSE_VERSION,pick-partial,ROSE_VERSION already 0.11.145.195; skipped EDG_VERSION/configure/SCM_DATE.
c60aedd399761f51b07463a45f92140af63db994,2024-10-21,(Jovial) Implement MAXBITS IntegerMachineParameter,src/frontend/Experimental_Jovial_ROSE_Connection,drop,Jovial components dropped in REX.
9b4fc4d270b6c67705c07bd57e7678fe33e6785d,2024-10-22,(Release) Incremented version to 0.11.145.161,ROSE_VERSION,pick-partial,ROSE_VERSION already 0.11.145.195; skipped EDG_VERSION/configure/SCM_DATE.
70c38b7b3459439217bc5f6d16024e69f349b8d0,2024-10-22,(CMake) Sync CMAKE_CXX_STANDARD with BLT_CXX_STD,CMakeLists.txt,drop,REX does not use BLT and enforces C++17; avoid C++14 default logic.
9a93cf43b018a3ed604196491c22b432fbd788c4,2024-10-23,(Release) Incremented version to 0.11.145.162,ROSE_VERSION,pick-partial,ROSE_VERSION already 0.11.145.195; skipped EDG_VERSION/configure/SCM_DATE.
3889da785e34146292470b1f9b8a1e801674ae38,2024-10-24,(Binary Analysis) Move SgAsm*.C files to correct location,src/Rose/BinaryAnalysis src/frontend/Disassemblers,drop,BinaryAnalysis dropped in REX.
002af2cb69a862ece9586c4a2e3cff07ac3ba80f,2024-10-24,(Binary Analysis) Reduce header dependencies for SgAsm*.C,src/Rose/BinaryAnalysis src/frontend/Disassemblers,drop,BinaryAnalysis dropped in REX.
2306702b27516beca7516ada32e743fbd0dbc75f,2024-10-24,(Binary Analysis) Remove architecture-specific expression unparsers,src/Rose/BinaryAnalysis,drop,BinaryAnalysis dropped in REX.
cd32ca6a7115e4b90666b5d2335cc6631db4235b,2024-10-24,(Binary Analysis) Deprecated global-scope unparseInstruction,src/Rose/BinaryAnalysis src/backend/asmUnparser,drop,BinaryAnalysis dropped in REX.
4ef1011343740e3c4cc83f41dddaffe2a411adb9,2024-10-24,(Binary Analysis) Deleted global scope unparseExpression,src/Rose/BinaryAnalysis src/backend/asmUnparser,drop,BinaryAnalysis dropped in REX.
78e50a4bd07e82436bbd879edac27dfa8ff21ff9,2024-10-24,(Release) Incremented version to 0.11.145.163,ROSE_VERSION,pick-partial,ROSE_VERSION already 0.11.145.195; skipped EDG_VERSION/configure/SCM_DATE.
343112c14a1853ebf2c3c20d296deb552e298f49,2024-10-24,(CMake) Add make tools and make install_tools target,CMakeLists.txt tools/CMakeLists.txt tools/CodeThorn tools/ReadWriteSetGeneration,drop,Touches dropped tools; avoid reintroducing CodeThorn/ReadWriteSetGeneration.
758d4c0996754189940982823d5cd3b7d435e5be,2024-10-25,(Binary Analysis) Implement branch instructions for MIPS semantics,src/Rose/BinaryAnalysis,drop,BinaryAnalysis dropped in REX.
963cc237a45606acd66913473ce619849f2be225,2024-10-25,(Release) Incremented version to 0.11.145.164,ROSE_VERSION,pick-partial,ROSE_VERSION already 0.11.145.195; skipped EDG_VERSION/configure/SCM_DATE.
b53d31dff07efcefaab1de743992a03dd5b48e6a,2024-10-25,(Ada) array query interface improvements,src/frontend/Experimental_Ada_ROSE_Connection,drop,Ada support dropped in REX.
1e096827e5807a73467e37643ada3138b3845cf6,2024-10-27,(Jovial) Implement MAXTABLESIZE IntegerMachineParameter,src/frontend/Experimental_Jovial_ROSE_Connection,drop,Jovial components dropped in REX.
4b305b84df18a54822d3c6f50b8d5645cac626c6,2024-10-27,(Release) Incremented version to 0.11.145.165,ROSE_VERSION,pick-partial,ROSE_VERSION already 0.11.145.195; skipped EDG_VERSION/configure/SCM_DATE.
37bcf5c5767810c582a5c5ad46f2d0f5d0bfdc2e,2024-10-27,(CMake) Fix typo in BinaryAnalysis/Variables CMakeLists,src/Rose/BinaryAnalysis/Variables/CMakeLists.txt,drop,BinaryAnalysis dropped in REX.
ee9947b8afe7d06f6e5e869bb08ffcfcebf45135,2024-10-27,(CMake) Add tools to build when using binary analysis,CMakeLists.txt,drop,BinaryAnalysis dropped in REX.
467a56f374c89f1b836125c13a7def2d4d131b93,2024-10-29,(Binary Analysis) Removed documentation for AsmUnparser,src/backend/asmUnparser,drop,BinaryAnalysis/asmUnparser dropped in REX.
a560c39f536da67c92f5c93ba15e13d6aa1d6547,2024-10-29,(Binary Analysis) Removed calls to deprecated unparsers,src/Rose/BinaryAnalysis src/backend/asmUnparser,drop,BinaryAnalysis/asmUnparser dropped in REX.
b023d41ba01f609d48c6831a4bb10f03afa15cbb,2024-10-29,(Binary Analysis) Fixed warning due to improved variable detection,src/Rose/BinaryAnalysis/ModelChecker,drop,BinaryAnalysis dropped in REX.
a99d10bcb6efdee1fa1e03c72ee7c935e59703d2,2024-10-29,(Build) Removed -I$(srcdir) from automake compiler commands,src/Rose/Makefile.am,drop,Autotools inventory only; not ported to CMake.
a9b0d34c3463d452f59f690b748b3cec2735f58d,2024-10-29,(Documentation) Removed old binaryHelloWorld,docs/Rose/BinaryTutorial.dox src/Rose/BinaryAnalysis tutorial,drop,BinaryAnalysis dropped in REX.
1c6c3fb605975e5439da9dc1fd37c919ebccaf3f,2024-10-29,(Documentation) Improvements to generated version-specific main page,docs/Rose/MainPage.dox scripts/generate-api-documentation,pick,Already present in docs/Rose/MainPage.dox and scripts/generate-api-documentation.
fcc02fe8b3924f48aad740f937a349ae3e1dacf0,2024-10-29,(Binary Analysis) Generalized EdgeArrow,src/Rose/BinaryAnalysis/Unparser,drop,BinaryAnalysis dropped in REX.
b22f7eb3df5854f1d60ddd14f0e332975638417a,2024-10-29,(Binary Analysis) Removed most of AsmUnparser,src/backend/asmUnparser src/Rose/Diagnostics src/frontend/Disassemblers tutorial,drop,BinaryAnalysis/asmUnparser dropped in REX.
5ef119a7b5e53d36636e683447d6d949d0faa2bf,2024-10-29,(Binary Analysis) Removed references to AsmUnparser,src/Rose/BinaryAnalysis src/backend/asmUnparser src/frontend/Disassemblers src/roseSupport,drop,BinaryAnalysis and src/roseSupport dropped in REX.
ea9c19372c64251c30b5aef286d493e6f49b360e,2024-10-29,(Rosebud) Added class serialize(X) attribute,src/Rosebud,drop,Rosebud/Boost serializer work not kept in REX.
4e4778a084cadd5376122d10a2d3389a9164b802,2024-10-29,(Binary Analysis) SgAsmInstruction::semanticFailure is serialized,src/AstNodes/BinaryAnalysis,drop,BinaryAnalysis dropped in REX.
1e926e1db097028528cfde30a1dcce57783ae202,2024-10-29,(Binary Analysis) Regenerated ROSETTA input for SgAsmInstruction change,src/ROSETTA/src/binaryInstruction.C,drop,BinaryAnalysis dropped in REX.
62100a6310c753a295dfd7b0330669e17e68a396,2024-10-29,(Binary Analysis) Removed duplicate unparser code,src/Rose/BinaryAnalysis/Unparser tools/BinaryAnalysis,drop,BinaryAnalysis dropped in REX.
684b4e355bc4b0b0d72aab4b77cb1cba8eff95f6,2024-10-29,(Binary Analysis) Unparsers can override individual SgAsmExpression nodes,src/Rose/BinaryAnalysis/Unparser,drop,BinaryAnalysis dropped in REX.
b15cacb34f0fc06b63a67ef593c3298b5ea8c3d9,2024-10-29,(Binary Analysis) Reduce header dependencies,src/Rose/BinaryAnalysis,drop,BinaryAnalysis dropped in REX.
c03c193c881b19f0c621fae9d5d7301ddf62af7a,2024-10-29,(CMake) Build install Binary Analysis tools with GCC Toolset 13,CMakeLists.txt src/CMakeLists.txt,drop,BinaryAnalysis dropped in REX.
b88c1152f1e38158bb3dd9b004cf74d48f4540af,2024-10-29,(CMake) Fix external tool portability issues from incorrect rose-config flags,src/CMakeLists.txt,drop,Boost and EDG rose-config handling; dropped components.
fb310e4c688448afc43bff55a6567ecf7efedc53,2024-10-29,(Release) Incremented version to 0.11.145.166,ROSE_VERSION,pick-partial,ROSE_VERSION already 0.11.145.195; skipped EDG_VERSION/configure/SCM_DATE.
0d35256bebfa8154bbaa5d0ab75779a1bce61f77,2024-10-29,(CMake) Fix install-tools target,CMakeLists.txt,drop,Tools targets for dropped components.
156dcc0e5738159b06ff2441d362e581a66fc5ca,2024-10-29,(CMake) Propagate parallel to recursive make for tools,CMakeLists.txt,drop,Tools targets for dropped components.
1de71efa16a95d29fa2706183fe56112793a3720,2024-10-31,(CMake) Add remainder of tools directory targets to CMake build system,CMakeLists.txt tools/CMakeLists.txt,drop,Tools include dropped components; do not reintroduce.
b4a59ca988f1ff2044e062e70375ebdf2ab23aeb,2024-10-31,(CodeThorn) Fix varref generation,tools/CodeThorn,drop,CodeThorn dropped in REX.
b20b5fbb4af707a88ce24bf58ec55afe3d3d0e69,2024-10-31,(Jovial) Implement MAXSIGNDIGITS IntegerMachineParameter,src/frontend/Experimental_Jovial_ROSE_Connection,drop,Jovial components dropped in REX.
044f609d250d68cffc71a33d7b3942da7f0153d3,2024-10-31,(Binary Analysis) Implement jump instructions for MIPS semantics,src/Rose/BinaryAnalysis,drop,BinaryAnalysis dropped in REX.
a5eb1b90335b1170a0f82f910fc5b5994f4da41a,2024-10-31,(Binary Analysis) Added SgAsmExpression::toString,src/Rose/BinaryAnalysis,drop,BinaryAnalysis dropped in REX.
31fc5aa14efd140b300371e1277c945101d2d98f,2024-10-31,(Release) Incremented version to 0.11.145.167,ROSE_VERSION,pick-partial,ROSE_VERSION already 0.11.145.195; skipped EDG_VERSION/configure/SCM_DATE.
8b197e90661eb11818fdb9cf70ad5c80aa83b134,2024-10-31,(Jovial) Implement MINFRACTION IntegerMachineParameter,src/frontend/Experimental_Jovial_ROSE_Connection,drop,Jovial components dropped in REX.
f3acae0c3ac0032441801611afd472f644aba3ce,2024-11-01,(Release) Incremented version to 0.11.145.168,ROSE_VERSION,pick-partial,ROSE_VERSION already 0.11.145.195; skipped EDG_VERSION/configure/SCM_DATE.
bc43c749923a52c934bccc10f7a00ebd8e41730b,2024-11-03,(Binary Analysis) Implement move instructions for MIPS semantics,src/Rose/BinaryAnalysis,drop,BinaryAnalysis dropped in REX.
e17e461e0a674a7f59cc597bc59800bc98014708,2024-11-03,(Binary Analysis) Resolve ambiguity for MIPS instruction EHB,src/Rose/BinaryAnalysis,drop,BinaryAnalysis dropped in REX.
0f592f78d71074db40f5e889fd50ab7fa5937362,2024-11-03,(Release) Incremented version to 0.11.145.169,ROSE_VERSION,pick-partial,ROSE_VERSION already 0.11.145.195; skipped EDG_VERSION/configure/SCM_DATE.
301c2e225436acf2da5542a961308ea37b1b3b07,2024-11-04,(Ada) Fix unconstrained array detection,src/frontend/Experimental_Ada_ROSE_Connection,drop,Ada support dropped in REX.
67c0c6ba3510f8089ae203e6f842b2ba8e609ce9,2024-11-04,(CodeThorn) Fix destructor calls for returns,tools/CodeThorn,drop,CodeThorn dropped in REX.
c3f2f2c81cfeacf9b9e51610a1e57f3ecf09ff58,2024-11-05,(Jovial) Implement IMPLINTSIZE IntegerMachineParameter,src/frontend/Experimental_Jovial_ROSE_Connection,drop,Jovial components dropped in REX.
257114ac2c115fc0a1f4cedc077daf32d1500fcb,2024-11-05,(Jovial) Implement MINSIZE IntegerMachineParameter,src/frontend/Experimental_Jovial_ROSE_Connection,drop,Jovial components dropped in REX.
1c1289a23e5f870ec37384f41a7081ad2db18c56,2024-11-05,(CMake) Fix bug in EDG defines.h.rose,src/frontend/CxxFrontend/EDG,drop,EDG dropped in REX.
2be7514f86e1d55dbc4bc619f11b1256d7644f7a,2024-11-05,(Release) Incremented version to 0.11.145.170,ROSE_VERSION,pick-partial,ROSE_VERSION already 0.11.145.195; skipped EDG_VERSION/configure/SCM_DATE.
c1e492ceef14f9293820825d2f721cce0e61be1d,2024-11-05,(Jovial) Implement MINSCALE IntegerMachineParameter,src/frontend/Experimental_Jovial_ROSE_Connection,drop,Jovial components dropped in REX.
9f9e73a139c365c2f170dbd92819bb29910f8f9f,2024-11-06,(Release) Incremented version to 0.11.145.171,ROSE_VERSION,pick-partial,ROSE_VERSION already 0.11.145.195; skipped EDG_VERSION/configure/SCM_DATE.
efa2dbddf9cb2243a333e01bdc38c1f809e6141f,2024-11-06,(Ada) Support traversal of type nodes,src/frontend/Experimental_Ada_ROSE_Connection,drop,Ada support dropped in REX.
111e11966140ab10878db095fb03b4e098f8c2e4,2024-11-08,(Release) Incremented version to 0.11.145.172,ROSE_VERSION,pick-partial,ROSE_VERSION already 0.11.145.195; skipped EDG_VERSION/configure/SCM_DATE.
e3eefee7fe5f5907cd8a37c682893166cf270de3,2024-11-08,(Testing) Added branch parameter to GitLab CI,.gitlab-ci.yml,drop,GitLab CI config not used in REX.
08fc7da7f71f21023dd8218ede727bd223b29b00,2024-11-08,(Testing) Add jobs for rhel9 and klocwork,.gitlab-ci.yml,drop,GitLab CI config not used in REX.
1a3afdefe176d38f4c3ba1ec62aba258be0e3954,2024-11-08,(Testing) Removed reference to tests subdir,.gitlab-ci.yml,drop,GitLab CI config not used in REX.
b7c04dd202fe087ba0d0bf7411c4eda01e570041,2024-11-08,(Testing) Added missing headers from install,.gitlab-ci.yml,drop,GitLab CI config not used in REX.
a93386f8001c81436aee4d31dd9aeaa27e25ef2e,2024-11-08,(Testing) Stop Intel compiler testing,.gitlab-ci.yml,drop,GitLab CI config not used in REX.
c1754826a3a8b7026c3ea4530cc7ee1eb927b744,2024-11-08,(Release) Incremented version to 0.11.145.173,ROSE_VERSION,pick-partial,ROSE_VERSION already 0.11.145.195; skipped EDG_VERSION/configure/SCM_DATE.
37e27a21e6e827466bbc9cf7cf4eb0fa4ead2ffd,2024-11-13,(AstUtil) Add whole program dependence tracking code,src/midend/astUtil/dependenceTracking,pick,Already present; CMake integration done; skipped autotools.
1f2fb9791881e4a3493f64330f895a80b00a9dc4,2024-11-13,(Jovial) Implement MINRELPRECISION IntegerMachineParameter,src/frontend/Experimental_Jovial_ROSE_Connection,drop,Jovial components dropped in REX.
5954e8b45d15ffe07812197934a372dc9d06c49c,2024-11-13,(Binary Analysis) Unparser handles all SgAsmExpression node types,src/Rose/BinaryAnalysis,drop,BinaryAnalysis dropped in REX.
8236d6af0054026870df1bb1790a78de83c49f49,2024-11-13,(Binary Analysis) Fixed parent child inconsistency in AST,src/Rose/BinaryAnalysis,drop,BinaryAnalysis dropped in REX.
b678ce430ff289038548303e8006756540ad2cc2,2024-11-13,(Binary Analysis) Binary tools accept RBA or specimens on cmdline,tools/BinaryAnalysis,drop,BinaryAnalysis tools dropped in REX.
49c9ef7f08d87a1e878040ab13e5c548bd5d5109,2024-11-13,(Engineering) New RHEL8 install script for binary analysis,scripts/installation,drop,BinaryAnalysis dropped in REX.
e58b0e7915a364a43b87f122614731041c9a49f2,2024-11-13,(Build) Fixed install-staged typos,scripts/tup/install-staged,drop,Tup scripts dropped in REX.
48a0b6aa38ee7373f827679c3be8778f32a875b6,2024-11-13,(Documentation) Fixed minor documentation bugs,src/Rose/BinaryAnalysis/Architecture,drop,BinaryAnalysis dropped in REX.
4971f9ec89ae61e8fa818041d755c41953a4e801,2024-11-13,(SageInterface) Improve moveCommentsToNewStatement,src/frontend/SageIII/sageInterface/sageInterface.C src/frontend/SageIII/sageInterface/sageInterface.h,pick,Already present in REX.
d263b466fa51807301b91976aff439ec642eff45,2024-11-13,(SageInterface) Limit moveCommentsToNewStatement to C and C++,src/frontend/SageIII/sageInterface/sageInterface.C,pick,Already present in REX.
4b10f7aa5ac9b9902f7c22bcc279e79d1add1e8b,2024-11-13,(Release) Incremented version to 0.11.145.174,ROSE_VERSION,pick-partial,ROSE_VERSION already 0.11.145.195; skipped EDG_VERSION/configure/SCM_DATE.
9fcbbe25e328cf1a39d13a2e9e80f67ea3f49c78,2024-11-15,(C++) Add proper type inference for array references,src/AstNodes/Expression/SgPntrArrRefExp.C,pick,Already present in REX.
1301600a1cd5e1368f4bb510e0a1214b872e3b35,2024-11-15,(C++) Address revisions in merge request 526,src/AstNodes/Expression/SgPntrArrRefExp.C,pick,Already present in REX.
3bd48934759dda722471c6ab8ada7b8c23d09752,2024-11-15,(Release) Incremented version to 0.11.145.175,ROSE_VERSION,pick-partial,ROSE_VERSION already 0.11.145.195; skipped EDG_VERSION/configure/SCM_DATE.
62d47ba23ee9d8171cb08d6caab05cb88e439f45,2024-11-15,(Libadalang) Operator generation,src/frontend/Experimental_Ada_ROSE_Connection,drop,Ada and Libadalang dropped in REX.
14ec45dbb0bcec01ff6618df78ba2a26eb76efaf,2024-11-16,(Binary Analysis) MC produces monochrome instructions for YAML and SARIF,src/Rose/BinaryAnalysis,drop,BinaryAnalysis dropped in REX.
554c380fce796a07e9222597131035684a6f5c41,2024-11-16,(Binary Analysis) Do not test architectures by name,src/Rose/BinaryAnalysis,drop,BinaryAnalysis dropped in REX.
119fa45cbad32db890df0bd1132da4c10ed4ce15,2024-11-16,(Documentation) Improvements to binary analysis main page,docs/Rose/BinaryAnalysis,drop,BinaryAnalysis dropped in REX.
cedf62e935936d631b43ee943aa30820353d5695,2024-11-16,(Release) Incremented version to 0.11.145.176,ROSE_VERSION,pick-partial,ROSE_VERSION already 0.11.145.195; skipped EDG_VERSION/configure/SCM_DATE.
6bf6eed505e3c97ca548f35a0f4f39c865864be1,2024-11-17,(Support) Consistent way to down cast pointers,src/Rose/As.h src/Rose/CMakeLists.txt,pick-partial,Kept std::shared_ptr and raw pointer support; skipped Boost and Sawyer and autotools; already present.
6a1dcd7a6f35809ecf8e00daab599a8756697faa,2024-11-17,(Binary Analysis) All smart ptrs use same dynamic casting function,src/Rose/BinaryAnalysis,drop,BinaryAnalysis dropped in REX.
2c1b355d50e926187fa9c258ae2b086e57ebc268,2024-11-18,(Release) Incremented version to 0.11.145.177,ROSE_VERSION,pick-partial,ROSE_VERSION already 0.11.145.195; skipped EDG_VERSION/configure/SCM_DATE.
642b906a31a17ec62a630d6e549ecb073f3838bd,2024-11-19,(SideEffectAnalysis) Fix seg fault for static member functions,src/midend/astUtil/astInterface/AstInterface.C,pick,Already present in REX.
c8ff046d95ad9484a09d068256af3df9eb46b84e,2024-11-19,(Release) Incremented version to 0.11.145.178,ROSE_VERSION,pick-partial,ROSE_VERSION already 0.11.145.195; skipped EDG_VERSION/configure/SCM_DATE.
8398d0c46479b4c4f6874312afd560693fcf3eab,2024-11-19,(CodeThorn) Fix recursion error for diagnostics,tools/CodeThorn,drop,CodeThorn dropped in REX.
6f871a19b924c06479f7ecc46fa761f001d661e5,2024-11-20,(CMake) Fix detection of quadmath,CMakeLists.txt src/CMakeLists.txt src/frontend/CxxFrontend/EDG,drop,EDG dropped in REX; skip quadmath changes tied to EDG.
022062b0b6607c3e52d27852a6dc9aff99750fe4,2024-11-20,(Testing) Change trigger for CMake testing,.gitlab-ci.yml,drop,GitLab CI config not used in REX.
c958ac7acb1479eacd765365e3c4586fdc242899,2024-11-20,(Jovial) Implement FLOATRELPRECISION FloatingMachineParameter,src/frontend/Experimental_Jovial_ROSE_Connection,drop,Jovial components dropped in REX.
04171846fe7c6d55b7f341489a8b0797dc760d2d,2024-11-20,(Release) Incremented version to 0.11.145.179,ROSE_VERSION,pick-partial,ROSE_VERSION already 0.11.145.195; skipped EDG_VERSION/configure/SCM_DATE.
1d62cbb299cac75dc53e9fcd87c519fc4cd1ae1d,2024-11-20,(Cil) Support exception handler unparsing,src/backend/unparser,drop,Cil support dropped in REX.
02c0f7ec84a11b5602407d9508ececae79ed4fc4,2024-11-21,(Release) Incremented version to 0.11.145.180,ROSE_VERSION,pick-partial,ROSE_VERSION already 0.11.145.195; skipped EDG_VERSION/configure/SCM_DATE.
7c4eb46c6ee346de346f9eb5f917a7bc7bdcf844,2024-11-21,(Engineering) Fixed compiler warnings,src/frontend/SageIII/Utf8.C src/frontend/ECJ_ROSE_Connection/JavaParserActionROSE.C,pick-partial,Kept Utf8 change only; Java frontend dropped; already present.
3e4a2bfc21162bc7eb1474ffae6d9e0dba593c90,2024-11-22,(Engineering) Fixed compiler warnings,src/frontend/OpenFortranParser_SAGE_Connection/FortranParserActionROSE.C src/frontend/SageIII/sage_support/sage_support.C,pick,Already present in REX.
fe852ee388d7a2466b20471fdd113954c86d1aa8,2024-11-22,(Engineering) Fixed compiler warnings remove dead code,src/frontend/SageIII/sage_support/cmdline.C src/frontend/SageIII/sage_support/sage_support.C,pick,Already present in REX.
8fb4ab515b665c640fe04580da43994567231c29,2024-11-22,(Release) Incremented version to 0.11.145.181,ROSE_VERSION,pick-partial,ROSE_VERSION already 0.11.145.195; skipped EDG_VERSION/configure/SCM_DATE.
8b63fdb6be7fe6475aa6d41597915632b6cf5fdb,2024-11-23,(Libadalang) Unit Providers,src/frontend/Experimental_Ada_ROSE_Connection,drop,Ada and Libadalang dropped in REX.
4cf1412edbd7c97f120e576af7b1b3471e1faa6e,2024-11-23,(Libadalang) Unit provider fixes and more Attributes,src/frontend/Experimental_Ada_ROSE_Connection,drop,Ada and Libadalang dropped in REX.
838d34e4594f50ef547496056078575dcf51635b,2024-11-23,(Libadalang) TargetName and QuantifiedExpr stubs and System include files,src/frontend/Experimental_Ada_ROSE_Connection,drop,Ada and Libadalang dropped in REX.
ca4a407d9dc16444207c807704d952a8fa362134,2024-11-23,(Libadalang) More system include fixes,src/frontend/Experimental_Ada_ROSE_Connection,drop,Ada and Libadalang dropped in REX.
7ae391a709fabfa6498de348f330d186fb77be56,2024-11-23,(Testing) Adding more info to rose-config,src/Makefile.am,drop,Autotools inventory only; not ported to CMake.
bfd12dd9e94d9dda4e4dddd86115da450912d4ff,2024-11-23,(Release) Incremented version to 0.11.145.182,ROSE_VERSION,pick-partial,ROSE_VERSION already 0.11.145.195; skipped EDG_VERSION/configure/SCM_DATE.
7bbb60f0846cfdb22f5afcecd3b778d0f9b12e5a,2024-11-24,(Jovial) Implement FLOATUNDERFLOW FloatingMachineParameter,src/frontend/Experimental_Jovial_ROSE_Connection,drop,Jovial components dropped in REX.
202a897bb5f6213feeebc174ef990f9a7e72a3d7,2024-11-25,(Release) Incremented version to 0.11.145.183,ROSE_VERSION,pick-partial,ROSE_VERSION already 0.11.145.195; skipped EDG_VERSION/configure/SCM_DATE.
ef6aa6d45c263bf4d39801d2346c2fd44990bd21,2024-11-26,(Rose) Add ROSE_FALLTHROUGH macro for switch case,src/util/ROSE_FALLTHROUGH.h,pick-partial,Header kept; skipped Makefile.am; already present.
ecbc1ea33a334b137e462112aef9829e519add31,2024-11-26,(Testing) Fix rose-config variable names,src/Makefile.am,drop,Autotools inventory only; not ported to CMake.
842d88aeaad8a894a12f5ffb2fe33ea917ab1df8,2024-11-26,(Release) Incremented version to 0.11.145.184,ROSE_VERSION,pick-partial,ROSE_VERSION already 0.11.145.195; skipped EDG_VERSION/configure/SCM_DATE.
f2da85fe8c4357faee486404a2b80f8e75c31b54,2024-11-27,(Support) Generic switch group named general,src/Rose/CommandLine/Parser.C,drop,Rose::CommandLine dropped in REX.
27e2f12209419289a0a08d877c91dfca17f7cd00,2024-11-27,(Support) ASSERT macros emit stack trace,src/Sawyer/Assert.C,drop,Sawyer dropped in REX.
850e6b7018ab4e469d3d2480491aa9eb8c0211b4,2024-11-27,(Binary Analysis) Test architectures by type not name,src/Rose/BinaryAnalysis,drop,BinaryAnalysis dropped in REX.
cc90f7ad6a8d1b56cb282084e12ee0555956b161,2024-11-27,(Binary Analysis) Move implementations from h to C,src/Rose/BinaryAnalysis,drop,BinaryAnalysis dropped in REX.
035f7574d55d00a33482867956a7145d31f4e042,2024-11-27,(Engineering) Fixed compiler warnings for boost 1.86,src/Rose/BinaryAnalysis src/Sawyer,drop,BinaryAnalysis and Sawyer dropped in REX.
6110e7299658162c76bc0c33b8117e3ef43cc5ad,2024-11-27,(Warnings) Fix reorder warnings,src/midend/astUtil/astInterface/AstInterface.h,pick,Already present in REX.
f3838b4a087f057f69b6f5ad4aa161b2d727141b,2024-11-27,(Warnings) Fix unused parameter warnings,src/midend/astUtil/astSupport/StmtInfoCollect.C src/midend/astUtil/astSupport/StmtInfoCollect.h,pick,Already present in REX.
c5da3189adfe6326216751ffab7583775fdf7fd1,2024-11-27,(Release) Incremented version to 0.11.145.185,ROSE_VERSION,pick-partial,ROSE_VERSION already 0.11.145.195; skipped EDG_VERSION/configure/SCM_DATE.
d5e7493d807677ed13c6a82da13e747f45f6f873,2024-11-27,(Warnings) ROSE CodeThorn warnings fix,tools/CodeThorn,drop,CodeThorn dropped in REX.
8a14ae1b1a1063f23f8887307ba16d7908dff12d,2024-11-28,(CodeThorn) Improve diagnostic messages,tools/CodeThorn,drop,CodeThorn dropped in REX.
06064b3287560ac65a5373b112a02841a232044f,2024-11-28,(Release) Incremented version to 0.11.145.186,ROSE_VERSION,pick-partial,ROSE_VERSION already 0.11.145.195; skipped EDG_VERSION/configure/SCM_DATE.
4e019657d63321e10524afbce9be94936ca10eb1,2024-11-28,(Policy) Reworded a Rose namespace policy,scripts/policies/RoseNamespace.pl,pick,Already present in REX.
a136eca0a889b48abb34a7ae6f8df7585d3e96c2,2024-11-28,(Binary Analysis) Semantic states can have unlimited address spaces,src/Rose/BinaryAnalysis,drop,BinaryAnalysis dropped in REX.
6b850d3b2455d126282cfe888ac133fd55fa0510,2024-11-29,(Release) Incremented version to 0.11.145.187,ROSE_VERSION,pick-partial,ROSE_VERSION already 0.11.145.195; skipped EDG_VERSION/configure/SCM_DATE.
6851b4e19dab2ff6e49ccb516bd749e0f524ed20,2024-12-02,(Unit Tests) Fixed infinite name qualification bug,src/backend/unparser src/frontend/SageIII/sageInterface src/ROSETTA/Grammar/Support.code,pick,Already present in REX.
574b767c78828a263891132fb64119afcd401357,2024-12-03,(Support) Upgrade to Sawyer release 0.4.7,src/Sawyer/*,drop,Sawyer dropped in REX.
ea6022e21c59c9689e980c4e622675fa64eed46c,2024-12-03,(Binary Analysis) Improved some documentation,src/Rose/BinaryAnalysis/Partitioner2/Partitioner.h,drop,BinaryAnalysis dropped in REX.
b856f089915eed26de8290cc4daa9accbf7c7f98,2024-12-03,(codethorn) support memory pool as source for CHA,tools/CodeThorn/*; src/frontend/SageIII/sageInterface/sageGeneric.h,pick-partial,CodeThorn dropped in REX; sageGeneric.h change is whitespace-only.
b452d9222ce2c24e5da80301273e9ce184845716,2024-12-03,(Release) Incremented version to 0.11.145.188,ROSE_VERSION,pick-partial,Updated ROSE_VERSION only; skipped EDG_VERSION/configure/SCM_DATE.
154e5e36eb5c8b8bf2d024f4f26e206bc24ac90b,2024-12-04,(Libadalang) Small Fixes & Parent Packages,src/frontend/Experimental_Libadalang_ROSE_Connection/*,drop,Ada/Libadalang components dropped in REX.
0da54821da9c5d3b25804fe372dc86111ba32281,2024-12-06,(warnings) Fix override warning,src/midend/astUtil/astSupport/StmtInfoCollect.h,pick,Marked AppendVariableDecl override in StmtSideEffectCollect.
5f573714c9c8ce982410dafa8c5d8f84326a976b,2024-12-06,(Engineering) Fixed compiler warnings,src/frontend/ECJ_ROSE_Connection/JavaParserActionROSE.C,drop,Java frontend dropped in REX.
536f0738f1de4b79154e7631ad228dcd99b9833e,2024-12-06,(Release) Incremented version to 0.11.145.189,ROSE_VERSION,pick-partial,Updated ROSE_VERSION only; skipped EDG_VERSION/configure/SCM_DATE.
0a1367335c5fde16d006f0ab3210c0a8c03271df,2024-12-11,(CMake) Fix New Bugs,CMakeLists.txt; src/ROSETTA/src/CMakeLists.txt; src/Rosebud/CMakeLists.txt,drop,CMake changes add Boost/OS-specific/Rosebud handling; REX is Linux-only; avoids Boost; and Rosebud is dropped; keep existing quadmath/linking logic.
906bcfad0354b6ce5e863be32e5cb5956ebabbd2,2024-12-11,(CMake) Prioritize GCC_LIB_DIRS; fix rpath for escapade,CMakeLists.txt; src/CMakeLists.txt,drop,Touches Boost/Ada and rose-config rpath; REX avoids Boost/Ada and uses existing Linux-only CMake logic.
002d14269b478b40a90e25ac814f15a60b4eb892,2024-12-11,(CMake) Write all AM variables to rose-config.cfg for new testing interface,src/CMakeLists.txt,drop,Adds AM_* flags for dropped languages/platforms and Boost/EDG; keep REX rose-config.cfg and avoid reintroducing drop-list components.
e9ba7cd1f1aaceb2116c3313b6c539f43caa978b,2024-12-11,(CMake) Fix CMake after Rebase,CMakeLists.txt,drop,Comment-only tweak in quadmath/EDG block; no functional change needed for REX.
4436e3fb6d7e11fe4e4c6551dcf63aad923bd3d6,2024-12-11,(Release) Incremented version to 0.11.145.190,ROSE_VERSION,pick-partial,Updated ROSE_VERSION only; skipped EDG_VERSION/configure/SCM_DATE.
d41a0eaf354d7c3cd14193751cb3eca83aaad3bb,2024-12-12,(Engineering) Fixed some compiler warnings for LLVM 18,src/Sawyer/Sawyer.h; tools/BinaryAnalysis/bat-simplify.C,drop,Sawyer/BinaryAnalysis dropped in REX.
a26e2b78b6284254c3835ed122de5fa501237168,2024-12-12,(Binary Analysis) Disassembler short reads produce exceptions; src/Rose/BinaryAnalysis/Disassembler/{Cil; M68k,X86}.C,drop,BinaryAnalysis dropped in REX.
1fc5e204cf617496176c921b956f14502afe5d7f,2024-12-12,(Support) Create minimal RHEL 9 binary analysis install script,scripts/rhel-install; scripts/rhel-install-nointernet,drop,BinaryAnalysis install script; REX does not ship binary analysis tooling.
eb022177bcfd0cb9e42be3640082e87c4105a8a3,2024-12-12,(Libadalang) Fix scope mangling; Fix use clause,src/frontend/Experimental_Libadalang_ROSE_Connection/*; src/frontend/SageIII/manglingSupport.C,drop,Ada/Libadalang dropped in REX; avoid Ada-specific mangling change.
e65fa16ea496397f292249155f617533883b4ad0,2024-12-12,(totalOrderOfHeaders) removed the duplicated one,utilities/totalOrderOfHeaders/*,drop,utilities/ is dropped in REX.
4a205495977f59a00fc3509240e6eb00d55956d1,2024-12-12,(Release) Incremented version to 0.11.145.191,ROSE_VERSION,pick-partial,Updated ROSE_VERSION only; skipped EDG_VERSION/configure/SCM_DATE.
7f0c19d4cbf7b8f89a767b6cf150c3e57216c0e3,2024-12-13,(cmake) Fixing linking issue related to stack backtrace,CMakeLists.txt; cmake/ConfigureChecks.cmake,drop,Boost backtrace linking; Boost is dropped in REX.
ef9a01eba2d6539579a83be3f543ca78187450b2,2024-12-13,(Jovial) Item declaration lost,src/frontend/Experimental_Jovial_ROSE_Connection/ATermToSageJovialTraversal.C,drop,Jovial components dropped in REX.
3cb62e74b48d79d7927d469fd44f71c455f25dae,2024-12-13,(AstDiff) Fix infinite recursion in AstIdentifical in AstInterface,src/midend/astUtil/astInterface/AstInterface.C,drop,AstIdentical not present in REX.
cf9f0f1a59d4ceaec84c1c58f01b435674a50e8b,2024-12-13,(Release) Incremented version to 0.11.145.192,ROSE_VERSION,pick-partial,Updated ROSE_VERSION only; skipped EDG_VERSION/configure/SCM_DATE.
c842b707c29cbfd7cc2bc9cb59f08557aaef1922,2024-12-13,"(Support) Add ""R"" to ""LESS"" before emitting documentation",src/Sawyer/DocumentPodMarkup.C,drop,Sawyer dropped in REX.
a968920224a15a9b40d04bc46c52bb48d77b81fd,2024-12-13,(Binary Analysis) Assembly color adjustments; src/Rose/BinaryAnalysis/Unparser/{Base.C,Settings.h},drop,BinaryAnalysis dropped in REX.
2c1754dbae6aa7c2fde928702715ff5043814846,2024-12-15,(SideEffectAnalysis) Support interprocedural analysis via dependence tracking,CMakeLists.txt; src/midend/astUtil/*; src/midend/programAnalysis/*; src/midend/programTransformation/loopProcessing/*,pick,Applied side-effect API updates; dependenceTracking integration; and AST_NULL/AST_UNKNOWN handling.
9d3e4855419a7fd40590ffe1efeb9ac4eb757e01,2024-12-15,(diagnostics) better diagnostics output for thorn2,tools/CodeThorn/*,drop,CodeThorn dropped in REX.
f6cb02a63a7e4a26ac48de16d20c2db503b551f5,2024-12-15,(Ada) unparse use type formal-type; src/backend/unparser/AdaCodeGeneration/*; src/frontend/SageIII/sageInterface/{sageGeneric.h,sageInterfaceAda.C},drop,Ada support dropped in REX.
17fdd9794309cb74f2d9d35bac16e74189652bbd,2024-12-15,(Release) Incremented version to 0.11.145.193,ROSE_VERSION,pick-partial,Updated ROSE_VERSION only; skipped EDG_VERSION/configure/SCM_DATE.
ce608872f370ed7d2c31f5042187fab29414f5b2,2024-12-16,(Support) Command-line parsing Bool switch to optional bool; src/Rose/CommandLine/Parser.{C,h},drop,src/Rose/CommandLine is dropped in REX.
60f03d968486201940fa9a94ef48045d4e740f07,2024-12-17,(Jovial) Forward reference not found for subproc; src/frontend/Experimental_General_Language_Support/SageTreeBuilder.{C,h},drop,Jovial components dropped in REX.
8682a6ef373e61e3eaa17adacff5cfc4046766fa,2024-12-17,(Jovial) Segmentation fault on partial include; src/frontend/Experimental_General_Language_Support/{ModuleBuilder.C; SageTreeBuilder.{C,h}}; src/frontend/Experimental_Jovial_ROSE_Connection/ATermToSageJovialTraversal.C,drop,Jovial components dropped in REX.
2c09aa93cc3a86ecb5d0d24baa4a75818ee66851,2024-12-17,(Jovial) Status case sensitivity; src/frontend/Experimental_General_Language_Support/SageTreeBuilder.C; src/frontend/Experimental_Jovial_ROSE_Connection/ATermToSageJovialTraversal.{C,h},drop,Jovial components dropped in REX.
e127bb670885687d1391bae59521393cd6e3d8eb,2024-12-17,(SideEffectAnalysis) Add dataflow details for function calls; src/midend/astUtil/astInterface/AstInterface.C; src/midend/astUtil/astSupport/StmtInfoCollect.{C,h},pick,Applied null guards in AstInterface; main naming fix; and call-arg dataflow details.
a64ea5a0d95c9b5140f7fb25b1d72bc82e3bf07f,2024-12-17,(Release) Incremented version to 0.11.145.194,ROSE_VERSION,pick-partial,Updated ROSE_VERSION only; skipped EDG_VERSION/configure/SCM_DATE.
3ceb4e46120598cf4112e961a4b61ab4eddfcf2b,2024-12-17,(Jovial) Pointer Conversion,src/backend/unparser/JovialCodeGeneration/unparseJovial_expressions.C; src/frontend/Experimental_Jovial_ROSE_Connection/ATermToSageJovialTraversal.C,drop,Jovial components dropped in REX.
0d3912e7631633826fc48a905a345026bda91245,2024-12-17,(Jovial) Alternate cast syntax,src/3rdPartyLibraries/experimental-jovial-parser/*,drop,Jovial parser dropped in REX.
c422942c29f169193428f3d870424b1db891e7e9,2024-12-18,(AstDiff) Fix null pointer dereference in AstIdentical in AstInterface; src/midend/astUtil/astInterface/AstInterface.{C,h},drop,AstIdentical not present in REX.
5be565359d9079896fdaff6c34bd5a602deeecb7,2024-12-18,(Release) Incremented version to 0.11.145.195,ROSE_VERSION,pick-partial,Updated ROSE_VERSION only; skipped EDG_VERSION/configure/SCM_DATE.
eea68835483e7c6dcd0ed1e2cc228192fca14427,2024-12-20,(Tup) Build and install new astUtil files for ::AstUtilInterface,Tuprules.tup src/midend/astUtil/Tupfile,drop,Tup build system dropped in REX.
6e71a3be584a97aa5712e4ecff6c131a5e5b04a2,2024-12-20,(Binary Analysis) Combine VxCore segments when reading,src/Rose/BinaryAnalysis/MemoryMap.C src/Rose/BinaryAnalysis/MemoryMap.h src/frontend/BinaryFormats/BinaryVxcoreParser.C,drop,Binary analysis dropped in REX.
a33b32344a8743b813c01d04544cc7b5bdde8e68,2024-12-20,(Documentation) Fixed doxygen comment bugs,docs/DoxygenSettings/* src/Rose/BinaryAnalysis/* src/Sawyer/AddressMap.h src/Rose/Diagnostics.h,drop,Documentation update touches BinaryAnalysis and Sawyer; dropped components in REX.
aa867ef0206e6d6fba85fba3937b8c2f1dd93aa8,2024-12-20,(ada) fix range comp of subtypes and null constr,src/frontend/SageIII/sageInterface/sageInterfaceAda.C,drop,Ada support dropped in REX.
e39fd63477d0343303644e09859e8c6a8afc4e9f,2024-12-20,(Jovial) Table Array Reference,src/backend/unparser/JovialCodeGeneration/* src/frontend/Experimental_Jovial_ROSE_Connection/*,drop,Jovial components dropped in REX.
c5d38bae5ad24f652c4820f245bf40208557f563,2024-12-20,(DependenceTracking) Support clearing and revision of dependences,src/midend/astUtil/AstUtilInterface.C src/midend/astUtil/astInterface/AstInterface.h src/midend/astUtil/dependenceTracking/*,pick-partial,Applied dependence tracking updates; AstNodeType comment skipped due to REX divergence.
d50ac6e311f580e83b24cb7def140e6b7c5bb65f,2024-12-20,(Release) Incremented version to 0.11.145.196,ROSE_VERSION config/SCM_DATE configure.ac src/frontend/CxxFrontend/EDG_VERSION,pick-partial,Updated ROSE_VERSION only; skipped EDG_VERSION configure SCM_DATE.
d5a42952b44ce4ddd8e21d6fa3f081f6526af6c7,2024-12-20,(Jovial) Failure on special character,src/3rdPartyLibraries/experimental-jovial-parser/*,drop,Jovial components dropped in REX.
d71175d18598d1e821bdf5548050d87906a50549,2024-12-21,(Engineering) Fix compiler warnings issued by (Apple) clang,src/Rose/BinaryAnalysis/MemoryMap.C,drop,Binary analysis dropped in REX.
44e9a2f3334c600575498c6a23c33cd517a9a664,2024-12-21,(Release) Incremented version to 0.11.145.197,ROSE_VERSION config/SCM_DATE configure.ac src/frontend/CxxFrontend/EDG_VERSION,pick-partial,Updated ROSE_VERSION only; skipped EDG_VERSION configure SCM_DATE.
5643299998009c64641dc962e91f6355d5d535f2,2024-12-24,(Annotations) Support reading of annotations encoded as dependences,src/midend/astUtil/annotation/AnnotExpr.C src/midend/astUtil/annotation/AnnotExpr.h src/midend/astUtil/annotation/OperatorAnnotation.h src/midend/astUtil/astInterface/AstInterface.C src/midend/astUtil/dependenceTracking/dependence_analysis.C src/midend/astUtil/symbolicVal/SymbolicVal.C src/midend/astUtil/symbolicVal/SymbolicVal.h,pick,Applied SymbolicVal unknown/null handling and annotation debug logging.
ee2453bac91e371c607c57502cc93924bd73da81,2024-12-24,(Release) Incremented version to 0.11.145.198,ROSE_VERSION config/SCM_DATE configure.ac src/frontend/CxxFrontend/EDG_VERSION,pick-partial,Updated ROSE_VERSION only; skipped EDG_VERSION configure SCM_DATE.
df9a1009c53c1cef96a658053b5f0f24493c73a9,2024-12-25,(Engineering) Fix compiler warnings issued by (Apple) clang,src/midend/astUtil/AstUtilInterface.C src/midend/astUtil/astSupport/StmtInfoCollect.h,pick,Removed unused captures and added override or unused param markers.
2fb229f7556493e4df707b60a8ad977c7910cdc4,2024-12-25,(Release) Incremented version to 0.11.145.199,ROSE_VERSION config/SCM_DATE configure.ac src/frontend/CxxFrontend/EDG_VERSION,pick-partial,Updated ROSE_VERSION only; skipped EDG_VERSION configure SCM_DATE.
0a494b7bfc8cdaf3d66e13e491fd74b931cee7e1,2024-12-26,(Engineering) Fix compiler warnings issued by (Apple) clang,src/frontend/SageIII/astPostProcessing/fixupUseAndUsingDeclarations.C,pick,Silenced unused parameter; cleaned dead code.
79cd51eb3d544b3541bdf7b501e05d77baf6ac5a,2024-12-27,(Engineering) Fix compiler warnings issued by (Apple) clang,src/midend/programTransformation/singleStatementToBlockNormalization/SingleStatementToBlockNormalization.C,pick,Silenced unused parameter.
85ba590560ea262662ae0a8d76bf73f2b6b15cc5,2024-12-27,(Release) Incremented version to 0.11.145.200,ROSE_VERSION config/SCM_DATE configure.ac src/frontend/CxxFrontend/EDG_VERSION,pick-partial,Updated ROSE_VERSION only; skipped EDG_VERSION configure SCM_DATE.
b2fbf5d858e4a73743efa6c76a9be8c13e2fa9c6,2024-12-27,(Engineering) Fix compiler warnings issued by (Apple) clang,src/frontend/SageIII/astPostProcessing/fixupInitializers.C,pick,Removed dead debug blocks and silenced unused params.
156f54ba09fc39578a0910edb71034dcfb451af5,2024-12-28,(Jovial) At Operator,src/backend/unparser/languageIndependenceSupport/unparseLanguageIndependentConstructs.C src/frontend/Experimental_Jovial_ROSE_Connection/ATermToSageJovialTraversal.C,drop,Jovial components dropped in REX; skip Jovial-specific unparser tweak.
94973a007c0e4b84cf6325bfcbd6638f26c4e686,2024-12-28,(SageInterface) support end_of in moveCommentsToNewStatement(),src/frontend/SageIII/sageInterface/sageInterface.C,pick,Allow end_of preprocessing info when moving comments.
9646cbb8a62e3b556002b02bbf78cb4b9ffeac0d,2024-12-28,(SageInterface) fix handling of preprocessing info,src/frontend/SageIII/sageInterface/sageInterface.C,pick,Prevent climbing scopes; adjust inside preprocessing ordering.
3c6d53a73ae47cb0c9ebdbbfaee649e451742077,2024-12-28,(Release) Incremented version to 0.11.145.201,ROSE_VERSION config/SCM_DATE configure.ac src/frontend/CxxFrontend/EDG_VERSION,pick-partial,Updated ROSE_VERSION only; skipped EDG_VERSION configure SCM_DATE.
a0ac730fda4b0c5b5030db94a41816ce7d97e839,2024-12-28,(Engineering) Fix compiler warnings issued by (Apple) clang,src/roseSupport/transformationSupport.C,drop,File not present in REX; avoid reintroducing removed module.
c86fa522cb366695c1514946bc08feb458e67a6a,2024-12-29,(Release) Incremented version to 0.11.145.202,ROSE_VERSION config/SCM_DATE configure.ac src/frontend/CxxFrontend/EDG_VERSION,pick-partial,Updated ROSE_VERSION only; skipped EDG_VERSION configure SCM_DATE.
ee97cc047975d93478902b318352261e366caa29,2025-01-03,(WholeProgramAnalysis) Fix parameter substitution in annotations,src/midend/astUtil/AstUtilInterface.C src/midend/astUtil/AstUtilInterface.h src/midend/astUtil/annotation/OperatorAnnotation.h src/midend/astUtil/annotation/OperatorDescriptors.C src/midend/astUtil/annotation/OperatorDescriptors.h src/midend/astUtil/astInterface/AstInterface.C src/midend/astUtil/astInterface/AstInterface.h src/midend/astUtil/astSupport/StmtInfoCollect.C src/midend/astUtil/dependenceTracking/dependence_analysis.C src/midend/astUtil/dependenceTracking/dependence_analysis.h,pick,Added parameter handling and fixed annotation substitution paths.
5371f4e689163562a03cf72d759e2e40b6fb9eec,2025-01-07,(Engineering) Fix compiler warnings issued by (Apple) clang,src/midend/astProcessing/plugin.h,pick,Silenced unused parameter.
7107cef17fcd705a96017dc0f4e153b948114f59,2025-01-07,(Release) Incremented version to 0.11.145.203,ROSE_VERSION config/SCM_DATE configure.ac src/frontend/CxxFrontend/EDG_VERSION,pick-partial,Updated ROSE_VERSION only; skipped EDG_VERSION configure SCM_DATE.
f6c9ad7595204985532a48bb1405f64509e6a33c,2025-01-07,(Engineering) Fix compiler warnings issued by (Apple) clang,src/roseSupport/utility_functions.C,drop,File not present in REX; avoid reintroducing removed module.
41d3ac91f4f1271a02c3db14408fe3788edaf198,2025-01-08,(Release) Incremented version to 0.11.145.204,ROSE_VERSION config/SCM_DATE configure.ac src/frontend/CxxFrontend/EDG_VERSION,pick-partial,Updated ROSE_VERSION only; skipped EDG_VERSION configure SCM_DATE.
98159366bc6555ab2f20970f6f1ab123cf429a62,2025-01-08,(Engineering) Fix compiler warnings issued by (Apple) clang,src/roseSupport/utility_functions.C,drop,File not present in REX; avoid reintroducing removed module.
815b99db280788deb3c8cfd4d12a82faa6d7fec0,2025-01-10,(WholeProgramAnalysis) Fix finding variables from signatures,src/midend/astUtil/astInterface/AstInterface.C src/midend/astUtil/astInterface/AstInterface_ROSE.h,pick,Improved qualified lookup and variable scope handling.
2654f5c53afbed1fd49d688358580bf73ce949e3,2025-01-10,(Release) Incremented version to 0.11.145.205,ROSE_VERSION config/SCM_DATE configure.ac src/frontend/CxxFrontend/EDG_VERSION,pick-partial,Updated ROSE_VERSION only; skipped EDG_VERSION configure SCM_DATE.
b4d852baa48ad738045e2d5cca95949af50f7af2,2025-01-14,(CMake) Fix typo in comment,CMakeLists.txt,pick,Already present in REX.
63037897ca6b18b66634204e2952b2c8134af2f2,2025-01-14,(SARIF) Emit trailing brace for ROSE::Sarif::Artifact,src/Rose/Sarif/Artifact.C,drop,SARIF dropped in REX.
69f7e7d6219932de9a59cd8c9f96b285142d1296,2025-01-14,(CMake) Compile all standalone tests with a cmake-installed rose,CMakeLists.txt cmake/ConfigureChecks.cmake rose_config.h.in.cmake src/CMakeLists.txt src/Rose/CMakeLists.txt src/frontend/SageIII/CMakeLists.txt src/midend/CMakeLists.txt src/midend/astUtil/CMakeLists.txt src/midend/astUtil/astSupport/CMakeLists.txt src/midend/programAnalysis/CMakeLists.txt src/midend/programAnalysis/CallGraphAnalysis/CMakeLists.txt src/midend/programAnalysis/ssaUnfilteredCfg/CMakeLists.txt src/midend/programTransformation/loopProcessing/CMakeLists.txt src/midend/programTransformation/loopProcessing/driver/CMakeLists.txt src/midend/programTransformation/ompLowering/CMakeLists.txt,drop,Touches EDG and Windows-specific logic; BinaryAnalysis and Rose/Traits dropped; skip.
174fe030a7e07caa7b21e8478aab00c9ee1b51bc,2025-01-14,(Doxygen) turn on svg call graphs,docs/Rose/rose.cfg.in,drop,Reverted upstream in 87eb78f2; skip Ada entry in Doxygen inputs.
8e27609ef8a795d9670f591428180da9b32024d7,2025-01-14,(WholeProgramAnalysis) Fix lookup of class declarations..,src/midend/astUtil/astInterface/AstInterface.C src/midend/astUtil/astInterface/AstInterface_ROSE.h,pick,Use LookupNestedDeclaration; remove LookupClass and GetClass; adjust GetRoot.
cfff3f3350bc9ec55ee16b7e60d05db161b4d164,2025-01-14,(Release) Incremented version to 0.11.145.206,ROSE_VERSION config/SCM_DATE configure.ac src/frontend/CxxFrontend/EDG_VERSION,pick-partial,Updated ROSE_VERSION only; skipped EDG_VERSION configure SCM_DATE.
d103e2cd24938333ceac9538ec15ca961eb1b203,2025-01-14,(Jvm) Implement jar file handling,src/Rose/BinaryAnalysis/Partitioner2/EngineJvm.C src/Rose/BinaryAnalysis/Partitioner2/EngineJvm.h src/Rose/BinaryAnalysis/Partitioner2/ModulesJvm.C src/Rose/BinaryAnalysis/Partitioner2/ModulesJvm.h src/backend/unparser/unparser.C,drop,BinaryAnalysis and JVM support dropped in REX.
696f808e392278a997927d09b19274ff5b4e709b,2025-01-15,(Engineering) Fix compiler warnings issued by (Apple) clang,src/roseSupport/utility_functions.C,drop,File not present in REX; avoid reintroducing removed module.
5efccf97ab8aa0688cbf2d239da243fe0e68ccde,2025-01-15,(Release) Incremented version to 0.11.145.207,ROSE_VERSION config/SCM_DATE configure.ac src/frontend/CxxFrontend/EDG_VERSION,pick-partial,Updated ROSE_VERSION only; skipped EDG_VERSION configure SCM_DATE.
4df3fe09b1f3817e7fced1abce74a57302213c8d,2025-01-15,(Engineering) Fix compiler warnings issued by (Apple) clang,src/Rose/BinaryAnalysis/RegisterDictionary.h,drop,BinaryAnalysis dropped in REX.
dd58ae4f2342bf522f2aa2bacac026ab1a31b19b,2025-01-16,(Release) Incremented version to 0.11.145.208,ROSE_VERSION config/SCM_DATE configure.ac src/frontend/CxxFrontend/EDG_VERSION,pick-partial,Updated ROSE_VERSION only; skipped EDG_VERSION configure SCM_DATE.
84890b281176fad4aaa8673567feac69df912cac,2025-01-16,(Engineering) Fix compiler warnings issued by (Apple) clang,src/util/Map.h,drop,File not present in REX.
c7d8c058702100795115a6353ae20ad6696aae92,2025-01-17,(Engineering) Fix compiler warnings issued by (Apple) clang,src/roseSupport/utility_functions.C,drop,File not present in REX; avoid reintroducing removed module.
a32e61cc564eec85eb9c2a00dd6d8c2d012b659d,2025-01-17,(Release) Incremented version to 0.11.145.209,ROSE_VERSION config/SCM_DATE configure.ac src/frontend/CxxFrontend/EDG_VERSION,pick-partial,Updated ROSE_VERSION only; skipped EDG_VERSION configure SCM_DATE.
95ba2784e9fdc73c26680e25969a980a5225b16d,2025-01-18,(CMake) Turn on ctests until new CMake-Build-RHEL7.sh is merged,CMakeLists.txt,pick,Already present in REX.
9232adb3c239e898e0b98e46255d466cee5d0a11,2025-01-18,(Engineering) Fix compiler warnings issued by (Apple) clang,src/roseSupport/utility_functions.C,drop,File not present in REX; avoid reintroducing removed module.
d077cd14778163d11f7136655db6ca4b976b0141,2025-01-18,(Release) Incremented version to 0.11.145.210,ROSE_VERSION config/SCM_DATE configure.ac src/frontend/CxxFrontend/EDG_VERSION,pick-partial,Updated ROSE_VERSION only; skipped EDG_VERSION configure SCM_DATE.
4c30ae4677ef5a5f8e11fb157fd14b9c8bad4c79,2025-01-18,(Engineering) Fix compiler warnings issued by (Apple) clang,src/roseSupport/utility_functions.C,drop,File not present in REX; avoid reintroducing removed module.
d521dc7da654e5358b2d7ba0e9f4cba9db76ef16,2025-01-23,(Build) Fixed documentation typo in RHEL install script,scripts/rhel-install,drop,scripts/rhel-install not present in REX.
36203776ce93f49677d0141a6eee0a645988a92f,2025-01-23,(Support) Backtraces disabled by default; not available on macOS,src/Sawyer/Assert.C,drop,Sawyer and Boost backtraces dropped in REX; macOS support dropped.
0029ea99c8da43d8126e477b591f7d5c0f0f7e84,2025-01-23,(ProgramAnalysis) Use DependenceTable to save annotation.,src/midend/astUtil/AstUtilInterface.C src/midend/astUtil/AstUtilInterface.h src/midend/astUtil/dependenceTracking/dependence_analysis.C src/midend/astUtil/dependenceTracking/dependence_analysis.h src/midend/astUtil/dependenceTracking/dependence_table.C src/midend/astUtil/dependenceTracking/dependence_table.h,pick,Move side effect storage into DependenceTable; add annot_table pipeline.
87eb78f230dbace6ab9710c98cad99d9241ad43c,2025-01-23,(Doxygen) Revert changes of svg call graphs,docs/Rose/rose.cfg.in,pick,Reverted call graphs to NO; svg settings already at defaults.
99496a93f94acb939fb9a846d33438b546a80464,2025-01-23,(Engineering) Fix compiler warnings issued by (Apple) clang,src/midend/astRewriteMechanism/rewriteTreeTraversalImpl.h,drop,"astRewriteMechanism dropped in REX; removed AstRewrite chapter, AstRewriteExampleDirectory macros, and AstRewrite references in manuals and docs; removed astRewrite test comment."
d2fd0fdcfe55850b82bcd5b6ba0fadb92ed2e615,2025-01-23,(Release) Incremented version to 0.11.145.211,ROSE_VERSION config/SCM_DATE configure.ac src/frontend/CxxFrontend/EDG_VERSION,pick-partial,Updated ROSE_VERSION only; skipped EDG_VERSION configure SCM_DATE.
9ead0ef55b2c9ca90e4ba8d91227aa496970dc5d,2025-01-24,(Support) --help tries plain text if perldoc fails,src/Rose/CommandLine/Parser.C src/Sawyer/CommandLine.C src/Sawyer/CommandLine.h,drop,Rose/CommandLine and Sawyer dropped in REX.
045eaedb14dc95301d338a2d2372c607538fad01,2025-01-24,(Binary Analysis) Unify serialization macros and protect code,src/Rose/BinaryAnalysis src/AstNodes/BinaryAnalysis src/ROSETTA src/featureTests.C src/featureTests.h src/Sawyer src/frontend/BinaryFormats src/frontend/SageIII/astFileIO src/roseSupport/utility_functions.C src/util/Map.h tools/BinaryAnalysis,drop,BinaryAnalysis and Sawyer dropped in REX; Boost serialization excluded.
609c36b6a9ce7f7f25a9334eb5c6a8ab05470138,2025-01-24,(Binary Analysis) Regenerated SARIF AST nodes,src/generated/Rose/Sarif,drop,SARIF and BinaryAnalysis dropped in REX.
d5f0ddbcbcf4d82ae7a5a72cc82777ebd87cb847,2025-01-24,(BinaryAnalysis) Fix indentation for semantic state printing,src/Rose/BinaryAnalysis/InstructionSemantics/BaseSemantics/State.C,drop,BinaryAnalysis dropped in REX.
c3b3340abbf326613f8f576c719569876f8cc0f6,2025-01-24,(BinaryAnalysis) AddressSpace I O functions virtual,src/Rose/BinaryAnalysis/InstructionSemantics/BaseSemantics/State.h,drop,BinaryAnalysis dropped in REX.
8fa7304c19bae0693069c0bf1206a2c2911fa4af,2025-01-24,(BinaryAnalysis) ModelChecker enhancements for coverage,src/Rose/BinaryAnalysis/ModelChecker,drop,BinaryAnalysis dropped in REX.
2e61eb11f94a9125ee040e6e5259d603e7403125,2025-01-25,(Engineering) Fix Apple clang warnings in AstRewriteExample,exampleTranslators/documentedExamples/AstRewriteExamples/astRewriteExample1.C,drop,AstRewriteExamples removed in REX.
510ef93dcf7507b08d41338ed31b479c888c727b,2025-01-25,(Release) Incremented version to 0.11.145.212,ROSE_VERSION config/SCM_DATE configure.ac src/frontend/CxxFrontend/EDG_VERSION,pick-partial,ROSE_VERSION already 0.11.145.214; skipped EDG_VERSION configure SCM_DATE.
5659181a42220b75a41f6b108a517eab95f48af1,2025-01-27,(BinaryFormats) CIL parse fat exception handlers,src/frontend/BinaryFormats/CilImpl.C,drop,BinaryFormats dropped in REX.
da116e25e696acee9339d58023b4e8f0f04c4e9d,2025-01-28,(Release) Incremented version to 0.11.145.213,ROSE_VERSION config/SCM_DATE configure.ac src/frontend/CxxFrontend/EDG_VERSION,pick-partial,ROSE_VERSION already 0.11.145.214; skipped EDG_VERSION configure SCM_DATE.
7b4b90966a623cca482e58fca486084afabfc799,2025-01-28,(Engineering) Fix Apple clang warnings in Jovial unparser,src/backend/unparser/JovialCodeGeneration/unparseJovial_expressions.C,drop,Jovial support dropped in REX.
9a78e218316b8b5be04cef93c1a6ff422ee27a94,2025-01-29,(Release) Incremented version to 0.11.145.214,ROSE_VERSION config/SCM_DATE configure.ac src/frontend/CxxFrontend/EDG_VERSION,pick-partial,Updated ROSE_VERSION only; skipped EDG_VERSION configure SCM_DATE.
7f041f49996cbb44e294efdf3cf2cc735074f919,2025-01-29,(AstInterface) Fix lookup of nested vars and types,src/midend/astUtil/annotation/AnnotExpr.C src/midend/astUtil/astInterface/AstInterface.C src/midend/astUtil/astInterface/AstInterface.h src/midend/astUtil/astInterface/AstInterface_ROSE.h src/midend/astUtil/astInterface/CPPAstInterface.C src/midend/astUtil/astInterface/CPPAstInterface.h src/midend/astUtil/symbolicVal/SymbolicVal.h,pick,Applied lookup refactor and CreateVarRef updates.
f41dea7490b84d3ffd5823b5ab5e3f1a1bcffc37,2025-01-30,(Engineering) Fix Apple clang warnings in SerialIo,src/Rose/BinaryAnalysis/SerialIo.C src/Rose/BinaryAnalysis/SerialIo.h,drop,BinaryAnalysis dropped in REX.
8564023f1922ca10b08d67f06dcd212ee98686d5,2025-01-30,(Release) Incremented version to 0.11.145.215,ROSE_VERSION config/SCM_DATE configure.ac src/frontend/CxxFrontend/EDG_VERSION,pick-partial,Updated ROSE_VERSION only; skipped EDG_VERSION configure SCM_DATE.
a22e96aede2ddefb564769264e66414f21757e8a,2025-01-30,(BinaryAnalysis) CIL metadata decode fix,src/AstNodes/BinaryAnalysis src/frontend/BinaryFormats src/generated/Rose/Sarif src/generated/BinaryAnalysis src/ROSETTA,drop,BinaryAnalysis Sarif and Jovial dropped in REX.
46c7c0dc9016f0c58265d0221ef8a39aa320fbf8,2025-01-31,(Release) Incremented version to 0.11.145.216,ROSE_VERSION config/SCM_DATE configure.ac src/frontend/CxxFrontend/EDG_VERSION,pick-partial,Updated ROSE_VERSION only; skipped EDG_VERSION configure SCM_DATE.
57d65a67cfa27aa6f1b8ef0160c33588885d056d,2025-02-01,(CMake) Add config dependency to avoid race,src/util/StringUtility/CMakeLists.txt,pick-partial,Applied dependency to util_StringUtility since stringSupport path is removed in REX.
7d38749fa780b0cada72ac974a28abc68f1e994e,2025-02-01,(CMake) Fix BACKEND_CXX_COMPILER_NAME_WITHOUT_PATH,cmake/modules/roseChooseBackendCompiler.cmake rose_config.h.in.cmake CMakeLists.txt,pick-partial,Applied backend name fix and rose_config substitution; skipped Ada-only CMakeLists block.
dcac9f37bc9e9a5153ee6603cb06e5826274ded0,2025-02-01,(CMake) Redefine warnings and optimizations by build type,CMakeLists.txt src/CMakeLists.txt tools/CodeThorn/src/CMakeLists.txt,drop,Touches CodeThorn and Boost-specific flags; REX CMake diverged and Boost subsystems dropped.
4e4b761c9c418b6dc478a4664a00556967fa6b14,2025-02-01,(CMake) Match RHEL7 autotools pipeline variables,CMakeLists.txt src/CMakeLists.txt,drop,Ada and ROSEHPCT handling not in REX; backend compiler logic already differs.
05d1888d9c9a105946456fd4057eb78e6db76310,2025-02-01,(Release) Incremented version to 0.11.145.217,ROSE_VERSION config/SCM_DATE configure.ac src/frontend/CxxFrontend/EDG_VERSION,pick-partial,Updated ROSE_VERSION only; skipped EDG_VERSION configure SCM_DATE.
95bbd1ccea44e1e0906afdf5f15d8c715065468c,2025-02-02,(Support) Upgrade Sawyer,src/Sawyer,drop,Sawyer dropped in REX.
062f57b7556a13c81beb35a292c00482327591ea,2025-02-02,(BinaryAnalysis) VxWorks terminal download support,src/Rose/BinaryAnalysis tools/BinaryAnalysis,drop,BinaryAnalysis dropped in REX.
8cba0db8ed73bf67d1f304f414a3cb35809b8807,2025-02-02,(Policy) Add VxWorks to accepted words,scripts/policies/RoseNamespace.pl,pick,Added VxWorks to policy word list.
7d2cea0d30dabf288a36e7ff31f660e1d36105de,2025-02-02,(Engineering) Fix warnings in graphProcessing.h,src/midend/astProcessing/graphProcessing.h,drop,File not present in REX.
3e320f761ff163c2a1fa1528c30d137a3843cbb9,2025-02-02,(Release) Incremented version to 0.11.145.218,ROSE_VERSION config/SCM_DATE configure.ac src/frontend/CxxFrontend/EDG_VERSION,pick-partial,Updated ROSE_VERSION only; skipped EDG_VERSION configure SCM_DATE.
ba9e99df335bb8440da0227ab4975e99c96a4eaf,2025-02-02,(BinaryAnalysis) Set interrupt state purpose in bat-debug-semantics,tools/BinaryAnalysis/bat-debug-semantics.C,drop,BinaryAnalysis dropped in REX.
f0c2c8f95ac2d987c058784e8e83be5982d3a627,2025-02-03,(Engineering) Fix warnings and clean Type.code,src/ROSETTA/Grammar/Type.code,pick,Applied ROSETTA Type.code cleanup.
cc006b11e31f34508b27539695bf6465049afe96,2025-02-03,(Engineering) Fix warnings in StorageClassMemoryManagement,src/frontend/SageIII/astFileIO/StorageClassMemoryManagement.C src/frontend/SageIII/astFileIO/StorageClassMemoryManagement.h,drop,astFileIO not present in REX.
079ecfaa0e792b0dab0951d3258feb22d15a29fb,2025-02-03,(BinaryAnalysis) Fix std::min cast on MacOS,src/Rose/BinaryAnalysis/MemoryMap.C src/Rose/BinaryAnalysis/VxworksTerminal.C,drop,BinaryAnalysis dropped in REX.
13901d8689ee90270f16b0873ce96c224ecb8e31,2025-02-03,(Release) Incremented version to 0.11.145.219,ROSE_VERSION config/SCM_DATE configure.ac src/frontend/CxxFrontend/EDG_VERSION,pick-partial,Updated ROSE_VERSION only; skipped EDG_VERSION configure SCM_DATE.
12320b9ab8417a513af9afc102b97605dc0e1bbb,2025-02-03,(CMake) Remove redundancies for backend macros,CMakeLists.txt cmake/modules/roseChooseBackendCompiler.cmake rose_config.h.in.cmake,drop,Backend compiler logic heavily refactored with Ada and Windows handling; REX uses custom compiler selection.
1725ba47b139b1fb1795cb05f5456252ef67996e,2025-02-03,(CMake) Define ROSE_BACKEND_C and CXX compiler macros,cmake/modules/roseChooseBackendCompiler.cmake rose_config.h.in.cmake,drop,Depends on upstream backend compiler refactor; REX uses custom compiler selection.
040a83a67d1b78266a2bf8c2f67410f26e48d947,2025-02-04,(Release) Incremented version to 0.11.145.220,ROSE_VERSION config/SCM_DATE configure.ac src/frontend/CxxFrontend/EDG_VERSION,pick-partial,Updated ROSE_VERSION only; skipped EDG_VERSION configure SCM_DATE.
efcdbb332810a55f9035c526ba4dad5d2ce0f944,2025-02-05,(SageInterface) Add showBackendCommandLine option,src/ROSETTA/Grammar/Support.code src/frontend/SageIII/sage_support/cmdline.C src/frontend/SageIII/sage_support/sage_support.C,pick,Added SgProject flag and option to print backend command line.
284a01bae34d3042399e59e317ee24f75bee583a,2025-02-05,(Jovial) Fix frontend crash on comment,src/frontend/Experimental_Jovial_ROSE_Connection/jovial-parser,drop,Jovial support dropped in REX.
e1a664ec5a72e29a29c119bbd4c84f7e6620b900,2025-02-05,(Release) Incremented version to 0.11.145.221,ROSE_VERSION config/SCM_DATE configure.ac src/frontend/CxxFrontend/EDG_VERSION,pick-partial,Updated ROSE_VERSION only; skipped EDG_VERSION configure SCM_DATE.
165f2b533d51f554456dd54afb0c08a2f6f284a9,2025-02-06,(CMake) Add Sawyer dependency on config file,src/Sawyer/CMakeLists.txt,drop,Sawyer dropped in REX.
5b2e6ec39ff81317cb3e00c84b8ef3abf47267c3,2025-02-06,(Engineering) Fix Logger loop warning,src/Rose/Logger.C,pick,Adjusted loop index type for depth comparison.
b01402408d2bac5c92046509dddf1f2df123ccc8,2025-02-06,(Engineering) Fix warnings in roseHPCT toolkit,tools/roseHPCToolkit/include/rosehpct/util/tree2.hh,drop,roseHPCT toolkit not present in REX.
d9147c1a466d37a25e3221b43ab8ed6c79c2e77e,2025-02-06,(Engineering) Fix warnings in roseHPCT toolkit,src/roseExtensions/roseHPCToolkit,drop,roseHPCT toolkit not present in REX.
6580639d8a2bfaedaa1e1832fd484ebc93e99ca1,2025-02-06,(Release) Incremented version to 0.11.145.222,ROSE_VERSION config/SCM_DATE configure.ac src/frontend/CxxFrontend/EDG_VERSION,pick-partial,Updated ROSE_VERSION only; skipped EDG_VERSION configure SCM_DATE.
4e3d72e7bcfa4ce8d1c56fee89bbe627cd1fd6aa,2025-02-06,(Engineering) Clean dead code in roseHPCT attach,src/roseExtensions/roseHPCToolkit/src/profir2sage/attach.cc,drop,roseHPCT toolkit not present in REX.
eb41d8081c09eea5de63e0136811a81ef7b4728d,2025-02-07,(Engineering) Clean dead code in rtiHelpers,src/frontend/SageIII/rtiHelpers.h,pick-partial,Applied rtiHelpers cleanup; skipped UPC support removed in REX
b8ad46f68b766510c77393590751fc87f39f3115,2025-02-07,(Release) Incremented version to 0.11.145.223,ROSE_VERSION config/SCM_DATE configure.ac src/frontend/CxxFrontend/EDG_VERSION,pick-partial,Updated ROSE_VERSION only; skipped EDG_VERSION configure SCM_DATE.
17885ad3c5be3afdad89ae9a2a78933855e23e49,2025-02-08,(Sawyer) Add include guard for ThreadWorkers.h,src/Sawyer/ThreadWorkers.h,drop,Sawyer dropped in REX.
3760eb48b3ba73a993566cef8724c99933fbfff4,2025-02-08,(BinaryAnalysis) Fix typo in RBA file version message,src/Rose/BinaryAnalysis/SerialIo.C,drop,BinaryAnalysis dropped in REX.
bf3cb4facce5a395f77ec150dec754ef9f43dfeb,2025-02-08,(Analysis) Refactor and warning cleanup in midend,src/midend/programAnalysis/VirtualFunctionAnalysis src/util/ROSE_FALLTHROUGH.h tools/CodeThorn/src/ClassHierarchyAnalysis.C tools/CodeThorn/src/ClassHierarchyAnalysis.h src/midend/programAnalysis/CallGraphAnalysis,pick-partial,Applied VirtualFunctionAnalysis and ROSE_FALLTHROUGH cleanup; skipped CallGraphAnalysis due to REX divergence; skipped CodeThorn.
f17972920b1f4123da5c48d33e143386b4dd60aa,2025-02-08,(CodeThorn) Add CallGraphAnalysis and SageGeneric fixes,src/frontend/SageIII/sageInterface/sageGeneric.h src/frontend/SageIII/sageInterface/sageInterfaceAda.C tools/CodeThorn,pick-partial,Applied sageGeneric.h refactor; skipped Ada and CodeThorn.
0969677feb1e35766daf8922d2dde6d2ff45916d,2025-02-08,(Release) Incremented version to 0.11.145.224,ROSE_VERSION config/SCM_DATE configure.ac src/frontend/CxxFrontend/EDG_VERSION,pick-partial,Updated ROSE_VERSION only; skipped EDG_VERSION configure SCM_DATE.
47e9cf175fd1679051e3507cfa27c6d377ecb49f,2025-02-09,(Engineering) Fix unused handleMap warning,src/midend/programTransformation/loopProcessing/driver/AutoTuningInterface.C src/midend/programTransformation/loopProcessing/driver/AutoTuningInterface.h,pick,Marked unused handleMap parameter.
61335baf26bcb478a18a9c1c926c780f66403124,2025-02-10,(Engineering) Clean warnings in abstractMemoryObject,src/midend/abstractMemoryObject/memory_object_impl.cpp src/midend/abstractMemoryObject/memory_object_impl.h,drop,abstractMemoryObject not present in REX.
952ea737788eacef742963eef3db176a557ab808,2025-02-10,(Release) Incremented version to 0.11.145.225,ROSE_VERSION config/SCM_DATE configure.ac src/frontend/CxxFrontend/EDG_VERSION,pick-partial,Updated ROSE_VERSION only; skipped EDG_VERSION configure SCM_DATE
b4a7ce47d59bd7eb74599167db1985cfc127b1f5,2025-02-10,(CMake) Add missing escape $ for $$(CMAKE_COMMAND),CMakeLists.txt,drop,REX uses direct add_subdirectory tools and no install-tools target
c6e4af5137bd35570f469619dc6eb6bb80414536,2025-02-11,(Engineering) Fix compiler warnings issued by Apple clang,src/midend/abstractMemoryObject/memory_object.cpp,drop,abstractMemoryObject not present in REX
819fde3281618b045fd0ab424e02a1ace6d7b657,2025-02-11,(Release) Incremented version to 0.11.145.226,ROSE_VERSION config/SCM_DATE configure.ac src/frontend/CxxFrontend/EDG_VERSION,pick-partial,Updated ROSE_VERSION only; skipped EDG_VERSION configure SCM_DATE
3c6b759a000cff71e19d2dbdb137ceaa22b98e46,2025-02-12,(CMake) Turn off serialization to prevent build issue,src/featureTests.h,drop,featureTests.h trimmed in REX and boost serialization not used
59c2cc862c27661cac95c061150be72aa8af53f7,2025-02-12,(Engineering) Return ptrdiff from SgSubtractOp when subtracting two pointers,src/AstNodes/Expression/SgBinaryOp.C,pick,Return SgTypeLong for pointer subtraction to match EDG ptrdiff_t.
a0f3b59e9b0e8aa7d13b42ca67f3df1da10ba112,2025-02-12,(CMake) Remove Duplicate key unused files and require m lib on linux,CMakeLists.txt acmacros/CMakeLists.txt cmake/haru.cmake cmake/modules/roseCMakeDetermineCXXCompiler.cmake cmake/modules/roseChooseBackendCompiler.cmake cmake/modules/special_toolchain.cmake src/CMakeLists.txt,pick-partial,Applied M_LIB required; skipped acmacros and compiler module cleanup
ac0c27b1837b63329860933db9617fd17e81e1eb,2025-02-12,(Engineering) Fix compiler warnings issued by Apple clang,src/roseExtensions/roseHPCToolkit,drop,roseHPCT toolkit not present in REX
f5674253de234bfc686a90e5800eaebbb2f11567,2025-02-12,(SageInterface) findSurroundingStatementFromSameFile,src/frontend/SageIII/sageInterface/sageInterface.C,pick,Allow transformation-generated statements to qualify as surrounding statements.
2d2f4a411a5e60bc9a0f1f3758f43532759f0dde,2025-02-12,(Release) Incremented version to 0.11.145.227,ROSE_VERSION config/SCM_DATE configure.ac src/frontend/CxxFrontend/EDG_VERSION,pick-partial,Updated ROSE_VERSION only; skipped EDG_VERSION configure SCM_DATE
96ae5fb4300a6a9632e024340d7f90fc889ef456,2025-02-13,(AstInterface) Fix looking up of nested variables and types,src/midend/astUtil/AstUtilInterface.C src/midend/astUtil/astInterface/AstInterface.C src/midend/astUtil/astInterface/AstInterface.h src/midend/astUtil/dependenceTracking/dependence_table.C src/midend/astUtil/symbolicVal/SymbolicVal.C,pick,Fix nested variable/type lookup and function definition resolution; improve dependence table parsing and pointer deref handling.
cba68787e5653e21f8915c733131683b688310aa,2025-02-13,(Release) Incremented version to 0.11.145.228,ROSE_VERSION config/SCM_DATE configure.ac src/frontend/CxxFrontend/EDG_VERSION,pick-partial,Updated ROSE_VERSION only; skipped EDG_VERSION configure SCM_DATE
400705b18033b52a03a67bf02dea2441716af6f6,2025-02-14,(bugfix) Name-qualification and EDG default behavior,src/ROSETTA/Grammar/Statement.code src/frontend/CxxFrontend/EDG src/frontend/SageIII/sageInterface/sageBuilder.C,pick-partial,Applied Statement.code and sageBuilder updates; skipped EDG submodule
a44d993067b0a5e463cb70ace6196792ba6ae36c,2025-02-14,(C++) Adding notion of TemplateVariableInstantiation,src/ROSETTA/Grammar/Statement.code src/ROSETTA/Grammar/Support.code src/ROSETTA/astNodeList src/ROSETTA/src/grammar.C src/ROSETTA/src/statement.C src/backend/unparser/CxxCodeGeneration/unparseCxx_expressions.C src/backend/unparser/CxxCodeGeneration/unparseCxx_types.C src/backend/unparser/nameQualificationSupport.C src/frontend/SageIII/sageInterface/sageBuilder.C src/frontend/SageIII/sageInterface/sageBuilder.h src/frontend/SageIII/sageInterface/sageInterface.C,drop,TemplateVariableInstantiation tied to EDG and not supported in REX
78ed0a8a0e984dc69a98414da44e7ffc9c38d044,2025-02-14,(Rose::CodeGen) Adding template-variable-instantiation,src/Rose/CodeGen,drop,Rose CodeGen not present in REX
7b7eec2e37052f7a70a43bb1ee3b7662228e2394,2025-02-14,(Rose::CodeGen) Separated the SymbolScanner object,src/Rose/CodeGen src/Makefile.am src/Rose/Makefile.am,drop,Rose CodeGen not present in REX
ae75f737748f60dd582b3da50af9f5408dcd5bb7,2025-02-14,(Rose::CodeGen) Adding template function instantiation,src/Rose/CodeGen/factory/functions.txx src/frontend/SageIII/sageInterface/sageBuilder.C,drop,Rose CodeGen not present in REX and class member handling not in REX
1c4c08d569e809d9b7d60bc8ed0d6fca0f6c6d19,2025-02-14,(ScopedRef) Added new nodes,src/ROSETTA/Grammar/Expression.code src/ROSETTA/Grammar/Symbol.code src/ROSETTA/astNodeList src/ROSETTA/src/expression.C src/ROSETTA/src/symbol.C src/ROSETTA/src/type.C,drop,ScopedRef nodes tied to RC-1419 EDG series not in REX
3d1132cfb61da026dc985df9ba86d52e1a4d0d1d,2025-02-14,(ScopeRef) Unparsing of new nodes for scoped references,src/backend/unparser/CxxCodeGeneration/unparseCxx.h src/backend/unparser/CxxCodeGeneration/unparseCxx_expressions.C src/backend/unparser/languageIndependenceSupport/unparseLanguageIndependentConstructs.C,drop,ScopedRef nodes not in REX
2fa1fbb95b9907d76d18b898871adbb16cff144c,2025-02-14,(Rose::CodeGen) Support for ScopedRef and function instantiations,src/Rose/CodeGen/Factory.h src/Rose/CodeGen/factory/functions.txx src/Rose/CodeGen/factory/variables.txx src/backend/unparser/CxxCodeGeneration/unparseCxx_expressions.C src/backend/unparser/CxxCodeGeneration/unparseCxx_types.C src/backend/unparser/languageIndependenceSupport/unparseLanguageIndependentConstructs.C,drop,Rose CodeGen not present and ScopedRef nodes not in REX
c17c04361584aa50a9337b871ddfe2148e047178,2025-02-14,(Rose::CodeGen) Various improvement for template instantiations,src/Makefile.am src/Rose/CodeGen/CMakeLists.txt src/Rose/CodeGen/Factory.h src/Rose/CodeGen/factory/Tupfile src/Rose/CodeGen/factory/factory.txx src/Rose/CodeGen/factory/functions.txx src/Rose/CodeGen/factory/variables.txx src/frontend/SageIII/sageInterface/sageBuilder.C,pick-partial,Applied instantiateNonrealTypes type passthrough; skipped Rose CodeGen
211c78f58df822e6cbea7f0af4fc4d870c002427,2025-02-14,(Rose) Made AstPostprocessing conditional,src/ROSETTA/src/support.C src/frontend/SageIII/sageInterface/sageBuilder.C,pick,Removed EDG-only SgFile flags and Java-only member function call handling per drop list.
735a14466e295bf27681f9c1cb1fd0bf1c3e998d,2025-02-14,(C++ unparser) Fix issue with base type of enums,src/Rose/CodeGen/factory/functions.txx src/backend/unparser/CxxCodeGeneration/unparseCxx_types.C,pick-partial,Applied enum base type guard; skipped Rose CodeGen
590a06eee4bb28e5d9e5ece53d6aee68091eac62,2025-02-14,(CodeGen) More work on instantiation of templates,src/ROSETTA/Grammar/Statement.code src/Rose/CodeGen/factory/classes.txx src/Rose/CodeGen/factory/typedefs.txx src/backend/unparser/CxxCodeGeneration/unparseCxx_expressions.C src/frontend/SageIII/sageInterface/sageBuilder.C src/frontend/SageIII/sageInterface/sageBuilder.h,drop,RC-1419 template instantiation series not in REX and Rose CodeGen dropped
67997ae5674bdf110dcad623893fbdebc733d1f0,2025-02-14,(CodeGen) disabled include all policy,src/Rose/PolicyControl.txt,drop,Rose CodeGen dropped in REX
5797c1ac821c2513a47a5522faa43f22591d50e7,2025-02-14,(EDG) Added EDG 6.5,build config/support-edg.m4 config/support-rose.m4 src/frontend/CxxFrontend/EDG,drop,EDG dropped in REX; autotools build inventory
a42284b6e69ff6842f0d64a274f8f90919f29d00,2025-02-14,(EDG) Made EDG 6.5 default,config/support-edg.m4,drop,EDG dropped in REX
cdcfb93111c552e651686ff88c299863155db28f,2025-02-14,(Mac) revision for Apple M2 system,config/create_system_headers src/Rose/CodeGen/factory/factory.txx src/midend/Makefile.am src/midend/astQuery/Makefile_variables,drop,mac platform dropped and Rose CodeGen dropped; autotools inventory
6bbdf08a5d19aaaa2609de6cd87871c3e750cce0,2025-02-14,(codegen) Bypasses to handle incomplete instantiations,src/Rose/CodeGen/PolicyControl.txt src/Rose/CodeGen/factory/factory.txx src/Rose/CodeGen/factory/functions.txx src/frontend/SageIII/sageInterface/sageBuilder.C,pick-partial,Applied instantiateNonrealRefExps handling; skipped Rose CodeGen
f5e8b409dced06d1eaf808c1ece059570a35f883,2025-02-14,(edg6.5) Fixes for windows and cmake builds,CMakeLists.txt src/backend/unparser/CxxCodeGeneration/unparseCxx_expressions.C src/frontend/CxxFrontend/EDG src/frontend/SageIII/sage_support/cmdline.C src/frontend/SageIII/sage_support/sage_support.C src/roseSupport/utility_functions.C,pick-partial,Lambda this capture already present; skipped EDG and windows changes
a89f3531a16e3884b7cdb8cbbf031bea2b7b892f,2025-02-14,(edg6.5) First round of fixes for EDG 6.5 and GCC6.1,src/backend/unparser/CxxCodeGeneration/unparseCxx_expressions.C src/backend/unparser/CxxCodeGeneration/unparseCxx_statements.C src/backend/unparser/CxxCodeGeneration/unparseCxx_types.C src/backend/unparser/languageIndependenceSupport/unparseLanguageIndependentConstructs.C src/backend/unparser/nameQualificationSupport.C src/frontend/CxxFrontend/EDG,pick-partial,Applied type expression unparse and name qualification fixes and unparse spacing; skipped EDG submodule and TemplateVariableInstantiation; removed EDG-only ROSE-1392 unparse flag gating.
60acae6e5e6b77fe1ecca2fd1b6393c9d61a8a32,2025-02-14,(git) minor updates of the .gitignore file,.gitignore,pick,Updated Jupyter ignore and added tests projects ignore
2d5a7fcff852cc6a8ab411551ad1e92901ff43b6,2025-02-14,(codegen) fixed bug introduced in namequal of function references,src/Rose/CodeGen/factory/functions.txx src/backend/unparser/CxxCodeGeneration/unparseCxx_expressions.C,pick-partial,No REX change; ScopedRef not present and Rose CodeGen dropped
3bf6b972e219eab961896c84ac04d9ee46ec7c34,2025-02-14,(Mac) added Apple M2 processor support for EDG 6.5,config/rose_edg_required_macros_and_functions.h.in src/frontend/CxxFrontend/EDG,drop,mac platform dropped and EDG dropped in REX
20d9305af50c68c0c566f015d4a0d14e0185c6ad,2025-02-14,(EDG65) cleanning up spew,src/backend/unparser/CxxCodeGeneration/unparseCxx_expressions.C src/frontend/CxxFrontend/EDG,drop,EDG dropped and no REX change needed
27353dc5348e4f7b0014895598fab2ce6d5beaad,2025-02-14,(codegen) Minor fixes based on use cases in tools,src/Rose/CodeGen/factory/factory.txx src/backend/unparser/CxxCodeGeneration/unparseCxx_types.C src/frontend/SageIII/sageInterface/sageBuilder.C,pick-partial,Applied decltype unparse condition and instantiateNonrealTypes int long; skipped Rose CodeGen
58ddadd041936c75201e004d9fb263f09114faca,2025-02-14,(edg) Using CTOR of template parameter,src/frontend/CxxFrontend/EDG,drop,EDG dropped in REX
fafe80f42ebd99bbbf7ed4c16134d79593ce8ace,2025-02-14,(g++11) builtin operator and mangling,config/rose_edg_required_macros_and_functions.h.in src/frontend/SageIII/manglingSupport.C,pick-partial,Applied fold expression mangling; skipped EDG macros header
2c42ced711bb73a2c09a18ee2525940336609747,2025-02-14,(edg) Working on define.h.rose for EDG 6.5 (esp. Windows),src/frontend/CxxFrontend/EDG,drop,EDG dropped in REX
1d078423fb7a2f36349e76c5ae54ebab090bc054,2025-02-14,(cleanup) Prep work for rose!356,src/backend/unparser/CxxCodeGeneration/unparseCxx_expressions.C src/backend/unparser/CxxCodeGeneration/unparseCxx_statements.C,pick,Guarded debug output in unparseBinaryOperator
5d810506279698defeb6387d59b50e07de089ad1,2025-02-14,(cmake) missing headers when building downstream project,.gitignore src/Rose/CodeGen/CMakeLists.txt,pick-partial,Added build-rose.sh ignore; skipped Rose CodeGen
7f59b9f84b89d56308d0690e5b9db0a436a2ffe8,2025-02-14,(Mac) moved up Apple Clang support to v.16,config/getAppleCxxMinorVersionNumber.sh config/getAppleCxxPatchVersionNumber.sh,drop,mac platform dropped in REX
a68911b022ff2396d9f090ff97ab3fd080388862,2025-02-14,(EDG) Disable float128 for windows build,src/frontend/CxxFrontend/EDG,drop,EDG dropped in REX
56fab2baf6d1a12b6c7b7a0d143965c23ac312b4,2025-02-14,(codethorn) Issue related to body of case-stmt and default-stmt,tools/CodeThorn/src/CFAnalysis.C tools/CodeThorn/src/scripts/runNormalizationTests,drop,CodeThorn dropped in REX
190f1fab50cd7632524d5e0d30b03d4c76573d3c,2025-02-14,(edg65) Unparsing C++ new with improved handling of Ctor and Aggr inits,src/backend/unparser/CxxCodeGeneration/unparseCtorInit.C,pick,Walk parent chain to detect ctor within new
aa7ecd88ad3b8e7b9a3d19d08d4ee3136985f5a4,2025-02-14,(edg65+rwset) Bypasses segfault in code looking for file-position,src/midend/programAnalysis/ReadWriteSetAnalysis/VxUtilFuncs.C,drop,ReadWriteSetAnalysis dropped in REX
85c56898288ea33a049e94de945a0a3b7fd04893,2025-02-14,(edg65) looking into compiler generated aggr-init,src/frontend/CxxFrontend/EDG,drop,EDG dropped in REX
8602524fe48c55d2d69c7b0c7f85a253d91ddb2a,2025-02-14,(edg65) fix some regresions,src/backend/unparser/CxxCodeGeneration/unparseCompInit.C src/backend/unparser/CxxCodeGeneration/unparseCtorInit.C src/backend/unparser/CxxCodeGeneration/unparseCxx_statements.C src/backend/unparser/languageIndependenceSupport/unparseLanguageIndependentConstructs.C,pick,Adjusted ctor init parentheses friend qualification and expr list handling
35f2dc7177b62ecffa783c22a9fbbcfdda68e3c4,2025-02-14,(cleanup) Broke down and cleanup more unparsing functions,src/backend/unparser/CMakeLists.txt src/backend/unparser/CxxCodeGeneration/Makefile_variables src/backend/unparser/CxxCodeGeneration/helpers_exprs.C src/backend/unparser/CxxCodeGeneration/helpers_stmts.C src/backend/unparser/CxxCodeGeneration/helpers_types.C src/backend/unparser/CxxCodeGeneration/unparseAggrInit.C src/backend/unparser/CxxCodeGeneration/unparseClassType.C src/backend/unparser/CxxCodeGeneration/unparseCxx_expressions.C src/backend/unparser/CxxCodeGeneration/unparseCxx_types.C src/backend/unparser/CxxCodeGeneration/unparseCxx_types.h src/backend/unparser/CxxCodeGeneration/unparseTemplateArgumentList.C src/backend/unparser/CxxCodeGeneration/unparseType.C src/backend/unparser/CxxCodeGeneration/unparseVarDeclStmt.C,drop,Refactor only; keep current unparser layout to avoid large churn
b4451ca8ed991b67f66b73c939751c13d997bf6a,2025-02-14,(cleanup) Removed most '#if 0' and other deadcode from name-qualification,src/backend/unparser/nameQualificationSupport.C,drop,Cleanup only; keep existing file to avoid churn
6ee02fcea8a7574db71e8b0552fa4c56fc6d2cd0,2025-02-14,(edg65) fix qualification of static fields,src/backend/unparser/nameQualificationSupport.C src/frontend/CxxFrontend/EDG,pick-partial,No REX change; warning not present and EDG dropped
d98f3e33acfb8b0d2307086807850890905cef6e,2025-02-14,(c++ unparse) Dealing with unparsing temple instantiation,src/backend/unparser/CMakeLists.txt src/backend/unparser/CxxCodeGeneration/Makefile_variables src/backend/unparser/CxxCodeGeneration/unparseCtorInit.C src/backend/unparser/CxxCodeGeneration/unparseCxx_expressions.C src/backend/unparser/CxxCodeGeneration/unparseNewOp.C src/backend/unparser/languageIndependenceSupport/unparseLanguageIndependentConstructs.C src/backend/unparser/unparser.C,pick-partial,Moved unparseNewOp and updated ctor init and expr list; skipped Makefile_variables autotools
36a7dd6a44a330a840028a35ccff5295417ebc1a,2025-02-14,(edg65) disable diff based tests,tools/Makefile.am tools/classMemberVariablesInLambdas/Makefile.am,drop,Autotools inventory only
21e3b8cdfc93db6537674849da9c6525937a0dc9,2025-02-14,(macos) added darwin24 case,config/determine-os.m4,drop,mac platform dropped and autotools inventory
bdbd5bb360ab1a9ce831a8f70e478c062dad8860,2025-02-14,(edg65) Finishing touches,src/backend/unparser/CxxCodeGeneration/unparseCtorInit.C src/frontend/CxxFrontend/EDG,pick-partial,Adjusted ctor qualifier handling and parent checks; skipped EDG
93775ab2997c349191f3368929047835d8a6c18c,2025-02-14,(Release) Incremented version to 0.11.145.229,ROSE_VERSION config/SCM_DATE configure.ac src/frontend/CxxFrontend/EDG_VERSION,pick-partial,Updated ROSE_VERSION only; skipped EDG_VERSION configure SCM_DATE
45c567b3a6a976123d9f327b42438cbaedf17a25,2025-02-18,(Engineering) Better fixes for unused variables,src/Rose/BinaryAnalysis/SerialIo.C src/Rose/BinaryAnalysis/SerialIo.h,drop,BinaryAnalysis dropped in REX.
c218a53c6cf2a06478e03700d78bcefc73a2d4c9,2025-02-18,(Tup) Add missing unparser/CxxCodeGeneration source files,src/backend/unparser/CxxCodeGeneration/Tupfile,drop,Tup inventory only; CMake already tracks sources.
0732dc85cca0ebaad4b69f7ebc9cb9d00fac89df,2025-02-18,(Support) Enable boost serialization except for RHEL 8,CMakeLists.txt config/determine-os.m4 rose_config.h.in.cmake src/featureTests.h,drop,Boost serialization remains dropped in REX.
902b795436e94aa0a78df9d335c61f4dc33f820e,2025-02-20,(Mac) Fixed minor issue reported in Mac,src/frontend/CxxFrontend/EDG,drop,EDG dropped in REX.
a307eac13a275d88ae4c6c3038cac544b0b2f40c,2025-02-20,(Engineering) Fix compiler warnings issued by (Apple) clang,src/Rose/BinaryAnalysis/ByteCode/Cil.C src/Rose/BinaryAnalysis/Partitioner2/EngineBinary.C src/Rose/BinaryAnalysis/ReadWriteSets.C src/Rose/BinaryAnalysis/Variables/VariableFinder.C,drop,BinaryAnalysis dropped in REX.
d3417ee304de77fff192fa1b2dce4e280043d574,2025-02-20,(Testing) Enbale CMake testing on RHEL8 and RHEL9,.gitlab-ci.yml,drop,CI config not used in REX.
9974489edbba3460006bfd8d8d7dcdf93718fa75,2025-02-20,(SageBuilder) improved buildInitializedName_nfi(),src/ROSETTA/Grammar/Statement.code src/frontend/SageIII/sageInterface/sageBuilder.C src/frontend/SageIII/sageInterface/sageBuilder.h,pick,Pass declptr into buildInitializedName_nfi and set parent/declptr.
ebd3ca49de54c3e637b7eced7f70985c33b56573,2025-02-20,(Release) Incremented version to 0.11.145.230,ROSE_VERSION config/SCM_DATE configure.ac src/frontend/CxxFrontend/EDG_VERSION,pick-partial,Updated ROSE_VERSION only; skipped EDG_VERSION configure SCM_DATE.
fc2999c5541a6a5e5be8c8982ce5ab9a9955a47f,2025-02-22,(Engineering) Fix compiler warnings issued by (Apple) clang,src/Rose/CodeGen/API.txx src/Rose/CodeGen/Driver.C src/Rose/CodeGen/factory/classes.txx src/Rose/CodeGen/factory/functions.txx src/Rose/CodeGen/factory/namespaces.txx src/Rose/CodeGen/factory/typedefs.txx src/Rose/CodeGen/factory/variables.txx,drop,CodeGen subsystem dropped in REX.
0205bf0d1ac374df361cdb6ce71944f2e14dc081,2025-02-23,(Binary Analysis) Add switch to load all classes in a jar file,src/Rose/BinaryAnalysis/Partitioner2/EngineJvm.C src/Rose/BinaryAnalysis/Partitioner2/EngineJvm.h src/Rose/BinaryAnalysis/Partitioner2/ModulesJvm.C src/Rose/BinaryAnalysis/Partitioner2/ModulesJvm.h,drop,BinaryAnalysis dropped in REX.
9bf5d7b3ec7c22665fc3e02a36d9ded50b3e1088,2025-02-23,(Release) Incremented version to 0.11.145.231,ROSE_VERSION config/SCM_DATE configure.ac src/frontend/CxxFrontend/EDG_VERSION,pick-partial,Updated ROSE_VERSION only; skipped EDG_VERSION configure SCM_DATE.
07ecf085ae54593ef69cc676d8d4864146d73239,2025-02-24,(DependenceAnalysis) Explicitly tag tables used for annotations,src/midend/astUtil/dependenceTracking/dependence_analysis.C src/midend/astUtil/dependenceTracking/dependence_analysis.h src/midend/astUtil/dependenceTracking/dependence_table.C src/midend/astUtil/dependenceTracking/dependence_table.h,pick,Added annotation table flag to avoid mixing dependence and side-effect annotations.
41272090d5ab31308b734e6e848e925a5b08cfc2,2025-02-25,(Ada) revise Ada SageInterface functions,src/frontend/SageIII/sageInterface/sageInterfaceAda.C src/frontend/SageIII/sageInterface/sageInterfaceAda.h,drop,Ada support dropped in REX.
a0e17131b901dbd8d8f80528f0249dcfbe9bf947,2025-02-25,(codethorn) export call graph to json,tools/CodeThorn/src/CallGraphAnalysis.h tools/CodeThorn/src/CallGraphExport.C tools/CodeThorn/src/CallGraphExport.h tools/CodeThorn/src/ClassHierarchyWriter.C tools/CodeThorn/src/LibCodeThornSources.cmake tools/CodeThorn/src/Makefile.am tools/CodeThorn/src/Memoizer.h tools/CodeThorn/src/NormalizationCxx.C tools/CodeThorn/src/ObjectLayoutAnalysis.C tools/CodeThorn/src/ObjectLayoutAnalysis.h tools/CodeThorn/src/RoseCompatibility.C tools/CodeThorn/src/RoseCompatibility.h tools/CodeThorn/src/thorn2.C,drop,CodeThorn dropped in REX.
9629c9358c84381fb8097bd6229be35de1e69259,2025-02-25,(Release) Incremented version to 0.11.145.232,ROSE_VERSION config/SCM_DATE configure.ac src/frontend/CxxFrontend/EDG_VERSION,pick-partial,Updated ROSE_VERSION only; skipped EDG_VERSION configure SCM_DATE.
80f0eb21f7dbd85362467feefbaee28fbb146889,2025-02-25,(CMake Codethorn fix) Allows codethorn to be build when ada enabled,CMakeLists.txt tools/CodeThorn/src/CMakeLists.txt,drop,CodeThorn and Ada dropped in REX.
b6e45e0eb5abd2b9e82743e96d1edaf17d7ec1ba,2025-02-26,(Release) Incremented version to 0.11.145.233,ROSE_VERSION config/SCM_DATE configure.ac src/frontend/CxxFrontend/EDG_VERSION,pick-partial,Updated ROSE_VERSION only; skipped EDG_VERSION configure SCM_DATE.
598853c2f83411aa44987df0a1fa9bcbdeb7448c,2025-02-26,(Documentation) Fixed documentation bugs,src/Rose/BinaryAnalysis/CallingConvention/Definition.h,drop,BinaryAnalysis dropped in REX.
79d858f7963c0fd6a2923cdde0a7c183e742818d,2025-02-26,(CMake) Partial revert of 440a466c: removed ENABLE_GCRYPT,CMakeLists.txt,pick,Already absent: no ENABLE_GCRYPT or GCRYPT_ROOT logic in REX CMake.
b83b64b6bc5605a1c3ee36d7a15e41a3674c137b,2025-02-27,(Release) Incremented version to 0.11.145.234,ROSE_VERSION config/SCM_DATE configure.ac src/frontend/CxxFrontend/EDG_VERSION,pick-partial,Updated ROSE_VERSION only; skipped EDG_VERSION configure SCM_DATE.
4811777dd247719cf9f4dd01e48457ea8f898f46,2025-03-03,(Model Checker) SemanticCallbacks keep track of the stack memory region,src/Rose/BinaryAnalysis/ModelChecker/PartitionerModel.C src/Rose/BinaryAnalysis/ModelChecker/PartitionerModel.h,drop,BinaryAnalysis dropped in REX.
0bd02cc1dbc8d046030c42b20b27fdfcaa65a16f,2025-03-03,(Model Checker) New callback to filter work before it starts,src/Rose/BinaryAnalysis/ModelChecker/Engine.C src/Rose/BinaryAnalysis/ModelChecker/PathNode.C src/Rose/BinaryAnalysis/ModelChecker/PathNode.h src/Rose/BinaryAnalysis/ModelChecker/SemanticCallbacks.C src/Rose/BinaryAnalysis/ModelChecker/SemanticCallbacks.h,drop,BinaryAnalysis dropped in REX.
db18258c20fbfd9200eb0806dc9525d59f7b24cc,2025-03-03,(Model Checker) Pre- and post-execution callbacks take paths,src/Rose/BinaryAnalysis/ModelChecker/PartitionerModel.C src/Rose/BinaryAnalysis/ModelChecker/PartitionerModel.h src/Rose/BinaryAnalysis/ModelChecker/PathNode.C src/Rose/BinaryAnalysis/ModelChecker/PathNode.h src/Rose/BinaryAnalysis/ModelChecker/SemanticCallbacks.C src/Rose/BinaryAnalysis/ModelChecker/SemanticCallbacks.h,drop,BinaryAnalysis dropped in REX.
122e69b38bf4e73cbf4ffc592b824f8d41144eb1,2025-03-04,(Release) Incremented version to 0.11.145.235,ROSE_VERSION config/SCM_DATE configure.ac src/frontend/CxxFrontend/EDG_VERSION,pick-partial,Updated ROSE_VERSION only; skipped EDG_VERSION configure SCM_DATE.
7b90551e74b54a0b2e2c60ec415e274d5b5d7f38,2025-03-04,(Documentation) Replaced <code> with backticks for readability,docs/Rose/BinaryAnalysisMainPage.dox src/AstNodes/BinaryAnalysis/SgAsmElfStrtab.h src/AstNodes/BinaryAnalysis/SgAsmInstruction.h src/Rose/Affirm.h src/Rose/BinaryAnalysis/CallingConvention/Definition.h src/Rose/BinaryAnalysis/FunctionSimilarity.h src/Rose/BinaryAnalysis/HotPatch.h src/Rose/BinaryAnalysis/InstructionSemantics/SourceAstSemantics.h src/Rose/BinaryAnalysis/MagicNumber.h src/Rose/BinaryAnalysis/MemoryMap.h src/Rose/BinaryAnalysis/Partitioner2/BasicTypes.h src/Rose/BinaryAnalysis/Partitioner2/CfgPath.h src/Rose/BinaryAnalysis/Partitioner2/ControlFlowGraph.h src/Rose/BinaryAnalysis/Partitioner2/Engine.h src/Rose/BinaryAnalysis/Partitioner2/EngineBinary.h src/Rose/BinaryAnalysis/Partitioner2/EngineJvm.h src/Rose/BinaryAnalysis/Partitioner2/Modules.h src/Rose/BinaryAnalysis/Partitioner2/ModulesX86.h src/Rose/BinaryAnalysis/Partitioner2/Partitioner.h src/Rose/BinaryAnalysis/PointerDetection.h src/Rose/BinaryAnalysis/SmtCommandLine.h src/Rose/BinaryAnalysis/SymbolicExpression.h src/Rose/BinaryAnalysis/TaintedFlow.h src/Rose/BitOps.h src/Rose/Color.h src/Rose/Diagnostics.h src/Rose/FileSystem.h src/Rose/FormattedTable.h src/Rose/Initialize.h src/Rose/Location.h src/Rose/Progress.h src/Rose/RecursionCounter.h src/Rose/StringUtility/Escape.h src/Rose/StringUtility/NumberToString.h src/Rose/StringUtility/SplitJoin.h src/Rose/StringUtility/StringToNumber.h src/frontend/BinaryFormats/BinaryVxcoreParser.h,pick-partial,Applied backtick doc formatting in BitOps.h and FileSystem.h; skipped BinaryAnalysis and missing files.
764552635e93d7ee61fe24a104c1a9e1076c77f0,2025-03-04,(Documentation) Turn off separate member pages,docs/DoxygenSettings/Layout.cfg,pick,Set SEPARATE_MEMBER_PAGES to NO.
965890f8fbb8e499daf9a7b53aa39619f93754f2,2025-03-04,(Binary Analysis) Remove `rose_addr_t` in SgAsm* types,src/AstNodes/BinaryAnalysis/SgAsmBasicString.h src/AstNodes/BinaryAnalysis/SgAsmBlock.C src/AstNodes/BinaryAnalysis/SgAsmBlock.h src/AstNodes/BinaryAnalysis/SgAsmCoffStrtab.h src/AstNodes/BinaryAnalysis/SgAsmCoffSymbol.h src/AstNodes/BinaryAnalysis/SgAsmDOSExtendedHeader.h src/AstNodes/BinaryAnalysis/SgAsmDOSFileHeader.h src/AstNodes/BinaryAnalysis/SgAsmElfDynamicSection.h src/AstNodes/BinaryAnalysis/SgAsmElfEHFrameEntryCI.h src/AstNodes/BinaryAnalysis/SgAsmElfEHFrameEntryFD.h src/AstNodes/BinaryAnalysis/SgAsmElfEHFrameSection.h src/AstNodes/BinaryAnalysis/SgAsmElfNoteEntry.h src/AstNodes/BinaryAnalysis/SgAsmElfRelocEntry.h src/AstNodes/BinaryAnalysis/SgAsmElfRelocSection.h src/AstNodes/BinaryAnalysis/SgAsmElfSection.h src/AstNodes/BinaryAnalysis/SgAsmElfSectionTable.h src/AstNodes/BinaryAnalysis/SgAsmElfSectionTableEntry.h src/AstNodes/BinaryAnalysis/SgAsmElfSegmentTable.h src/AstNodes/BinaryAnalysis/SgAsmElfSegmentTableEntry.h src/AstNodes/BinaryAnalysis/SgAsmElfStringSection.h src/AstNodes/BinaryAnalysis/SgAsmElfStrtab.h src/AstNodes/BinaryAnalysis/SgAsmElfSymbol.h src/AstNodes/BinaryAnalysis/SgAsmElfSymbolSection.h src/AstNodes/BinaryAnalysis/SgAsmElfSymverDefinedSection.h src/AstNodes/BinaryAnalysis/SgAsmElfSymverNeededSection.h src/AstNodes/BinaryAnalysis/SgAsmElfSymverSection.h src/AstNodes/BinaryAnalysis/SgAsmExecutableFileFormat.h src/AstNodes/BinaryAnalysis/SgAsmFunction.C src/AstNodes/BinaryAnalysis/SgAsmFunction.h src/AstNodes/BinaryAnalysis/SgAsmGenericFile.h src/AstNodes/BinaryAnalysis/SgAsmGenericHeader.h src/AstNodes/BinaryAnalysis/SgAsmGenericSection.h src/AstNodes/BinaryAnalysis/SgAsmGenericString.h src/AstNodes/BinaryAnalysis/SgAsmGenericStrtab.h src/AstNodes/BinaryAnalysis/SgAsmGenericSymbol.h src/AstNodes/BinaryAnalysis/SgAsmInstruction.C src/AstNodes/BinaryAnalysis/SgAsmInstruction.h src/AstNodes/BinaryAnalysis/SgAsmJvmCodeAttribute.h src/AstNodes/BinaryAnalysis/SgAsmLEEntryPoint.h src/AstNodes/BinaryAnalysis/SgAsmLEEntryTable.h src/AstNodes/BinaryAnalysis/SgAsmLEFileHeader.h src/AstNodes/BinaryAnalysis/SgAsmLENameTable.h src/AstNodes/BinaryAnalysis/SgAsmLEPageTable.h src/AstNodes/BinaryAnalysis/SgAsmLERelocTable.h src/AstNodes/BinaryAnalysis/SgAsmLESectionTable.h src/AstNodes/BinaryAnalysis/SgAsmLESectionTableEntry.h src/AstNodes/BinaryAnalysis/SgAsmNEEntryTable.h src/AstNodes/BinaryAnalysis/SgAsmNEFileHeader.h src/AstNodes/BinaryAnalysis/SgAsmNEModuleTable.h src/AstNodes/BinaryAnalysis/SgAsmNENameTable.h src/AstNodes/BinaryAnalysis/SgAsmNERelocEntry.h src/AstNodes/BinaryAnalysis/SgAsmNESectionTable.h src/AstNodes/BinaryAnalysis/SgAsmNESectionTableEntry.h src/AstNodes/BinaryAnalysis/SgAsmNEStringTable.h src/AstNodes/BinaryAnalysis/SgAsmPEFileHeader.h src/AstNodes/BinaryAnalysis/SgAsmPEImportDirectory.h src/AstNodes/BinaryAnalysis/SgAsmPEImportItem.h src/AstNodes/BinaryAnalysis/SgAsmPEImportSection.h src/AstNodes/BinaryAnalysis/SgAsmPERVASizePair.h src/AstNodes/BinaryAnalysis/SgAsmPESectionTableEntry.h src/AstNodes/BinaryAnalysis/SgAsmPEStringSection.h src/AstNodes/BinaryAnalysis/SgAsmStatement.h src/AstNodes/BinaryAnalysis/SgAsmStoredString.h src/AstNodes/BinaryAnalysis/SgAsmStringStorage.h src/AstNodes/Rose/Sarif/Location.h,drop,BinaryAnalysis and Sarif dropped in REX.
5cced87ab10fa67c5f597384c8396fa570b34072,2025-03-04,(Binary Analysis) Regenerated SgAsm* node definitions,src/ROSETTA/src/binaryInstruction.C src/ROSETTA/src/buildAtermSupport.C src/ROSETTA/src/buildStorageClasses.C src/ROSETTA/src/jovialNodes.C src/generated/BinaryAnalysis/SgAsmAarch32Instruction.C src/generated/BinaryAnalysis/SgAsmAarch64Instruction.C src/generated/BinaryAnalysis/SgAsmBlock.C src/generated/BinaryAnalysis/SgAsmCilInstruction.C src/generated/BinaryAnalysis/SgAsmCoffSymbol.C src/generated/BinaryAnalysis/SgAsmDOSExtendedHeader.C src/generated/BinaryAnalysis/SgAsmDOSFileHeader.C src/generated/BinaryAnalysis/SgAsmElfEHFrameEntryCI.C src/generated/BinaryAnalysis/SgAsmElfEHFrameEntryFD.C src/generated/BinaryAnalysis/SgAsmElfRelocEntry.C src/generated/BinaryAnalysis/SgAsmElfSectionTableEntry.C src/generated/BinaryAnalysis/SgAsmElfSegmentTableEntry.C src/generated/BinaryAnalysis/SgAsmElfSymbol.C src/generated/BinaryAnalysis/SgAsmFunction.C src/generated/BinaryAnalysis/SgAsmGenericHeader.C src/generated/BinaryAnalysis/SgAsmGenericSection.C src/generated/BinaryAnalysis/SgAsmGenericSymbol.C src/generated/BinaryAnalysis/SgAsmInstruction.C src/generated/BinaryAnalysis/SgAsmJvmCodeAttribute.C src/generated/BinaryAnalysis/SgAsmJvmInstruction.C src/generated/BinaryAnalysis/SgAsmLEEntryPoint.C src/generated/BinaryAnalysis/SgAsmLEFileHeader.C src/generated/BinaryAnalysis/SgAsmLESectionTableEntry.C src/generated/BinaryAnalysis/SgAsmM68kInstruction.C src/generated/BinaryAnalysis/SgAsmMipsInstruction.C src/generated/BinaryAnalysis/SgAsmNEFileHeader.C src/generated/BinaryAnalysis/SgAsmNERelocEntry.C src/generated/BinaryAnalysis/SgAsmNESectionTable.C src/generated/BinaryAnalysis/SgAsmNESectionTableEntry.C src/generated/BinaryAnalysis/SgAsmNullInstruction.C src/generated/BinaryAnalysis/SgAsmPEFileHeader.C src/generated/BinaryAnalysis/SgAsmPERVASizePair.C src/generated/BinaryAnalysis/SgAsmPESectionTableEntry.C src/generated/BinaryAnalysis/SgAsmPowerpcInstruction.C src/generated/BinaryAnalysis/SgAsmStatement.C src/generated/BinaryAnalysis/SgAsmStaticData.C src/generated/BinaryAnalysis/SgAsmStringStorage.C src/generated/BinaryAnalysis/SgAsmSynthesizedDataStructureDeclaration.C src/generated/BinaryAnalysis/SgAsmSynthesizedDeclaration.C src/generated/BinaryAnalysis/SgAsmSynthesizedFieldDeclaration.C src/generated/BinaryAnalysis/SgAsmUserInstruction.C src/generated/BinaryAnalysis/SgAsmX86Instruction.C src/generated/Rose/Sarif/Analysis.C src/generated/Rose/Sarif/Analysis.h src/generated/Rose/Sarif/Artifact.C src/generated/Rose/Sarif/Artifact.h src/generated/Rose/Sarif/CMakeLists.txt src/generated/Rose/Sarif/CodeFlow.C src/generated/Rose/Sarif/CodeFlow.h src/generated/Rose/Sarif/Location.C src/generated/Rose/Sarif/Location.h src/generated/Rose/Sarif/Log.C src/generated/Rose/Sarif/Log.h src/generated/Rose/Sarif/Makefile.am src/generated/Rose/Sarif/Node.C src/generated/Rose/Sarif/Node.h src/generated/Rose/Sarif/NodeDeclarations.h src/generated/Rose/Sarif/Result.C src/generated/Rose/Sarif/Result.h src/generated/Rose/Sarif/Rule.C src/generated/Rose/Sarif/Rule.h src/generated/Rose/Sarif/ThreadFlow.C src/generated/Rose/Sarif/ThreadFlow.h src/generated/Rose/Sarif/ThreadFlowLocation.C src/generated/Rose/Sarif/ThreadFlowLocation.h src/generated/Rose/Sarif/Tupfile,drop,BinaryAnalysis Sarif and Jovial generated files dropped in REX.
3f4fe1c2fe3d4af963c869e1c647c39f719aaae6,2025-03-04,(Binary Analysis) Replaced `::rose_addr_t` in ROSE tools,tools/BinaryAnalysis/SimpleArch.C tools/BinaryAnalysis/bat-ana.C tools/BinaryAnalysis/bat-cfg.C tools/BinaryAnalysis/bat-cg.C tools/BinaryAnalysis/bat-check-execution.C tools/BinaryAnalysis/bat-debug-semantics.C tools/BinaryAnalysis/bat-delta-bijection.C tools/BinaryAnalysis/bat-dis.C tools/BinaryAnalysis/bat-entropy.C tools/BinaryAnalysis/bat-flir-ascribe.C tools/BinaryAnalysis/bat-linear.C tools/BinaryAnalysis/bat-lsf.C tools/BinaryAnalysis/bat-mem.C tools/BinaryAnalysis/bat-native-trace.C tools/BinaryAnalysis/bat-pointers.C tools/BinaryAnalysis/bat-scan-magic.C tools/BinaryAnalysis/bat-stack-deltas.C tools/BinaryAnalysis/bat-trace.C tools/BinaryAnalysis/bat-var.C tools/BinaryAnalysis/batSupport.C tools/BinaryAnalysis/batSupport.h,drop,BinaryAnalysis tools dropped in REX.
324521e96adc126d44a824a949602b7319df7984,2025-03-04,(Binary Analysis) Replaced `::rose_addr_t` in Rose/BinaryAnalysis,src/Rose/BinaryAnalysis/Architecture/ArmAarch32.C src/Rose/BinaryAnalysis/Architecture/ArmAarch32.h src/Rose/BinaryAnalysis/Architecture/ArmAarch64.C src/Rose/BinaryAnalysis/Architecture/ArmAarch64.h src/Rose/BinaryAnalysis/Architecture/Base.C src/Rose/BinaryAnalysis/Architecture/Base.h src/Rose/BinaryAnalysis/Architecture/Cil.C src/Rose/BinaryAnalysis/Architecture/Cil.h src/Rose/BinaryAnalysis/Architecture/Jvm.C src/Rose/BinaryAnalysis/Architecture/Jvm.h src/Rose/BinaryAnalysis/Architecture/Mips32.C src/Rose/BinaryAnalysis/Architecture/Mips32.h src/Rose/BinaryAnalysis/Architecture/Motorola.C src/Rose/BinaryAnalysis/Architecture/Motorola.h src/Rose/BinaryAnalysis/Architecture/Powerpc.C src/Rose/BinaryAnalysis/Architecture/Powerpc.h src/Rose/BinaryAnalysis/Architecture/X86.C src/Rose/BinaryAnalysis/Architecture/X86.h src/Rose/BinaryAnalysis/AsmFunctionIndex.C src/Rose/BinaryAnalysis/AsmFunctionIndex.h src/Rose/BinaryAnalysis/BestMapAddress.C src/Rose/BinaryAnalysis/BestMapAddress.h src/Rose/BinaryAnalysis/BinaryLoader.C src/Rose/BinaryAnalysis/BinaryLoader.h src/Rose/BinaryAnalysis/BinaryLoaderElf.C src/Rose/BinaryAnalysis/BinaryLoaderElf.h src/Rose/BinaryAnalysis/BinaryLoaderElfObj.C src/Rose/BinaryAnalysis/BinaryLoaderElfObj.h src/Rose/BinaryAnalysis/BinaryLoaderPe.C src/Rose/BinaryAnalysis/BinaryLoaderPe.h src/Rose/BinaryAnalysis/ByteCode/Analysis.C src/Rose/BinaryAnalysis/ByteCode/Analysis.h src/Rose/BinaryAnalysis/ByteCode/Cil.C src/Rose/BinaryAnalysis/ByteCode/Cil.h src/Rose/BinaryAnalysis/ByteCode/Jvm.C src/Rose/BinaryAnalysis/ByteCode/Jvm.h src/Rose/BinaryAnalysis/ByteOrder.C src/Rose/BinaryAnalysis/ByteOrder.h src/Rose/BinaryAnalysis/CallingConvention/Analysis.C src/Rose/BinaryAnalysis/CallingConvention/Definition.h src/Rose/BinaryAnalysis/CodeInserter.C src/Rose/BinaryAnalysis/CodeInserter.h src/Rose/BinaryAnalysis/Concolic/Architecture.C src/Rose/BinaryAnalysis/Concolic/Architecture.h src/Rose/BinaryAnalysis/Concolic/ConcolicExecutor.C src/Rose/BinaryAnalysis/Concolic/ConcolicExecutor.h src/Rose/BinaryAnalysis/Concolic/Emulation.C src/Rose/BinaryAnalysis/Concolic/Emulation.h src/Rose/BinaryAnalysis/Concolic/ExecutionEvent.C src/Rose/BinaryAnalysis/Concolic/ExecutionEvent.h src/Rose/BinaryAnalysis/Concolic/I386Linux/Architecture.C src/Rose/BinaryAnalysis/Concolic/I386Linux/Architecture.h src/Rose/BinaryAnalysis/Concolic/M68kSystem/Architecture.C src/Rose/BinaryAnalysis/Concolic/M68kSystem/Architecture.h src/Rose/BinaryAnalysis/Concolic/M68kSystem/TracingExecutor.C src/Rose/BinaryAnalysis/Concolic/M68kSystem/TracingResult.h src/Rose/BinaryAnalysis/Concolic/SharedMemory.C src/Rose/BinaryAnalysis/Concolic/SharedMemory.h src/Rose/BinaryAnalysis/Concolic/SystemCall.h src/Rose/BinaryAnalysis/ConcreteLocation.C src/Rose/BinaryAnalysis/ConcreteLocation.h src/Rose/BinaryAnalysis/ControlFlow.h src/Rose/BinaryAnalysis/Debugger/Base.C src/Rose/BinaryAnalysis/Debugger/Base.h src/Rose/BinaryAnalysis/Debugger/Gdb.C src/Rose/BinaryAnalysis/Debugger/Gdb.h src/Rose/BinaryAnalysis/Debugger/Linux.C src/Rose/BinaryAnalysis/Debugger/Linux.h src/Rose/BinaryAnalysis/Disassembler/Aarch32.C src/Rose/BinaryAnalysis/Disassembler/Aarch32.h src/Rose/BinaryAnalysis/Disassembler/Aarch64.C src/Rose/BinaryAnalysis/Disassembler/Aarch64.h src/Rose/BinaryAnalysis/Disassembler/Base.C src/Rose/BinaryAnalysis/Disassembler/Base.h src/Rose/BinaryAnalysis/Disassembler/Cil.C src/Rose/BinaryAnalysis/Disassembler/Cil.h src/Rose/BinaryAnalysis/Disassembler/Exception.h src/Rose/BinaryAnalysis/Disassembler/Jvm.C src/Rose/BinaryAnalysis/Disassembler/Jvm.h src/Rose/BinaryAnalysis/Disassembler/M68k.C src/Rose/BinaryAnalysis/Disassembler/M68k.h src/Rose/BinaryAnalysis/Disassembler/Mips.h src/Rose/BinaryAnalysis/Disassembler/Null.C src/Rose/BinaryAnalysis/Disassembler/Null.h src/Rose/BinaryAnalysis/Disassembler/Powerpc.C src/Rose/BinaryAnalysis/Disassembler/Powerpc.h src/Rose/BinaryAnalysis/Disassembler/X86.C src/Rose/BinaryAnalysis/Disassembler/X86.h src/Rose/BinaryAnalysis/FeasiblePath.C src/Rose/BinaryAnalysis/FeasiblePath.h src/Rose/BinaryAnalysis/FunctionSimilarity.C src/Rose/BinaryAnalysis/Hexdump.C src/Rose/BinaryAnalysis/Hexdump.h src/Rose/BinaryAnalysis/InstructionProvider.C src/Rose/BinaryAnalysis/InstructionProvider.h src/Rose/BinaryAnalysis/InstructionSemantics/BaseSemantics/MemoryCell.C src/Rose/BinaryAnalysis/InstructionSemantics/BaseSemantics/MemoryCell.h src/Rose/BinaryAnalysis/InstructionSemantics/BaseSemantics/RegisterStateGeneric.C src/Rose/BinaryAnalysis/InstructionSemantics/ConcreteSemantics.C src/Rose/BinaryAnalysis/InstructionSemantics/ConcreteSemantics.h src/Rose/BinaryAnalysis/InstructionSemantics/DispatcherAarch32.C src/Rose/BinaryAnalysis/InstructionSemantics/DispatcherPowerpc.C src/Rose/BinaryAnalysis/InstructionSemantics/DispatcherX86.C src/Rose/BinaryAnalysis/InstructionSemantics/DispatcherX86.h src/Rose/BinaryAnalysis/InstructionSemantics/LlvmSemantics.C src/Rose/BinaryAnalysis/InstructionSemantics/LlvmSemantics.h src/Rose/BinaryAnalysis/InstructionSemantics/NativeSemantics.C src/Rose/BinaryAnalysis/InstructionSemantics/NativeSemantics.h src/Rose/BinaryAnalysis/LibraryIdentification.C src/Rose/BinaryAnalysis/LibraryIdentification.h src/Rose/BinaryAnalysis/MagicNumber.C src/Rose/BinaryAnalysis/MagicNumber.h src/Rose/BinaryAnalysis/MemoryMap.C src/Rose/BinaryAnalysis/MemoryMap.h src/Rose/BinaryAnalysis/ModelChecker/BasicBlockUnit.C src/Rose/BinaryAnalysis/ModelChecker/BasicBlockUnit.h src/Rose/BinaryAnalysis/ModelChecker/ExecutionUnit.C src/Rose/BinaryAnalysis/ModelChecker/ExecutionUnit.h src/Rose/BinaryAnalysis/ModelChecker/ExternalFunctionUnit.C src/Rose/BinaryAnalysis/ModelChecker/ExternalFunctionUnit.h src/Rose/BinaryAnalysis/ModelChecker/FailureUnit.C src/Rose/BinaryAnalysis/ModelChecker/FailureUnit.h src/Rose/BinaryAnalysis/ModelChecker/InstructionUnit.C src/Rose/BinaryAnalysis/ModelChecker/InstructionUnit.h src/Rose/BinaryAnalysis/ModelChecker/PartitionerModel.C src/Rose/BinaryAnalysis/ModelChecker/PartitionerModel.h src/Rose/BinaryAnalysis/ModelChecker/PathNode.C src/Rose/BinaryAnalysis/ModelChecker/PathNode.h src/Rose/BinaryAnalysis/ModelChecker/PathPrioritizer.C src/Rose/BinaryAnalysis/ModelChecker/SemanticCallbacks.C src/Rose/BinaryAnalysis/ModelChecker/SemanticCallbacks.h src/Rose/BinaryAnalysis/NoOperation.C src/Rose/BinaryAnalysis/NoOperation.h src/Rose/BinaryAnalysis/Partitioner2/AddressUsageMap.C src/Rose/BinaryAnalysis/Partitioner2/AddressUsageMap.h src/Rose/BinaryAnalysis/Partitioner2/BasicBlock.C src/Rose/BinaryAnalysis/Partitioner2/BasicBlock.h src/Rose/BinaryAnalysis/Partitioner2/BasicTypes.h src/Rose/BinaryAnalysis/Partitioner2/CfgPath.C src/Rose/BinaryAnalysis/Partitioner2/Configuration.C src/Rose/BinaryAnalysis/Partitioner2/Configuration.h src/Rose/BinaryAnalysis/Partitioner2/ControlFlowGraph.C src/Rose/BinaryAnalysis/Partitioner2/ControlFlowGraph.h src/Rose/BinaryAnalysis/Partitioner2/DataBlock.C src/Rose/BinaryAnalysis/Partitioner2/DataBlock.h src/Rose/BinaryAnalysis/Partitioner2/DataFlow.C src/Rose/BinaryAnalysis/Partitioner2/DataFlow.h src/Rose/BinaryAnalysis/Partitioner2/Engine.C src/Rose/BinaryAnalysis/Partitioner2/Engine.h src/Rose/BinaryAnalysis/Partitioner2/EngineBinary.C src/Rose/BinaryAnalysis/Partitioner2/EngineBinary.h src/Rose/BinaryAnalysis/Partitioner2/EngineJvm.C src/Rose/BinaryAnalysis/Partitioner2/EngineJvm.h src/Rose/BinaryAnalysis/Partitioner2/Exception.h src/Rose/BinaryAnalysis/Partitioner2/Function.C src/Rose/BinaryAnalysis/Partitioner2/Function.h src/Rose/BinaryAnalysis/Partitioner2/FunctionCallGraph.C src/Rose/BinaryAnalysis/Partitioner2/FunctionCallGraph.h src/Rose/BinaryAnalysis/Partitioner2/FunctionNoop.C src/Rose/BinaryAnalysis/Partitioner2/GraphViz.C src/Rose/BinaryAnalysis/Partitioner2/MayReturnAnalysis.C src/Rose/BinaryAnalysis/Partitioner2/Modules.C src/Rose/BinaryAnalysis/Partitioner2/Modules.h src/Rose/BinaryAnalysis/Partitioner2/ModulesElf.C src/Rose/BinaryAnalysis/Partitioner2/ModulesElf.h src/Rose/BinaryAnalysis/Partitioner2/ModulesLinux.C src/Rose/BinaryAnalysis/Partitioner2/ModulesLinux.h src/Rose/BinaryAnalysis/Partitioner2/ModulesM68k.C src/Rose/BinaryAnalysis/Partitioner2/ModulesM68k.h src/Rose/BinaryAnalysis/Partitioner2/ModulesMips.C src/Rose/BinaryAnalysis/Partitioner2/ModulesMips.h src/Rose/BinaryAnalysis/Partitioner2/ModulesPe.C src/Rose/BinaryAnalysis/Partitioner2/ModulesPe.h src/Rose/BinaryAnalysis/Partitioner2/ModulesPowerpc.C src/Rose/BinaryAnalysis/Partitioner2/ModulesPowerpc.h src/Rose/BinaryAnalysis/Partitioner2/ModulesX86.C src/Rose/BinaryAnalysis/Partitioner2/ModulesX86.h src/Rose/BinaryAnalysis/Partitioner2/Partitioner.C src/Rose/BinaryAnalysis/Partitioner2/Partitioner.h src/Rose/BinaryAnalysis/Partitioner2/Reference.C src/Rose/BinaryAnalysis/Partitioner2/Reference.h src/Rose/BinaryAnalysis/Partitioner2/Semantics.h src/Rose/BinaryAnalysis/Partitioner2/Thunk.C src/Rose/BinaryAnalysis/PointerDetection.C src/Rose/BinaryAnalysis/PointerDetection.h src/Rose/BinaryAnalysis/Reachability.C src/Rose/BinaryAnalysis/Reachability.h src/Rose/BinaryAnalysis/RelativeVirtualAddress.C src/Rose/BinaryAnalysis/RelativeVirtualAddress.h src/Rose/BinaryAnalysis/ReturnValueUsed.h src/Rose/BinaryAnalysis/SRecord.C src/Rose/BinaryAnalysis/SRecord.h src/Rose/BinaryAnalysis/SourceLocations.C src/Rose/BinaryAnalysis/SourceLocations.h src/Rose/BinaryAnalysis/StackDelta.C src/Rose/BinaryAnalysis/StackDelta.h src/Rose/BinaryAnalysis/String.C src/Rose/BinaryAnalysis/String.h src/Rose/BinaryAnalysis/SymbolicExpression.C src/Rose/BinaryAnalysis/ToSource.C src/Rose/BinaryAnalysis/ToSource.h src/Rose/BinaryAnalysis/Unparser/Base.C src/Rose/BinaryAnalysis/Unparser/Base.h src/Rose/BinaryAnalysis/Unparser/EdgeArrows.C src/Rose/BinaryAnalysis/Variables/BaseVariable.C src/Rose/BinaryAnalysis/Variables/BaseVariable.h src/Rose/BinaryAnalysis/Variables/GlobalVariable.C src/Rose/BinaryAnalysis/Variables/GlobalVariable.h src/Rose/BinaryAnalysis/Variables/StackVariable.C src/Rose/BinaryAnalysis/Variables/StackVariable.h src/Rose/Sarif/Location.C src/Rose/StringUtility/StringToNumber.h,drop,BinaryAnalysis and Sarif dropped in REX.
0f775c32bf26e91250a79405c33dcf00bec03409,2025-03-04,(Binary Analysis) Replaced `::rose_addr_t` in MIPS decoder,src/Rose/BinaryAnalysis/Disassembler/Mips.C,drop,BinaryAnalysis dropped in REX.
89eaadf017bb6b62be195f9afc677c0853201b88,2025-03-04,(Binary Analysis) Replaced `::rose_addr_t` in SgAsm* implementations,src/frontend/BinaryFormats/BinaryVxcoreParser.C src/frontend/BinaryFormats/CilImpl.C src/frontend/BinaryFormats/ElfDynamicLinking.C src/frontend/BinaryFormats/ElfErrorFrame.C src/frontend/BinaryFormats/ElfFileHeader.C src/frontend/BinaryFormats/ElfNote.C src/frontend/BinaryFormats/ElfRelocation.C src/frontend/BinaryFormats/ElfSection.C src/frontend/BinaryFormats/ElfSectionTable.C src/frontend/BinaryFormats/ElfSegmentTable.C src/frontend/BinaryFormats/ElfStringTable.C src/frontend/BinaryFormats/ElfSymbolTable.C src/frontend/BinaryFormats/ElfSymbolVersion.C src/frontend/BinaryFormats/ExecDOS.C src/frontend/BinaryFormats/ExecLE.C src/frontend/BinaryFormats/ExecNE.C src/frontend/BinaryFormats/ExtentMap.C src/frontend/BinaryFormats/GenericFile.C src/frontend/BinaryFormats/GenericHeader.C src/frontend/BinaryFormats/GenericSection.C src/frontend/BinaryFormats/GenericString.C src/frontend/BinaryFormats/Jvm.h src/frontend/BinaryFormats/JvmAttribute.C src/frontend/BinaryFormats/JvmComposite.C src/frontend/BinaryFormats/JvmFileHeader.C src/frontend/BinaryFormats/PeExport.C src/frontend/BinaryFormats/PeFileHeader.C src/frontend/BinaryFormats/PeImportDirectory.C src/frontend/BinaryFormats/PeImportItem.C src/frontend/BinaryFormats/PeImportSection.C src/frontend/BinaryFormats/PeRvaSizePair.C src/frontend/BinaryFormats/PeStringTable.C src/frontend/BinaryFormats/PeSymbolTable.C src/frontend/Disassemblers/Assembler.C src/frontend/Disassemblers/Assembler.h,drop,BinaryAnalysis and disassembler frontends dropped in REX.
cf23c31d317b2dffeb929eec2cdab0c20e9d1204,2025-03-04,(Binary Analysis) Replaced `::rose_addr_t` in miscellaneous locations,docs/Rose/Tutorial/binaryConstruction.tex scripts/generate-api-documentation src/ROSETTA/Grammar/Node.code src/ROSETTA/src/buildAtermSupport.C src/ROSETTA/src/buildStorageClasses.C src/frontend/Disassemblers/cilgen/blueprint/rootutil.txt src/frontend/SageIII/astFileIO/StorageClassMemoryManagement.C src/frontend/SageIII/astFileIO/StorageClassMemoryManagement.h src/frontend/SageIII/sageInterface/SageBuilderAsm.C src/frontend/SageIII/sageInterface/SageBuilderAsm.h src/frontend/SageIII/sageInterface/sageContainer.h src/frontend/SageIII/virtualCFG/virtualBinCFG.h src/midend/BinaryAnalysis/ether.h src/roseExtensions/qtWidgets/AsmView/AsmView.cpp src/roseExtensions/qtWidgets/NodeInfoWidget/NodeInfoWidget.cpp src/roseExtensions/qtWidgets/util/SgNodeUtil.cpp src/roseExtensions/qtWidgets/util/SgNodeUtil.h src/roseSupport/rangemap.h src/util/rose_extent.h,drop,BinaryAnalysis and related tooling dropped in REX.
e8a776878aa84ab0d502d21dc5aee65156bf5265,2025-03-05,(ast) Make traversal successor accessors const,src/ROSETTA/Grammar/Common.code src/ROSETTA/src/grammar.C src/ROSETTA/src/grammar.h,pick,Traversal successor accessors now const and use const_iterator.
1b15d41486e1577183457e58089bb50cad4ad944,2025-03-05,(codethorn) callgraph for C++,src/frontend/SageIII/sageInterface/sageGeneric.h tools/CodeThorn/src/CallGraphAnalysis.C tools/CodeThorn/src/CallGraphAnalysis.h tools/CodeThorn/src/CallGraphExport.C tools/CodeThorn/src/ClassHierarchyAnalysis.C tools/CodeThorn/src/ClassHierarchyAnalysis.h tools/CodeThorn/src/ClassHierarchyWriter.C tools/CodeThorn/src/FunctionCallMapping2.C tools/CodeThorn/src/ObjectLayoutAnalysis.C tools/CodeThorn/src/ObjectLayoutAnalysis.h tools/CodeThorn/src/RoseCompatibility.C tools/CodeThorn/src/RoseCompatibility.h tools/CodeThorn/src/thorn2.C,pick-partial,CodeThorn dropped; sageGeneric change not present in REX.
89966fbc92c03e26a3b882a5d4542ac00dd02c76,2025-03-05,(Release) Incremented version to 0.11.145.236,ROSE_VERSION config/SCM_DATE configure.ac src/frontend/CxxFrontend/EDG_VERSION,pick-partial,Updated ROSE_VERSION only; skipped EDG_VERSION configure SCM_DATE.
67d34ab99f664b1674a33699bf1b9cbfdaa2acfe,2025-03-07,(POET-connect) Fix broken connections to POET,src/3rdPartyLibraries/POET/AutoTuningInterface.cpp src/backend/unparser/FortranCodeGeneration/UnparserFortran.C src/backend/unparser/FortranCodeGeneration/UnparserFortran.h src/backend/unparser/UnparserDelegate.h src/backend/unparser/languageIndependenceSupport/unparseLanguageIndependentConstructs.C src/backend/unparser/unparser.C src/midend/astUtil/astInterface/AstInterface.C src/midend/programTransformation/loopProcessing/driver/AutoTuningInterface.C src/midend/programTransformation/loopProcessing/driver/AutoTuningInterface.h,pick-partial,Updated UnparseDelegate signature and Fortran unparser; skipped POET subtree and autotuning interface changes.
202509e153d6b3b4a3395940664582e2c948e3e7,2025-03-08,(ByteCode JVM) Implement the JVM Synthetic attribute,src/AstNodes/BinaryAnalysis/SgAsmJvmSynthetic.h src/CMakeLists.txt src/ROSETTA/astNodeList src/ROSETTA/src/Makefile.am src/ROSETTA/src/binaryInstruction.C src/frontend/BinaryFormats/JvmAttribute.C src/frontend/SageIII/Makefile.am src/generated/BinaryAnalysis/CMakeLists.txt src/generated/BinaryAnalysis/Makefile.am src/generated/BinaryAnalysis/SgAsmJvmSynthetic.C src/generated/BinaryAnalysis/Tupfile,drop,BinaryAnalysis JVM support dropped in REX.
ec52cfbc33d3b1e7f02122b229679b80d1462d78,2025-03-08,(Engineering) Fix compiler warnings issued by (Apple) clang,src/frontend/SageIII/astPostProcessing/addIncludeDirectives.C,drop,File not present in REX.
88286868b6ba1fc9884fb4e32d5c12369717334e,2025-03-08,(Release) Incremented version to 0.11.145.237,ROSE_VERSION config/SCM_DATE configure.ac src/frontend/CxxFrontend/EDG_VERSION,pick-partial,Updated ROSE_VERSION only; skipped EDG_VERSION configure SCM_DATE.
4196f9d833e2101fd4eb8c0852e847a12eae425d,2025-03-08,(Engineering) Fix compiler warnings issued by (Apple) clang,src/frontend/SageIII/astPostProcessing/addIncludeDirectives.h,drop,File not present in REX.
5ba40ce53cccfd360e62037026ea175ffe70d14d,2025-03-10,(ByteCode JVM) Implement the JVM Deprecated attribute,src/AstNodes/BinaryAnalysis/SgAsmJvmDeprecated.h src/CMakeLists.txt src/ROSETTA/astNodeList src/ROSETTA/src/Makefile.am src/ROSETTA/src/binaryInstruction.C src/frontend/BinaryFormats/JvmAttribute.C src/frontend/SageIII/Makefile.am src/generated/BinaryAnalysis/CMakeLists.txt src/generated/BinaryAnalysis/Makefile.am src/generated/BinaryAnalysis/SgAsmJvmDeprecated.C src/generated/BinaryAnalysis/Tupfile,drop,BinaryAnalysis JVM support dropped in REX.
8e3d3541c350f131133ce5d364f8c909a172c7de,2025-03-10,(Release) Incremented version to 0.11.145.238,ROSE_VERSION config/SCM_DATE configure.ac src/frontend/CxxFrontend/EDG_VERSION,pick-partial,Updated ROSE_VERSION only; skipped EDG_VERSION configure SCM_DATE.
5760bb3e1c8695b040ce5342604a745e55c3bea2,2025-03-10,(Engineering) Fix compiler warnings issued by (Apple) clang,src/frontend/SageIII/astPostProcessing/fixupInitializers.C src/frontend/SageIII/astPostProcessing/fixupInitializers.h,pick,Null checks updated and assignment operators defaulted to silence warnings.
de2351ec3ea8a784da57a70d091265886e988417,2025-03-11,(Release) Incremented version to 0.11.145.239,ROSE_VERSION config/SCM_DATE configure.ac src/frontend/CxxFrontend/EDG_VERSION,pick-partial,Updated ROSE_VERSION only; skipped EDG_VERSION configure SCM_DATE.
fea507a597f4ec1346362a0c37140b820ead80c2,2025-03-12,(cleanup) removed old printf debugging statement,src/AstNodes/Expression/SgConstructorInitializer.C,pick,Removed obsolete debug printf in post_construction_initialization.
6e36d8034fec91f4398a784f79ed243c58dd8b40,2025-03-12,(CICD) Increasing the timeout limit for Coverage Analysis,.gitlab-ci.yml,drop,CI config not used in REX.
2c70ded4d2c56c0c1afacc623dc0c83ffa934afc,2025-03-12,(Engineering) Fix compiler warnings issued by (Apple) clang,src/frontend/SageIII/astPostProcessing/markSharedDeclarationsForOutputInCodeGeneration.C src/frontend/SageIII/astPostProcessing/markSharedDeclarationsForOutputInCodeGeneration.h,pick,Null checks updated and assignment operator defaulted to quiet warnings.
5dbffa1184a4210445c94920b7ff5e3106aa9fed,2025-03-12,(functional testing) SageInterface::insertStatement(),rose-tests,drop,Only rose-tests repo referenced; no REX files changed.
9eede4e271df9542be9d1250048c8588f418fa06,2025-03-12,(Release) Incremented version to 0.11.145.240,ROSE_VERSION config/SCM_DATE configure.ac src/frontend/CxxFrontend/EDG_VERSION,pick-partial,Updated ROSE_VERSION only; skipped EDG_VERSION configure SCM_DATE.
e21e712540bbe3335ce8a76a9491800cd554d17b,2025-03-13,(Binary Analysis) Added ways to save/restore breakpoints,src/Rose/BinaryAnalysis/Debugger/Base.h src/Rose/BinaryAnalysis/Debugger/Gdb.C src/Rose/BinaryAnalysis/Debugger/Gdb.h src/Rose/BinaryAnalysis/Debugger/Linux.C src/Rose/BinaryAnalysis/Debugger/Linux.h,drop,BinaryAnalysis debugger dropped in REX.
129db7c3abcd11bfd64054c1b1b219e11182adc9,2025-03-13,(CMake) Add detection of <sys/personality.h>,CMakeLists.txt rose_config.h.in.cmake src/featureTests.h,drop,BinaryAnalysis debugger support dropped in REX.
147036e164f8e48e40559e66e90fce86906d448a,2025-03-13,(Engineering) Fix compiler warnings issued by (Apple) clang,src/frontend/SageIII/astPostProcessing/fixupFunctionDefaultArguments.C,pick,Null checks tightened and unused params silenced.
45713d86b9146b63d7d912d3145f31ab8d7bc839,2025-03-13,(Release) Incremented version to 0.11.145.241,ROSE_VERSION config/SCM_DATE configure.ac src/frontend/CxxFrontend/EDG_VERSION,pick-partial,Updated ROSE_VERSION only; skipped EDG_VERSION configure SCM_DATE.
06d60cfa2c2088b11e175cbeb2a495c8fb0ddaf5,2025-03-13,(CodeThorn) fix: test if function can be generated,src/frontend/SageIII/sageInterface/sageGeneric.h src/frontend/SageIII/sageInterface/sageInterfaceAda.C tools/CodeThorn/src/CallGraphAnalysis.C tools/CodeThorn/src/CallGraphAnalysis.h tools/CodeThorn/src/CallGraphExport.C tools/CodeThorn/src/CallGraphExport.h tools/CodeThorn/src/ClassHierarchyAnalysis.C tools/CodeThorn/src/FunctionCallMapping2.C tools/CodeThorn/src/NormalizationCxx.C tools/CodeThorn/src/ObjectLayoutAnalysis.C tools/CodeThorn/src/RoseCompatibility.C tools/CodeThorn/src/RoseCompatibility.h tools/CodeThorn/src/thorn2.C,drop,CodeThorn and Ada dropped in REX.
a1b74dbcf3d467f3365dc798c3a05ac73bae9152,2025-03-14,(Release) Incremented version to 0.11.145.242,ROSE_VERSION config/SCM_DATE configure.ac src/frontend/CxxFrontend/EDG_VERSION,pick-partial,Updated ROSE_VERSION only; skipped EDG_VERSION configure SCM_DATE.
a81aa4c534fb0caa2944ad52e2ba7a74f4519e5b,2025-03-15,(Tup) Added new JVM AST nodes to Tup build system,Tuprules.tup,drop,Tup inventory only and JVM BinaryAnalysis dropped in REX.
91df49a82d01a7d33f36745c0c6020d0df2aeed3,2025-03-15,Fix compiler warnings from Apple clang,src/frontend/SageIII/astPostProcessing/checkPhysicalSourcePosition.C src/frontend/SageIII/astPostProcessing/fixupConstantFoldedValues.C src/frontend/SageIII/astPostProcessing/fixupDeclarationScope.C src/frontend/SageIII/astPostProcessing/resetParentPointers.h,pick,Applied nullptr and ASSERT updates in fixupDeclarationScope and resetParentPointers. Unused parameter fixes already present in checkPhysicalSourcePosition and fixupConstantFoldedValues.
6201557da7de75c8f985db9416972a76c3a35fc6,2025-03-15,Release version bump to 0.11.145.243,ROSE_VERSION config/SCM_DATE configure.ac src/frontend/CxxFrontend/EDG_VERSION,pick-partial,Updated ROSE_VERSION only and skipped EDG_VERSION configure and SCM_DATE.
dce07940c84460fe86066debf7020d4cfe93096d,2025-03-17,Documentation fixes in BinaryAnalysis headers,src/Rose/BinaryAnalysis/CallingConvention.h src/Rose/BinaryAnalysis/CallingConvention/Definition.h src/Rose/BinaryAnalysis/Debugger.h,drop,BinaryAnalysis dropped in REX.
782904fad495a54dcb426d70edf26628f20fb0b1,2025-03-17,Fix debugger bug and overflow in BinaryAnalysis,src/Rose/BinaryAnalysis/Debugger/Linux.C,drop,BinaryAnalysis dropped in REX.
27937f6ae26f639b3032c29a249343e5d1a5b824,2025-03-18,Add SgSignedCharVal to the SAGE AST,src/ROSETTA/astNodeList src/ROSETTA/src/buildStorageClasses.C src/ROSETTA/src/expression.C src/backend/unparser/languageIndependenceSupport/unparseLanguageIndependentConstructs.C src/backend/unparser/languageIndependenceSupport/unparseLanguageIndependentConstructs.h src/frontend/SageIII/manglingSupport.C src/frontend/SageIII/sageInterface/sageBuilder.C src/frontend/SageIII/sageInterface/sageBuilder.h,pick-partial,Applied ROSETTA unparser mangling and builder updates for SgSignedCharVal. buildStorageClasses.C not present in REX so skipped type mapping.
d93ce5cb8ac5b261dd913c483eb32d0c0aadb46d,2025-03-18,Bump EDG submodule for SgSignedCharVal,src/frontend/CxxFrontend/EDG,drop,EDG frontend dropped in REX.
2a84a5cf8ee79b4d72002a769336cc8e7201f07a,2025-03-18,Add signed char vals to language independent unparsing,src/backend/unparser/languageIndependenceSupport/unparseLanguageIndependentConstructs.C,pick,Added SIGNED_CHAR_VAL handling in unparseExpression value switch.
5544aa1e9b4b69332738398b0ea6ac67c5ef0cde,2025-03-18,Release version bump to 0.11.145.244,ROSE_VERSION config/SCM_DATE configure.ac src/frontend/CxxFrontend/EDG_VERSION,pick-partial,Updated ROSE_VERSION only and skipped EDG_VERSION configure and SCM_DATE.
7dbb4499d5866f72cb0ebeff33c7ac79c92cb4f2,2025-03-18,Fix amd64 syscalls in BinaryAnalysis debugger,src/Rose/BinaryAnalysis/Debugger/Linux.C src/Rose/BinaryAnalysis/Debugger/Linux.h,drop,BinaryAnalysis dropped in REX.
c67ad575f921120ee1ac3b5b8acc6ed788e617c1,2025-03-18,Model checker stack space in BinaryAnalysis,src/Rose/BinaryAnalysis/ModelChecker/PartitionerModel.C,drop,BinaryAnalysis dropped in REX.
37c074dd240a6f734f79c366190b5447399cafe8,2025-03-19,Release version bump to 0.11.145.245,ROSE_VERSION config/SCM_DATE configure.ac src/frontend/CxxFrontend/EDG_VERSION,pick-partial,Updated ROSE_VERSION only and skipped EDG_VERSION configure and SCM_DATE.
aa102e93e8355e965ff464df7f61424fec1f0ef3,2025-03-20,Do not select all dependences for empty input,src/midend/astUtil/dependenceTracking/dependence_table.C,pick,Removed fallback to saved_sources_ when input is empty.
f8ad5695f183585b25cf0a16d24682a21bad524c,2025-03-21,Release version bump to 0.11.145.246,ROSE_VERSION config/SCM_DATE configure.ac src/frontend/CxxFrontend/EDG_VERSION,pick-partial,Updated ROSE_VERSION only and skipped EDG_VERSION configure and SCM_DATE.
b4921216e212507de96db4ccde0e1c467203238d,2025-03-21,Replace some cerr warnings with mlog,src/backend/unparser/JovialCodeGeneration/unparseJovial_statements.C src/frontend/SageIII/sageInterface/sageInterface.C,pick-partial,Updated sageInterface logging with MLOG_ERROR_CXX and dropped Jovial unparser changes.
db73efe8e45a93a5e3561d5516121e70b1993cfa,2025-03-25,Remove old printf debugging statement,src/AstNodes/Expression/SgSubscriptExpression.C,pick,Removed debug printf block in SgSubscriptExpression::get_type.
1f009bdc02db46084da5d43dbc49516742331163,2025-03-26,Add interface for read write set analysis,src/midend/astUtil/AstUtilInterface.C src/midend/astUtil/AstUtilInterface.h src/midend/astUtil/dependenceTracking/dependence_analysis.C src/midend/astUtil/dependenceTracking/dependence_table.h,drop,ReadWriteSet analysis dropped in REX.
8eb71b6f96c39b132ccf1af733763f12208e5aeb,2025-03-26,Add makeImplies helper in BinaryAnalysis symbolic expression,src/Rose/BinaryAnalysis/SymbolicExpression.C src/Rose/BinaryAnalysis/SymbolicExpression.h,drop,BinaryAnalysis dropped in REX.
a5748554136fcd8445c3ee4eb810eae0e318e1ed,2025-03-26,Fix integer overflow in BinaryAnalysis debugger,src/Rose/BinaryAnalysis/Debugger/Linux.C,drop,BinaryAnalysis dropped in REX.
5760e8058dd1e786e20c9a885c73a6c53f839a21,2025-03-26,SymbolicExpression integer overloads in BinaryAnalysis,src/Rose/BinaryAnalysis/SymbolicExpression.C src/Rose/BinaryAnalysis/SymbolicExpression.h,drop,BinaryAnalysis dropped in REX.
5648eb20af179d2c0310004327932d1ab6daafad,2025-03-26,Release version bump to 0.11.145.247,ROSE_VERSION config/SCM_DATE configure.ac src/frontend/CxxFrontend/EDG_VERSION,pick-partial,Updated ROSE_VERSION only and skipped EDG_VERSION configure and SCM_DATE.
0cd525e57748c73a05519f0d17124383dc49d154,2025-03-31,Fix Apple clang warnings in astFileIO and astFromString,src/frontend/SageIII/astFileIO/StorageClassMemoryManagement.h src/frontend/SageIII/astFromString/ParserBuilder.cpp,drop,"astFileIO and astFromString dropped in REX; removed astFileIO tutorial chapter, astFromString parserBuildingBlocks chapter, and tutorial input references; removed astFileIO mentions in tests and config comment."
b976a2f7738e719090f34c4eb3ae5d8f8cd26e9f,2025-04-01,Release version bump to 0.11.145.248,ROSE_VERSION config/SCM_DATE configure.ac src/frontend/CxxFrontend/EDG_VERSION,pick-partial,Updated ROSE_VERSION only and skipped EDG_VERSION configure and SCM_DATE.
a9ca3641a1656af3205d409a3c47af9f9640134f,2025-04-08,Model checker stack allocation in BinaryAnalysis,src/Rose/BinaryAnalysis/ModelChecker/PartitionerModel.C,drop,BinaryAnalysis dropped in REX.
658f2eaea0aef52fb57a18dd61ac75ffbe47a18c,2025-04-08,Cleaned up warnings in BinaryAnalysis and Sawyer,src/Rose/BinaryAnalysis/Debugger/Linux.C src/Rose/BinaryAnalysis/Debugger/Linux.h src/Rose/BinaryAnalysis/Disassembler/Null.C src/Rose/BinaryAnalysis/Disassembler/X86.C src/Rose/BinaryAnalysis/InstructionSemantics/BaseSemantics/AddressSpace.C src/Rose/BinaryAnalysis/InstructionSemantics/BaseSemantics/SValue.C src/Rose/BinaryAnalysis/InstructionSemantics/BaseSemantics/SValue.h src/Rose/BinaryAnalysis/Variables/BaseVariable.C src/Rose/BinaryAnalysis/Variables/BaseVariable.h src/Rose/BinaryAnalysis/Variables/StackVariable.C src/Rose/BinaryAnalysis/Variables/StackVariable.h src/Sawyer/AddressMap.h src/frontend/BinaryFormats/GenericSection.C,drop,BinaryAnalysis Sawyer and BinaryFormats dropped in REX.
aced4a3f79a95a0182c8bc814fa68224ba195ecf,2025-04-08,Improve BinaryAnalysis debugger diagnostics,src/Rose/BinaryAnalysis/Debugger/Linux.C,drop,BinaryAnalysis dropped in REX.
99370f8acbd9b1befe108e7313621f18f98d7631,2025-04-08,BinaryAnalysis unparser compact fallthrough option,src/Rose/BinaryAnalysis/Unparser/Base.C src/Rose/BinaryAnalysis/Unparser/Base.h src/Rose/BinaryAnalysis/Unparser/Settings.h,drop,BinaryAnalysis dropped in REX.
c05bee18428a059b94e6b8cf2f6ce70ccc577c5c,2025-04-08,Disassembler margin arrow fixes in BinaryAnalysis,src/Rose/BinaryAnalysis/Unparser/Base.C src/Rose/BinaryAnalysis/Unparser/Base.h src/Rose/BinaryAnalysis/Unparser/EdgeArrows.C src/Rose/BinaryAnalysis/Unparser/EdgeArrows.h,drop,BinaryAnalysis dropped in REX.
02a9475ebb0dbaf46513b69031ad383d2d8098a7,2025-04-08,Mark SgSignedCharVal nodes to be visited,src/frontend/SageIII/sageInterface/sageGeneric.h,pick,Added GEN_VISIT for SgSignedCharVal.
63d78c68f63e6d1480ec76397b4859cf05216665,2025-04-08,Add SgSignedCharVal to SageInterface function,src/frontend/SageIII/sageInterface/sageInterface.C,pick,Handled V_SgSignedCharVal in getIntegerConstantValue.
bcfff1ee89650ac97a95bf35f47dc5dbbd6fe18e,2025-04-08,Improve support for SgSignedCharVal,src/backend/unparser/languageIndependenceSupport/unparseLanguageIndependentConstructs.C src/frontend/SageIII/sage_support/sage_support.C src/midend/astDiagnostics/AstConsistencyTests.C src/midend/astDiagnostics/AstStatistics.C src/midend/astUtil/astInterface/AstInterface.C,pick,Added SgSignedCharVal handling in unparser precedence and value string conversion and diagnostics utilities.
c65b7ba1a9f28d71c740554c85fc0bb6f6e33599,2025-04-08,Add support for SgSignedCharVal in midend,src/midend/programTransformation/constantFolding/constantFolding.C src/midend/programTransformation/partialRedundancyElimination/expressionTreeEqual.C,pick,Added signed char handling in constant folding and expression tree equality.
9092ae02cfbe16adb7ad2543c0b9b5c500c3c061,2025-04-08,Reorder SgSignedCharVal in astNodeList,src/ROSETTA/astNodeList,pick,Moved SgSignedCharVal to end of astNodeList for enum stability.
05c6da1dfa725875d4825ecf62fd362019433736,2025-04-08,Band aid deleteAST use after free workaround,src/frontend/SageIII/sageInterface/sageInterface.C,drop,Band aid delete skip not acceptable in REX and needs root cause fix.
5b1d71a80ea301b429798172dae35955ff0977ae,2025-04-08,Revert use after free patch in deleteAST,src/frontend/SageIII/sageInterface/sageInterface.C,drop,Delete node already present since band aid was not applied in REX.
70f2dec0e56626bf51f0e376ab0b61aeae772700,2025-04-08,Update EDG submodule for use after free fix,src/frontend/CxxFrontend/EDG,drop,EDG frontend dropped in REX.
11ba4c137c69f6ecbee15317e89670fa1d56cc65,2025-04-08,Release version bump to 0.11.145.249,ROSE_VERSION config/SCM_DATE configure.ac src/frontend/CxxFrontend/EDG_VERSION,pick-partial,Updated ROSE_VERSION only and skipped EDG_VERSION configure and SCM_DATE.
074028d28ccadeb9f947b592f452c9f26ec10ee6,2025-04-08,Regenerated enum to string functions,src/roseSupport/stringify.C src/roseSupport/stringify.h,drop,src/roseSupport not present in REX.
837610d99863e64c015a611dbc85807c5458673f,2025-04-08,Arrow debugging fix in BinaryAnalysis unparser,src/Rose/BinaryAnalysis/Unparser/Base.C src/Rose/BinaryAnalysis/Unparser/Base.h,drop,BinaryAnalysis dropped in REX.
dc64991d94a26e1df5d840d04f8125d9a793a82e,2025-04-08,Improve AMD64 switch matching in BinaryAnalysis,src/Rose/BinaryAnalysis/Partitioner2/ModulesX86.C src/Rose/BinaryAnalysis/Partitioner2/ModulesX86.h,drop,BinaryAnalysis dropped in REX.
628c450f62f4cfb3c8568e2cf0033cac9ec89a72,2025-04-11,Fix Apple clang warnings in frontierDetection,src/frontend/SageIII/astTokenStream/frontierDetection.C,pick-partial,Updated frontierDetection cleanup and nullptr and ASSERT changes and removed EDG include map usage.
145395c1a9c212fb5c40a840ad6d0153021f05fe,2025-04-11,Rename C14 and C18 standards to C17 and C23,src/ROSETTA/Grammar/Support.code src/frontend/SageIII/sage_support/cmdline.C,pick,Updated C standard enums and options to use C17 and C23.
f35251a0c48416fdeecba349de06009d350c0767,2025-04-11,Add support for -std c2y c++23 and c++26,src/ROSETTA/Grammar/Support.code src/frontend/SageIII/sage_support/cmdline.C,pick-partial,Added C2y and Cxx23 Cxx26 standards; removed UPC/UPCXX -std options per drop list.
f5e8a7a857b7b2f700e4eb3d1e3ddabdc0118bb6,2025-04-11,Pass -std c2x and c++2c to backend compiler,src/frontend/SageIII/sage_support/a.out src/frontend/SageIII/sage_support/cmdline.C,pick-partial,Updated backend -std flags to c2x and c++2c and skipped a.out not present in REX.
1334bcd21b16c6c9378a44704047f37fae748b3a,2025-04-11,Remove erroneously added a.out file,src/frontend/SageIII/sage_support/a.out,drop,a.out not present in REX.
d0e36ff94988261cf22c0135c03a665e1c5d51ff,2025-04-11,Add AST diagnostics for template name generation,src/ROSETTA/Grammar/Statement.code,pick,Switched shift operator name rule from assert to warning with diagnostics and removed boost comment per drop list.
8d56879330ca8969776e75cfba45ada37810cceb,2025-04-11,Release version bump to 0.11.145.250,ROSE_VERSION config/SCM_DATE configure.ac src/frontend/CxxFrontend/EDG_VERSION,pick-partial,Updated ROSE_VERSION only and skipped EDG_VERSION configure and SCM_DATE.
da47a389c3cbd68bc6935ae33d4b24227e3873f9,2025-04-11,Extend template value matching for booleans,src/frontend/SageIII/sageInterface/sageInterface.C,pick,Added bool handling in templateArgumentEquivalence and improved fatal logging.
ff7530f0122fb82fa86beefb30eeacb3329bf5a9,2025-04-11,Extend CodeThorn callgraph analysis,tools/CodeThorn/src/CallGraphAnalysis.C tools/CodeThorn/src/CallGraphAnalysis.h tools/CodeThorn/src/CallGraphExport.C tools/CodeThorn/src/CallGraphExport.h,drop,CodeThorn dropped in REX.
6828c2856ee2f0c1d7cf963fc5423ed34b0a64d3,2025-04-13,Release version bump to 0.11.145.251,ROSE_VERSION config/SCM_DATE configure.ac src/frontend/CxxFrontend/EDG_VERSION,pick-partial,Updated ROSE_VERSION only and skipped EDG_VERSION configure and SCM_DATE.
2f202189f5c67c7f2254d4e6a5d7773c12851b8c,2025-04-17,(PrePostConditionAnalysis) Add structure for analysis,src/midend/astUtil/prePostConditionAnalysis src/midend/astUtil/symbolicVal/SymbolicVal.h,pick-partial,Added pre post condition skeleton and SYMOP_AND OR EQ; skipped Makefile.am and removed Boost shell include from CMakeLists
62bfacb5a85846f2e0c069575e84d0b2cd08430f,2025-04-19,(Mac) Patches for Xcode v.17,config/choose-backend-compiler.m4 config/compiler-defs.m4,drop,Autotools config and mac support dropped in REX
5c9d8859d38a320d577d7f592a98f4fb762051fc,2025-04-19,(Release) Incremented version to 0.11.145.252,ROSE_VERSION config/SCM_DATE configure.ac src/frontend/CxxFrontend/EDG_VERSION,pick-partial,Updated ROSE_VERSION only and skipped EDG_VERSION configure and SCM_DATE
be39a074b58d7dd928401d7b3b97f3acb5444c90,2025-04-19,(CMake) Adding check-core target,src/CMakeLists.txt,pick-partial,Added check-core target for C C++ and Fortran and skipped Boost Ada and BinaryAnalysis checks
7ee72f3530d44b3eb57f163bd35b1339a0885de5,2025-04-19,(CMake) check-core for Fortran and Ada,src/CMakeLists.txt,pick-partial,Added Fortran cleanup in check-core and skipped Ada block
22ca45ee42ad5b9518387df64b40b6490ba8c110,2025-04-19,(CMake) Add CodeThorn toggle,src/CMakeLists.txt tools/CodeThorn/src/CMakeLists.txt,pick-partial,Applied rm -f cleanup in check-core and skipped CodeThorn toggle
e1d27d437d393066e7b1e39eba3044aa883dc97a,2025-04-20,(Release) Incremented version to 0.11.145.253,ROSE_VERSION config/SCM_DATE configure.ac src/frontend/CxxFrontend/EDG_VERSION,pick-partial,Updated ROSE_VERSION only and skipped EDG_VERSION configure and SCM_DATE
fcb33ecf9d660f1ff641e93096ee060429724f0e,2025-04-21,(SideEffect) Extend AstUtilInterface in supporting read write call sets,src/midend/astUtil/AstUtilInterface.h src/midend/astUtil/astInterface/AstInterface.C src/midend/astUtil/astInterface/AstInterface.h src/midend/astUtil/astSupport/StmtInfoCollect.C,pick,Added call set support and UNKNOWN_FUNCTION_CALL tagging in AstNodePtr and StmtInfoCollect
42a4cad2ec4f60dcccd492229dc928fc2f69f38d,2025-04-23,(Release) Incremented version to 0.11.145.254,ROSE_VERSION config/SCM_DATE configure.ac src/frontend/CxxFrontend/EDG_VERSION,pick-partial,Updated ROSE_VERSION only and skipped EDG_VERSION configure and SCM_DATE
562abb3f273fdf9c02a1415562203376b85c11d6,2025-04-24,(fix) relax virtual declaration modifier test,tools/CodeThorn/src/RoseCompatibility.C,drop,CodeThorn dropped in REX
416a378028ddb5af8a77fb451b8726e9066061ae,2025-04-24,(Engineering) Fix compiler warnings issued by Apple clang,src/midend/abstractLayer/Labeler.C,drop,Labeler.C not present in REX
6f604f3e8c52fcee2bec8c172490e193a88d2a9c,2025-04-24,(ByteCode JVM) Implement JVM classpath,src/Rose/BinaryAnalysis/Partitioner2,drop,BinaryAnalysis dropped in REX
4ad215ad17b1aafa2d515c6a8e1ac0492276688f,2025-04-24,(Release) Incremented version to 0.11.145.255,ROSE_VERSION config/SCM_DATE configure.ac src/frontend/CxxFrontend/EDG_VERSION,pick-partial,Updated ROSE_VERSION only and skipped EDG_VERSION configure and SCM_DATE
f33d83f790a922a390909da360926eaf5edb7126,2025-04-24,(ByteCode JVM) Implement JVM classpath,src/Rose/BinaryAnalysis/Partitioner2/EngineJvm.C,drop,BinaryAnalysis dropped in REX
fce91d5b5a930790c3ce514431c2db42cbac6c78,2025-04-25,(Engineering) Fix compiler warnings issued by Apple clang,src/frontend/SageIII/astTokenStream/artificialFrontier.C,pick,Applied upstream cleanup for unused vars and nullptr conversions
93206897f93614a68a684e7953ef698fbc0a53fd,2025-04-25,(Release) Incremented version to 0.11.145.256,ROSE_VERSION config/SCM_DATE configure.ac src/frontend/CxxFrontend/EDG_VERSION,pick-partial,Updated ROSE_VERSION only and skipped EDG_VERSION configure and SCM_DATE
d019e11302ff5d8ef01d6e6e8f4e163a8bbbad75,2025-04-25,(Engineering) Fix compiler warnings issued by Apple clang,src/frontend/SageIII/virtualCFG/memberFunctions.C,pick-partial,Applied upstream warning cleanup and nullptr conversions; removed Boost foreach usage; removed Ada Java UPC CFG sections per drop list
22590bb1240555ef476681303910e322380f7e9f,2025-04-26,(Release) Incremented version to 0.11.145.257,ROSE_VERSION config/SCM_DATE configure.ac src/frontend/CxxFrontend/EDG_VERSION,pick-partial,Updated ROSE_VERSION only and skipped EDG_VERSION configure and SCM_DATE
c4278697380354f9d1b2a5061343a242f6229bbd,2025-04-29,(Binary Analysis) SgAsmInstruction toStringNoColor,src/AstNodes/BinaryAnalysis src/Rose/BinaryAnalysis,drop,BinaryAnalysis dropped in REX
7826ea05c954d62f7cd2de74fba9d9e2b0099324,2025-04-29,(Binary Analysis) Regenerated SgAsmInstruction node,src/ROSETTA/src/binaryInstruction.C,drop,BinaryAnalysis generated nodes dropped in REX
9b20435f52b532ccf82015afe30595f291a79bc4,2025-04-29,(Binary Analysis) Reorg P2 ModulesX86 SwitchSuccessors,src/Rose/BinaryAnalysis/Partitioner2/ModulesX86.C src/Rose/BinaryAnalysis/Partitioner2/ModulesX86.h,drop,BinaryAnalysis dropped in REX
dec088dace407cd05f05b45481f4fae73564cfd8,2025-04-29,(Binary Analysis) More reorg of switch table parsing,src/Rose/BinaryAnalysis/Partitioner2 src/Makefile.am src/Rose/Makefile.am,drop,BinaryAnalysis dropped in REX and autotools inventory only
ef74e606beae0e636c3eecc6ef4fe56f9e10d7b2,2025-04-29,(Binary Analysis) New multi-block indirect control flow recovery,src/Rose/BinaryAnalysis/Partitioner2 src/Rose/Diagnostics/Diagnostics.C src/Makefile.am src/Rose/Makefile.am,drop,BinaryAnalysis and Rose Diagnostics dropped and autotools inventory only
648040878d45a34a6c6f5c836965df27328c36fe,2025-04-29,(Binary Analysis) Partitioner2 calls IndirectControlFlow,src/Rose/BinaryAnalysis/Partitioner2/EngineBinary.C,drop,BinaryAnalysis dropped in REX
92d0f9de6c02cb57252dd324cd496284e76f07e5,2025-04-29,(Support) Regenerated enum-to-string functions,src/roseSupport/stringify.C src/roseSupport/stringify.h,drop,src/roseSupport not present in REX
e33c63d9ca0d98dbc697ee42481866bf3f385420,2025-04-29,(Binary Analysis) Dataflow merge operator takes vertex ID arguments,src/Rose/BinaryAnalysis/DataFlow.C src/Rose/BinaryAnalysis/DataFlow.h src/Rose/BinaryAnalysis/Reachability.C src/Rose/BinaryAnalysis/TaintedFlow.h,drop,BinaryAnalysis dropped in REX
b3d201d4bc6a4608a5a5dc34b49c63a4ac187ece,2025-04-29,(Binary Analysis) Jump tables labeled by pattern in disassembly,src/Rose/BinaryAnalysis/Partitioner2/ModulesX86.C src/Rose/BinaryAnalysis/Partitioner2/ModulesX86.h,drop,BinaryAnalysis dropped in REX
e5fb08cf4e687ad41f58beb3a6b06d71236552f7,2025-04-29,(Binary Analysis) Jump tables limited by execution path constraints,src/Rose/BinaryAnalysis/Partitioner2/IndirectControlFlow.C,drop,BinaryAnalysis dropped in REX
2c183ebdb6069357135590d3360c9d52bdde5df7,2025-04-29,(Binary Analysis) Jump table analysis happens earlier in partitioning,src/Rose/BinaryAnalysis/Partitioner2/IndirectControlFlow.C src/Rose/BinaryAnalysis/Partitioner2/IndirectControlFlow.h,drop,BinaryAnalysis dropped in REX
6661a321b12fff105d3228cb2d0e57b75b3ea47c,2025-04-29,(Binary Analysis) Command-line switches for ICF,src/Rose/BinaryAnalysis/Architecture/X86.C src/Rose/BinaryAnalysis/Partitioner2,drop,BinaryAnalysis dropped in REX
9f6aafd1b6887829335d5fc1e823f67abd3d4de1,2025-04-29,(Binary Analysis) Insn semantics and solver optional for ICF,src/Rose/BinaryAnalysis/Partitioner2/IndirectControlFlow.C,drop,BinaryAnalysis dropped in REX
d63e9dfd562c8cf65598d2158c9783c4572b1ed5,2025-04-29,(Binary Analysis) Multiple inline levels for ICF dataflow,src/Rose/BinaryAnalysis/Partitioner2/BasicTypes.h src/Rose/BinaryAnalysis/Partitioner2/IndirectControlFlow.C,drop,BinaryAnalysis dropped in REX
4b7a3b71e0b5aaf932b11955d5891dfae6a56b4c,2025-04-29,(Binary Analysis) Save ICF dataflow graphs for debugging,src/Rose/BinaryAnalysis/Partitioner2/IndirectControlFlow.C,drop,BinaryAnalysis dropped in REX
2bd71c9e4640ab0c8610070ac198532c13e14e98,2025-04-29,(Binary Analysis) ICF can skip function calls from shared libraries,src/Rose/BinaryAnalysis/Partitioner2/BasicTypes.h src/Rose/BinaryAnalysis/Partitioner2/IndirectControlFlow.C,drop,BinaryAnalysis dropped in REX
8065bd5abe1c5bceae8b0a9b033afcce74219be3,2025-04-29,(Binary Analysis) Refactoring ICF to make room for other strategies,src/Rose/BinaryAnalysis/Partitioner2/EngineBinary.C src/Rose/BinaryAnalysis/Partitioner2/IndirectControlFlow.C src/Rose/BinaryAnalysis/Partitioner2/IndirectControlFlow.h,drop,BinaryAnalysis dropped in REX
934f8d97083b3d6ebd91d1767a9f22d69c3f0f32,2025-04-29,(Binary Analysis) ICF strategy to use concrete IP,src/Rose/BinaryAnalysis/Partitioner2/IndirectControlFlow.C,drop,BinaryAnalysis dropped in REX
d08cab0590fe3af8a736f2259772f822b1d0512b,2025-04-29,(Binary Analysis) ICF dataflow graph structural optimizations,src/Rose/BinaryAnalysis/Partitioner2/IndirectControlFlow.C,drop,BinaryAnalysis dropped in REX
739fa0d1198f8cb93e1ba90d463fa3c1f2977d0e,2025-04-29,(Binary Analysis) ICF dataflow optimization,src/Rose/BinaryAnalysis/Partitioner2/IndirectControlFlow.C src/Rose/BinaryAnalysis/Partitioner2/IndirectControlFlow.h src/Rose/BinaryAnalysis/Partitioner2/Partitioner.C src/Rose/BinaryAnalysis/Partitioner2/Partitioner.h,drop,BinaryAnalysis dropped in REX
106bd6b009e01fcfb39d2502a353191199b5fcba,2025-04-29,(Binary Analysis) ICF integrated into the command-line,src/Rose/BinaryAnalysis/Architecture/X86.C src/Rose/BinaryAnalysis/Partitioner2 src/Rose/CommandLine/Parser.C src/Rose/CommandLine/Parser.h,drop,BinaryAnalysis and Rose CommandLine dropped in REX
6c0bc4e172437201accf1ff04859ffd347174194,2025-04-29,(Binary Analysis) ICF improve final level of inlining,src/Rose/BinaryAnalysis/Partitioner2/IndirectControlFlow.C,drop,BinaryAnalysis dropped in REX
e5301d29ad0823c7a41a4505e3f3689009b8936a,2025-04-29,(Binary Analysis) ICF fixed some dataflow graph inlining bugs,src/Rose/BinaryAnalysis/Partitioner2/IndirectControlFlow.C,drop,BinaryAnalysis dropped in REX
63f81b7658b74a85a66118694ae8efcfc2976b41,2025-04-29,(Binary Analysis) ICF improved Graphviz output for dataflow graphs,src/Rose/BinaryAnalysis/Partitioner2/IndirectControlFlow.C,drop,BinaryAnalysis dropped in REX
950dadb6db2ad2d5985885511a7032053e4f2374,2025-04-29,(Binary Analysis) Added --icf:debug=ADDR switch and diagnostics and sets,src/Rose/BinaryAnalysis/Partitioner2/BasicTypes.h src/Rose/BinaryAnalysis/Partitioner2/IndirectControlFlow.C,drop,BinaryAnalysis dropped in REX
e839c27402ffb17fb56fd153e42fc4d9beabd7cc,2025-04-29,(Binary Analysis) Bug fix for P2 semantic memory,src/Rose/BinaryAnalysis/Partitioner2/Semantics.h,drop,BinaryAnalysis dropped in REX
366f2966c2cebefb60ef2079b7dc6f676a8883ed,2025-04-29,(Binary Analysis) Added --icf:df-max-valueset switch,src/Rose/BinaryAnalysis/Partitioner2/BasicTypes.h src/Rose/BinaryAnalysis/Partitioner2/IndirectControlFlow.C,drop,BinaryAnalysis dropped in REX
711f87fe50bd17132e0ee7a12603825e513315cb,2025-04-30,(SideEffect) Extend side-effect analysis to locate unknown ptr dereference.,src/midend/astUtil/AstUtilInterface.C src/midend/astUtil/AstUtilInterface.h src/midend/astUtil/astInterface/AstInterface.C src/midend/astUtil/astInterface/AstInterface.h src/midend/astUtil/astInterface/AstInterface_ROSE.h,pick,Applied upstream side effect unknown ptr ref handling
a14a497c7982c544fe313dcc96462ab392910510,2025-04-30,(Release) Incremented version to 0.11.145.258,ROSE_VERSION config/SCM_DATE configure.ac src/frontend/CxxFrontend/EDG_VERSION,pick-partial,Updated ROSE_VERSION only; skipped EDG_VERSION configure.ac SCM_DATE
ce07f4db0e291c81acb581cd97bd95b6e7e66518,2025-04-30,(README) Add language standards,README.md,drop,REX README is different; upstream text mentions dropped languages and EDG
04b6c913004df31b4b67989a9e63c43b17ad5b67,2025-05-01,(codethorn) C++98 special member function analysis,tools/CodeThorn/src/ClassHierarchyAnalysis.C tools/CodeThorn/src/ClassHierarchyAnalysis.h tools/CodeThorn/src/NormalizationCxx.C tools/CodeThorn/src/ObjectLayoutAnalysis.C tools/CodeThorn/src/ObjectLayoutAnalysis.h tools/CodeThorn/src/RoseCompatibility.C tools/CodeThorn/src/RoseCompatibility.h tools/CodeThorn/src/thorn2.C,drop,CodeThorn dropped in REX
dafc4f4dc142732195b14f758208dc88c0ad8012,2025-05-01,(codethorn) extend scaling up cg export,tools/CodeThorn/src/CallGraphAnalysis.C tools/CodeThorn/src/CallGraphExport.C tools/CodeThorn/src/ClassHierarchyAnalysis.C tools/CodeThorn/src/ClassHierarchyAnalysis.h tools/CodeThorn/src/CtxLattice.h tools/CodeThorn/src/LibCodeThornSources.cmake tools/CodeThorn/src/Makefile.am tools/CodeThorn/src/RoseCompatibility.C tools/CodeThorn/src/RoseCompatibility.h tools/CodeThorn/src/Utility.h,drop,CodeThorn dropped in REX
313cafa1d973077a688d690a362334cfb2724eb9,2025-05-01,(Engineering) Fix compiler warnings issued by (Apple) clang,src/midend/astUtil/AstUtilInterface.h,pick,Already in REX; unused params removed by refactor
4f2685cea183bbb1ae9d82894f9dc0e66e206a45,2025-05-01,(Jovial) Parse compool file directly rather than mod file,src/frontend/Experimental_General_Language_Support/ModuleBuilder.C,drop,Jovial components dropped in REX
aae3d0697b254a343578d7902b09a5e04338c528,2025-05-01,(Jovial) Parse compool file directly rather than mod file,src/backend/unparser/JovialCodeGeneration/unparseJovial_modfile.C src/frontend/Experimental_General_Language_Support/ModuleBuilder.C,drop,Jovial components dropped in REX
23915b7f77fa8d2b4ff21a41d462be653e103891,2025-05-01,(Release) Incremented version to 0.11.145.259,ROSE_VERSION config/SCM_DATE configure.ac src/frontend/CxxFrontend/EDG_VERSION,pick-partial,Updated ROSE_VERSION only; skipped EDG_VERSION configure.ac SCM_DATE
e2584283148b6a5f4570c3a09000db91c6ce0ca1,2025-05-01,(Engineering) Fix compiler warnings issued by (Apple) clang,src/midend/programTransformation/astInlining/inlinerSupport.C,pick,Applied upstream cleanup and nullptr/assert updates
4bdc240cf6a47cca4b7d88858aacbf10610bfd22,2025-05-02,(Release) Incremented version to 0.11.145.260,ROSE_VERSION config/SCM_DATE configure.ac src/frontend/CxxFrontend/EDG_VERSION,pick-partial,Updated ROSE_VERSION only; skipped EDG_VERSION configure.ac SCM_DATE
41670baeba546715a0d82a2206e015d3bf919a12,2025-05-02,(Binary Anaylsis) Upgrade GDB layer to boost::asio::io_context,src/Rose/BinaryAnalysis/Debugger/Gdb.C src/Rose/BinaryAnalysis/Debugger/Gdb.h,drop,BinaryAnalysis dropped in REX
600134a97a73a4116b0776dee3b84d3e9e94fa47,2025-05-02,(Binary Analysis) Ability to remove specific successors from a BB,src/Rose/BinaryAnalysis/Partitioner2/BasicBlock.C src/Rose/BinaryAnalysis/Partitioner2/BasicBlock.h src/Rose/BinaryAnalysis/Partitioner2/IndirectControlFlow.C,drop,BinaryAnalysis dropped in REX
3d912bce1681c2d366a273eab97211de1fcf981c,2025-05-02,(Binary Analysis) Call-return edges that fall through can be elided,src/Rose/BinaryAnalysis/Unparser/Base.C src/Rose/BinaryAnalysis/Unparser/Settings.h,drop,BinaryAnalysis dropped in REX
172b9996c7f4fcc1ae2a98cfb54fa480c82dda75,2025-05-02,(Binary Analysis) Improved some diagnostics for dataflow analysis,src/Rose/BinaryAnalysis/DataFlow.h src/Rose/BinaryAnalysis/Partitioner2/Semantics.h,drop,BinaryAnalysis dropped in REX
603109be261ba8878576626584a3d41d921e5ab1,2025-05-02,(Build) Install proper header for binary jump table scanning,src/Rose/BinaryAnalysis/Partitioner2/CMakeLists.txt,drop,BinaryAnalysis dropped in REX
9d308ab653db2821d07b08952def362dda99d8ea,2025-05-02,(Binary Analysis) Unparsing static data block without data no longer fails,src/Rose/BinaryAnalysis/Unparser/Base.C,drop,BinaryAnalysis dropped in REX
888407e1c5f61c5149f8318162ea9b5bf7263ff1,2025-05-02,(Binary Analysis) P2 table scanner can read from symbolic memory,src/Rose/BinaryAnalysis/Partitioner2/MemoryTable.C src/Rose/BinaryAnalysis/Partitioner2/MemoryTable.h,drop,BinaryAnalysis dropped in REX
0591a1503efb09ba6bdb573a52cf14e54ec439c6,2025-05-02,(Binary Analysis) ICF scans for user-defined jump tables,src/Rose/BinaryAnalysis/Partitioner2/IndirectControlFlow.C,drop,BinaryAnalysis dropped in REX
b1a7d92d9f3e21d4c16341d7f1e30bb5cb7064f6,2025-05-02,(Binary Analysis) Fixed edge sorting for basic block successors,src/Rose/BinaryAnalysis/Unparser/Base.C,drop,BinaryAnalysis dropped in REX
817a5ff951d7f353237557791a97bc50c52a7c22,2025-05-03,(Release) Incremented version to 0.11.145.261,ROSE_VERSION config/SCM_DATE configure.ac src/frontend/CxxFrontend/EDG_VERSION,pick-partial,Updated ROSE_VERSION only; skipped EDG_VERSION configure.ac SCM_DATE
ebf8dc6cb94777f20ef0adb044d4eba2786e0934,2025-05-03,(Engineering) Fix compiler warnings issued by (Apple) clang,src/frontend/SageIII/rose_attributes_list.C,drop,REX file trimmed; upstream cleanup touches Wave boost sections
3f8f233c0014c6b7c81b404a36d9f3e5549cafd6,2025-05-04,(Release) Incremented version to 0.11.145.262,ROSE_VERSION config/SCM_DATE configure.ac src/frontend/CxxFrontend/EDG_VERSION,pick-partial,Updated ROSE_VERSION only; skipped EDG_VERSION configure.ac SCM_DATE
b56b47c150a023f7ece8d942780a9339aeca0291,2025-05-04,(TESTING) Move main testing to rhel8,.gitlab-ci.yml,drop,CI config not used in REX
6782c69f1f8cac717dee0f4476d2333e383fa8c0,2025-05-05,(Release) Incremented version to 0.11.145.263,ROSE_VERSION config/SCM_DATE configure.ac src/frontend/CxxFrontend/EDG_VERSION,pick-partial,Updated ROSE_VERSION only; skipped EDG_VERSION configure.ac SCM_DATE
98abbcf1592fa82c6c2e39572c2d513bc5d17b31,2025-05-05,(Engineering) Fix compiler warnings issued by (Apple) clang,src/Rose/BinaryAnalysis/Unparser/Base.C,drop,BinaryAnalysis dropped in REX
853774ba2b0c34049037cc4e6b947e1de9698b52,2025-05-06,(Release) Incremented version to 0.11.145.264,ROSE_VERSION config/SCM_DATE configure.ac src/frontend/CxxFrontend/EDG_VERSION,pick-partial,Updated ROSE_VERSION only; skipped EDG_VERSION configure.ac SCM_DATE
99914b2960cee952ae589a25e608da3b53c79464,2025-05-06,(Binary Analysis) Minor change to readMemory operation in P2 semantics,src/Rose/BinaryAnalysis/Partitioner2/Semantics.h,drop,BinaryAnalysis dropped in REX
1d2f303ab77837f7fbe8204758478679e5e36435,2025-05-07,(Engineering) Fix compiler warnings issued by (Apple) clang,src/frontend/SageIII/astTokenStream/simpleFrontierDetection.C,pick,Applied upstream nullptr cleanup and dead code removal
264836e5c0389322c022abc33c86b6e8aec89495,2025-05-07,(Release) Incremented version to 0.11.145.265,ROSE_VERSION config/SCM_DATE configure.ac src/frontend/CxxFrontend/EDG_VERSION,pick-partial,Updated ROSE_VERSION only; skipped EDG_VERSION configure.ac SCM_DATE
377d303f1dc2278edefb95a6766c54dcab9f001e,2025-05-09,(Binary Analysis) ICF bug fix for read/write jump tables,src/Rose/BinaryAnalysis/Partitioner2/IndirectControlFlow.C,drop,BinaryAnalysis dropped in REX
eeb5278e5ba2b0a419da1ab61a1588d4b71a5686,2025-05-09,(Ada) support Numeric_Error exception,src/frontend/Experimental_Ada_ROSE_Connection/AdaExpression.C src/frontend/Experimental_Ada_ROSE_Connection/AdaStatement.C src/frontend/Experimental_Ada_ROSE_Connection/AdaType.C src/frontend/Experimental_Ada_ROSE_Connection/Ada_to_ROSE.C src/frontend/Experimental_Ada_ROSE_Connection/Ada_to_ROSE.h,drop,Ada support dropped in REX
459cde67dc0aac00a4b1e92202f0ada184f65db8,2025-05-09,(Engineering) Fix compiler warnings issued by (Apple) clang,src/frontend/SageIII/astTokenStream/detectMacroExpansionsToBeUnparsedAsAstTransformations.C,pick,Applied upstream dead code removal and unused param cleanup
39c8036acf26be787a684edca554f93ecd7977a7,2025-05-09,(doxygen) mention deepwiki link in the front page,docs/Rose/MainPage.dox,pick,Applied upstream DeepWiki link and cleanup
fa19dcd956b9e84ecfc60dabacdd44a0e7b2bf99,2025-05-09,(Release) Incremented version to 0.11.145.266,ROSE_VERSION config/SCM_DATE configure.ac src/frontend/CxxFrontend/EDG_VERSION,pick-partial,Updated ROSE_VERSION only; skipped EDG_VERSION configure.ac SCM_DATE
00cf3daef15dd0e0d6908cab92eaf912197bc432,2025-05-10,(Doxygen) Update listed standards,docs/Rose/MainPage.dox,drop,Mentions dropped languages and binary analysis
d9ce3bfc0d10cd4fa406a797ff3f91c1d4c06b8b,2025-05-10,(Ada) support Extend_system pragma,src/frontend/Experimental_Ada_ROSE_Connection/AdaStatement.C src/frontend/Experimental_Ada_ROSE_Connection/parser/asis_adapter/source/asis_adapter-unit.adb,drop,Ada support dropped in REX
ce29a233f69c505e5f1bc5c2f25375ff1f5e6874,2025-05-10,(Engineering) Fix compiler warnings issued by (Apple) clang,src/frontend/SageIII/astTokenStream/detectMacroOrIncludeFileExpansions.C,pick,Applied upstream nullptr cleanup and dead code removal
7fbd3342f0e940c00712da6e503be390e53f4c1d,2025-05-10,(Release) Incremented version to 0.11.145.267,ROSE_VERSION config/SCM_DATE configure.ac src/frontend/CxxFrontend/EDG_VERSION,pick-partial,Updated ROSE_VERSION only; skipped EDG_VERSION configure.ac SCM_DATE
703ce55c2c8e020b8c8b9729fbe9e174ad1a5cb8,2025-05-10,(Engineering) Fix compiler warnings issued by (Apple) clang,src/frontend/SageIII/astTokenStream/maxExtents.C,pick,Applied upstream nullptr cleanup and dead code removal
f7e3a063184a119ac0d4f584650b0312e492b5a1,2025-05-11,(Release) Incremented version to 0.11.145.268,ROSE_VERSION config/SCM_DATE configure.ac src/frontend/CxxFrontend/EDG_VERSION,pick-partial,Updated ROSE_VERSION only; skipped EDG_VERSION configure.ac SCM_DATE
e860b5b10c219f7d0472e461931d9c20956c0157,2025-05-12,(Ada) Unparser Support for System.Aux_DEC,src/backend/unparser/nameQualificationSupport.C,drop,Ada support dropped in REX
98f7ae4022828931c646d325502a363349b3575f,2025-05-14,(Dependencies) Remove Perl dependency,CMakeLists.txt cmake/modules/roseGenerateBackendCompilerSpecificHeaders.cmake cmake/rosePublicConfig.h.in.cmake cmake/rose_config.h.in.cmake cmake/rose_generated_builtin_functions.h.pre scripts/to-c-string.sh src/CMakeLists.txt src/ROSETTA/src/CMakeLists.txt src/Rose/CommandLine/CMakeLists.txt src/Rose/CommandLine/LicenseString.pre src/Sawyer/CMakeLists.txt src/util/CMakeLists.txt src/util/commandlineProcessing/CMakeLists.txt src/util/stringSupport/CMakeLists.txt,drop,Touches dropped components and introduces Ada Jovial config macros
2624d2e60dec111a540fc2646568580b771f48ee,2025-05-14,(Dependencies) Remove flex and bison requirement,src/frontend/SageIII/CMakeLists.txt src/frontend/SageIII/lex.yy.C.pre src/frontend/SageIII/omp-lex.yy.C.pre src/frontend/SageIII/ompparser.C.pre src/frontend/SageIII/ompparser.h.pre,drop,CMake layout diverged; pre generated files not present in REX
20d9e759a2658d3f76698a91f1545cacc9c59242,2025-05-14,(Testing) Add script to validate file generation,.gitlab-ci.yml scripts/check-generated-files.sh,drop,CI tooling not used in REX
e534edd93a793443579e5ee39c32c347a17a7266,2025-05-14,(CMake) Change subdirectories to match automake,src/midend/programAnalysis/CMakeLists.txt src/midend/programAnalysis/systemDependenceGraph/cfgNodeFilter.C src/midend/programAnalysis/systemDependenceGraph/cfgNodeFilter.h,drop,systemDependenceGraph missing in REX and dataflowAnalysis kept
63579bc98e3f266e2ce577b4eb21eedcb0965907,2025-05-14,(Policy) Remove tabs and replace with spaces.,src/AstNodes/Expression/SgBinaryOp.C src/backend/unparser/languageIndependenceSupport/unparseLanguageIndependentConstructs.C src/frontend/SageIII/sage_support/sage_support.C src/midend/astUtil/dependenceTracking/dependence_table.C src/midend/astUtil/dependenceTracking/dependence_table.h,pick-partial,Applied dependence_table.C and dependence_table.h tab fixes; other files already aligned
ccc0013ceb562fa9ca965dab6d1e40de994820c8,2025-05-14,(Policy) Fix header ordering.,scripts/policies/NoUsingInHeaders.pl src/midend/astUtil/AstUtilInterface.C src/midend/astUtil/dependenceTracking/dependence_analysis.C tools/CodeThorn/src/CallGraphAnalysis.C tools/CodeThorn/src/RoseCompatibility.C,pick-partial,Applied header order fixes and policy threshold; skipped CodeThorn files as dropped
515db8279de7d4b15641255f341ea1e42485ec41,2025-05-14,(Ada) handle pragma main_storage as declarative,src/frontend/SageIII/sageInterface/sageInterfaceAda.C,drop,Ada support dropped in REX
6465f61f0ca344094c109db52b3d10b7869c4841,2025-05-14,(Release) Incremented version to 0.11.145.269,ROSE_VERSION config/SCM_DATE configure.ac src/frontend/CxxFrontend/EDG_VERSION,pick-partial,Updated ROSE_VERSION only; skipped EDG_VERSION configure.ac SCM_DATE
f469f15ec2c71aa88cc89e4cbfd7a61c3b17f075,2025-05-14,(Libadalang) Ada.Text_IO Subpackages,src/frontend/Experimental_Libadalang_ROSE_Connection/LibadalangExpression.C src/frontend/Experimental_Libadalang_ROSE_Connection/LibadalangStatement.C src/frontend/Experimental_Libadalang_ROSE_Connection/LibadalangType.C src/frontend/Experimental_Libadalang_ROSE_Connection/ada_support.C,drop,Ada support dropped in REX
9d5d35240cd6378a74e40655c07d4b711bb6cff3,2025-05-14,(Libadalang) Fix subp names & check for subtype,src/frontend/Experimental_Libadalang_ROSE_Connection/LibadalangStatement.C,drop,Ada support dropped in REX
d7fd30c1441afffa25e23227fd5f0501a0893c64,2025-05-14,(Libadalang) Aspects; Attributes; Identifier Fixes,src/frontend/Experimental_Libadalang_ROSE_Connection/AdaMaker.C src/frontend/Experimental_Libadalang_ROSE_Connection/LibadalangExpression.C src/frontend/Experimental_Libadalang_ROSE_Connection/LibadalangStatement.C src/frontend/Experimental_Libadalang_ROSE_Connection/Libadalang_to_ROSE.C,drop,Ada support dropped in REX
3ae952157e0df0a36be5900aee5c5ea9727bb3f9,2025-05-15,(Release) Incremented version to 0.11.145.270,ROSE_VERSION config/SCM_DATE configure.ac src/frontend/CxxFrontend/EDG_VERSION,pick-partial,Updated ROSE_VERSION only; skipped EDG_VERSION configure.ac SCM_DATE
b947974d989ed9f81b7a112967f06e530d70d7d9,2025-05-15,(refactor) pass global var as parameter,src/frontend/SageIII/sage_support/cmdline.C src/frontend/SageIII/sage_support/sage_support.C src/roseExtensions/qtWidgets/ProjectManager/Project.cpp src/util/commandlineProcessing/commandline_processing.C src/util/commandlineProcessing/commandline_processing.h,drop,Ada handling and roseExtensions GUI changes dropped in REX
169207ee79687d7560b3cae6ffd73e3f9b8958d8,2025-05-16,(Release) Incremented version to 0.11.145.271,ROSE_VERSION config/SCM_DATE configure.ac src/frontend/CxxFrontend/EDG_VERSION,pick-partial,Updated ROSE_VERSION only; skipped EDG_VERSION configure.ac SCM_DATE
cfbfcd9adb68a1576705fcc5dd6fbbedefff115b,2025-05-16,(Locations) Add hash mechanism to source and binary locations,src/Rose/BinaryAnalysis/AbstractLocation.C src/Rose/BinaryAnalysis/AbstractLocation.h src/Rose/BinaryAnalysis/ConcreteLocation.C src/Rose/BinaryAnalysis/ConcreteLocation.h src/Rose/Location.h src/Rose/SourceLocation.C src/Rose/SourceLocation.h,drop,BinaryAnalysis dropped and Rose::Location files not present in REX
9238033d3cbc1baa07d795c118cad2b1d919e2d1,2025-05-17,(CICD) Add ACATS-Libadalang; Add backend compilers to CMake's rose-config,.gitlab-ci.yml cmake/modules/roseChooseBackendCompiler.cmake src/CMakeLists.txt,pick-partial,Added ROSE_BACKEND_C and ROSE_BACKEND_CXX compiler entries; skipped GitLab CI and Ada ACATS job
c3aa2c01b7bb5713aafbf0094f5488814cadc224,2025-05-17,(Release) Incremented version to 0.11.145.272,ROSE_VERSION config/SCM_DATE configure.ac src/frontend/CxxFrontend/EDG_VERSION,pick-partial,Updated ROSE_VERSION only; skipped EDG_VERSION configure.ac SCM_DATE
b3d53c11617944ea4123b4c8d3d2a52389b5965a,2025-05-17,(Jovial) Fix warning of dangling forward reference,src/frontend/Experimental_General_Language_Support/SageTreeBuilder.C src/frontend/Experimental_Jovial_ROSE_Connection/ATermToSageJovialTraversal.C,pick-partial,Removed forward reference warning and spacing tweak in SageTreeBuilder; skipped Jovial traversal file
32510390897c537ac9778be2b05d98b19bd69f54,2025-05-20,(Libadalang) Fixing Identifier,src/frontend/Experimental_Libadalang_ROSE_Connection/LibadalangExpression.C,drop,Ada support dropped in REX
8011027690c8603b46d69dfe0380eea43795f6c2,2025-05-20,(Jovial) Convert function ref to function call,src/frontend/Experimental_Jovial_ROSE_Connection/ATermToSageJovialTraversal.C,drop,Jovial components dropped in REX
59481fe6a0e4813cc367a1463f00d415dfa2b5dd,2025-05-20,(Release) Incremented version to 0.11.145.273,ROSE_VERSION config/SCM_DATE configure.ac src/frontend/CxxFrontend/EDG_VERSION,pick-partial,Updated ROSE_VERSION only; skipped EDG_VERSION configure.ac SCM_DATE
c3d4ece1d0c441bf30c1c5d3179952c606d16be4,2025-05-20,(Engineering) Documentation and consistency for Combinatorics,src/roseSupport/Combinatorics.C src/roseSupport/Combinatorics.h,drop,src/roseSupport not present in REX
c469c0c8cca4818ec4466ef58f3390b520e2214f,2025-05-20,(Engineering) Fixed naming violations for Rose::Combinatorics,src/Rose/BinaryAnalysis/AbstractLocation.C src/Rose/BinaryAnalysis/ConcreteLocation.C src/Rose/BinaryAnalysis/Partitioner2/IndirectControlFlow.C src/Rose/SourceLocation.C src/frontend/SageIII/sageInterface/sageInterface.C src/roseSupport/Combinatorics.C src/roseSupport/Combinatorics.h,drop,BinaryAnalysis and roseSupport dropped; SourceLocation.C not present in REX
c3b9befc44f7b89eb4ce82c280e3d6697e0b87d7,2025-05-22,(Engineering) Fixed compiler warnings,src/frontend/BinaryFormats/SgSharedVector.h,drop,BinaryAnalysis BinaryFormats dropped in REX
206a32cb867f3fef536b291cea2f4c3d27d6f2d0,2025-05-22,(Libadalang) Object Decls; Array Slices,src/frontend/Experimental_Libadalang_ROSE_Connection/LibadalangExpression.C src/frontend/Experimental_Libadalang_ROSE_Connection/LibadalangStatement.C src/frontend/Experimental_Libadalang_ROSE_Connection/Libadalang_to_ROSE.C,drop,Ada support dropped in REX
3a2b6a4d71f1383e258c764cb59c8df1f289fb12,2025-05-22,(Jovial) Var Ref; probably frontend,src/frontend/Experimental_General_Language_Support/SageTreeBuilder.C src/frontend/Experimental_General_Language_Support/SageTreeBuilder.h,pick,Forward var refs now handle multiple entries; multimap and equal_range updates applied
2666561f02e315a926855a8d4303164ba62d677e,2025-05-22,(Release) Incremented version to 0.11.145.274,ROSE_VERSION config/SCM_DATE configure.ac src/frontend/CxxFrontend/EDG_VERSION,pick-partial,Updated ROSE_VERSION only; skipped EDG_VERSION configure.ac SCM_DATE
6f0e16bed7ef50ae328719978bbc7ed9bcf5e585,2025-05-22,(Binary Analysis) Symbolic expr `userData` takes a const ref,src/Rose/BinaryAnalysis/SymbolicExpression.h,drop,BinaryAnalysis dropped in REX
c8da752917e2814656d4323681e75eecfdf20863,2025-05-22,(Binary Analysis) AbstractLocation can represent addresses wrt register,src/Rose/BinaryAnalysis/AbstractLocation.C src/Rose/BinaryAnalysis/AbstractLocation.h,drop,BinaryAnalysis dropped in REX
10e9457928ea92f39fabdb510b03ad5f2b31ada2,2025-05-22,(Documentation) Generate documentation for Rose::Snippet,docs/Rose/rose.cfg.in,drop,astSnippet directory not present in REX; removed stale mAstSnippet entries from src/midend/Makefile.am
cc08615509d0775e96956928cbbfd8fe4d3fc144,2025-05-22,(Binary Analysis) Fix null/empty dereferences for PE containers,src/Rose/BinaryAnalysis/Partitioner2/ModulesPe.C src/frontend/BinaryFormats/PeExport.C,drop,BinaryAnalysis and BinaryFormats dropped in REX
1ff0b51b14e7fd59444c0dc4e2cbf7dea5e3ad51,2025-05-22,(Binary Analysis) Avoid calling SageInterface::deleteAST,src/frontend/BinaryFormats/ExecGeneric.C,drop,BinaryAnalysis BinaryFormats dropped in REX
061889fae46144e4f8bdb5741195d47c00eff850,2025-05-22,(Binary Analysis) Fixed unprotected memory region unwrap,src/Rose/BinaryAnalysis/Partitioner2/EngineBinary.C,drop,BinaryAnalysis dropped in REX
792ad2ef122329acccf5ff798e9e934d9cf67518,2025-05-23,(Release) Incremented version to 0.11.145.275,ROSE_VERSION config/SCM_DATE configure.ac src/frontend/CxxFrontend/EDG_VERSION,pick-partial,Updated ROSE_VERSION only; skipped EDG_VERSION configure.ac SCM_DATE
5109936214671d6ccb032fdf706310b1f00d9f15,2025-05-27,(CIL) fix data with for parsing FieldRVA,src/frontend/BinaryFormats/CilImpl.C src/frontend/Disassemblers/cilgen/cil.json,drop,BinaryAnalysis CIL components dropped in REX
70a5a0ef3108ee61ebb65092cfcb1607c25c14d8,2025-05-28,(Release) Incremented version to 0.11.145.276,ROSE_VERSION config/SCM_DATE configure.ac src/frontend/CxxFrontend/EDG_VERSION,pick-partial,Updated ROSE_VERSION only; skipped EDG_VERSION configure.ac SCM_DATE
447d522ab2e508fccbe41f01869d8901fee4a2c9,2025-05-30,(C/CXX) Fix Rose::is_Cxx_language not being set correctly,src/frontend/SageIII/sage_support/cmdline.C src/frontend/SageIII/sage_support/sage_support.C,pick-partial,Applied C-only flag handling and backend -x c insertion; EDG command line block not present in REX
ba2fa8c728deb7368d262e7dc3051caf7f37829a,2025-06-04,(C/CXX) Support more command line options,src/frontend/SageIII/sage_support/cmdline.C src/frontend/SageIII/sage_support/sage_support.C,pick-partial,Added C language tracking and allow C standards with C++ suffix; EDG command line hunk not present in REX
ec8dc2c46b1bf9ff9bbcaa41679e041703199547,2025-06-07,(functional testing) SageInterface::insertStatement(),rose-tests.git,drop,Upstream tests repo change only
8cd69bf88e10960bef40e73ff4f20fade85b0f89,2025-06-07,(functional testing) insertStatement(),src/frontend/SageIII/sageInterface/sageInterface.C,pick-partial,Added insertStatement sanity checks; other formatting changes already present
b082fec105d9f213af465c30490c86e2929d76e6,2025-06-07,(sageInterface) new normalizeCaseAndDefaultBlocks(),src/frontend/SageIII/sageInterface/sageInterface.C src/frontend/SageIII/sageInterface/sageInterface.h,pick-partial,Added normalizeCaseAndDefaultBlocks and insertStatement checks; omitted EDG specific comment block
8d6f1da1c0070f98312143c340fbb653f9572b99,2025-06-07,(configure) suppress distutils deprecation warning in Python check,config/ax_python_devel.m4,drop,Autotools inventory only; not ported to CMake
1729d3d6ea5019cda361966b293cc93e1cb80764,2025-06-07,(PrePostCondition) Extend SymbolicVal,src/midend/astUtil/prePostConditionAnalysis/PrePostCondition.C src/midend/astUtil/prePostConditionAnalysis/PrePostCondition.h src/midend/astUtil/prePostConditionAnalysis/PrePostConditionAnalysis.C src/midend/astUtil/prePostConditionAnalysis/PrePostConditionAnalysis.h src/midend/astUtil/symbolicVal/BooleanOperators.h src/midend/astUtil/symbolicVal/CMakeLists.txt src/midend/astUtil/symbolicVal/Makefile.am-recursive src/midend/astUtil/symbolicVal/Makefile_variables src/midend/astUtil/symbolicVal/SymbolicOperator.C src/midend/astUtil/symbolicVal/SymbolicVal.C,pick-partial,Applied BooleanOperators and SymbolicVal updates; skipped prePostConditionAnalysis files not present and autotools Makefile changes
db490d99d349ced620189003e4081ecd32836868,2025-06-07,(Release) Incremented version to 0.11.145.277,ROSE_VERSION config/SCM_DATE configure.ac src/frontend/CxxFrontend/EDG_VERSION,pick-partial,Updated ROSE_VERSION only; skipped EDG_VERSION configure.ac SCM_DATE
f92dcd35453382f97e74ea55ec178c39f8cbec9f,2025-06-10,(TestabilityGrader) Improved Statistics,src/midend/programAnalysis/ReadWriteSetAnalysis/LocalRWSetGenerator.C src/midend/programAnalysis/ReadWriteSetAnalysis/ReadWriteSetRecords.C src/midend/programAnalysis/ReadWriteSetAnalysis/ReadWriteSetRecords.h src/midend/programAnalysis/ReadWriteSetAnalysis/TestabilityGrader.C src/midend/programAnalysis/ReadWriteSetAnalysis/TestabilityGrader.h src/midend/programAnalysis/ReadWriteSetAnalysis/VxUtilFuncs.C src/midend/programAnalysis/ReadWriteSetAnalysis/VxUtilFuncs.h tools/ReadWriteSetGeneration/TestabilityGraderMain.C,drop,ReadWriteSetAnalysis and ReadWriteSetGeneration dropped in REX
8d433dbebffb863e147c35be7f578c59d060043c,2025-06-10,(Release) Incremented version to 0.11.145.278,ROSE_VERSION config/SCM_DATE configure.ac src/frontend/CxxFrontend/EDG_VERSION,pick-partial,Updated ROSE_VERSION only; skipped EDG_VERSION configure.ac SCM_DATE
9848ae421829074affc2875f858abad6120a2a0e,2025-06-11,(Unparser) Fix issue with incorrect typeid unparsing,src/backend/unparser/CxxCodeGeneration/unparseCxx_expressions.C,pick,Handle typeid type expressions without double parentheses
979a8eb6f6b30c780d7fff7cf487c2169f05e5cc,2025-06-11,(Release) Incremented version to 0.11.145.279,ROSE_VERSION config/SCM_DATE configure.ac src/frontend/CxxFrontend/EDG_VERSION,pick-partial,Updated ROSE_VERSION only; skipped EDG_VERSION configure.ac SCM_DATE
e2c1655889f571eafa1d3e89f85907ac544ca9fe,2025-06-11,(LocalRWSetGenerator) Added Template Instantiation suggestion,src/midend/programAnalysis/ReadWriteSetAnalysis/LocalRWSetGenerator.C src/midend/programAnalysis/ReadWriteSetAnalysis/LocalRWSetGenerator.h tools/ReadWriteSetGeneration/LocalRWSetGeneratorMain.C,drop,ReadWriteSetAnalysis and ReadWriteSetGeneration dropped in REX
9ad302d6b4e9f6a95c485d6f93e56acbfbf3b3b1,2025-06-13,(Release) Incremented version to 0.11.145.280,ROSE_VERSION config/SCM_DATE configure.ac src/frontend/CxxFrontend/EDG_VERSION,pick-partial,Updated ROSE_VERSION only; skipped EDG_VERSION configure.ac SCM_DATE
a1abda662fe60c49dc35318cda6f629a18a9f6fb,2025-06-13,(Binary Analysis) P2 semantics peekMemory avoids side effects,src/Rose/BinaryAnalysis/Partitioner2/Semantics.h,drop,BinaryAnalysis dropped in REX
862cac0ffd2315a47a4e4e81b1f18c473c928d7e,2025-06-13,(Binary Analysis) ICF improvements,src/Rose/BinaryAnalysis/Partitioner2/BasicBlock.C src/Rose/BinaryAnalysis/Partitioner2/BasicBlock.h src/Rose/BinaryAnalysis/Partitioner2/BasicTypes.h src/Rose/BinaryAnalysis/Partitioner2/EngineBinary.C src/Rose/BinaryAnalysis/Partitioner2/IndirectControlFlow.C src/Rose/BinaryAnalysis/Partitioner2/IndirectControlFlow.h src/Rose/BinaryAnalysis/Partitioner2/JumpTable.C src/Rose/BinaryAnalysis/Partitioner2/MemoryTable.C src/Rose/BinaryAnalysis/Partitioner2/MemoryTable.h,drop,BinaryAnalysis dropped in REX
497c06b423e5023b68633444edcfe471cf3f95c6,2025-06-13,(CMake) Fixed libdwarf and libelf detection,CMakeLists.txt cmake/rosePublicConfig.h.in.cmake cmake/rose_config.h.in.cmake,drop,libdwarf and libelf support tied to dropped BinaryAnalysis
38b616cbd3f54732d0662a0376a84fc837f89b1c,2025-06-13,(Support) --version-long prints more configuration info,cmake/rosePublicConfig.h.in.cmake cmake/rose_config.h.in.cmake src/roseSupport/utility_functions.C,drop,src/roseSupport not present in REX
df9783f2480e5dabfa2e40a89d6da406cf925c2b,2025-06-13,(Binary Analysis) SymbolicExpression::toString takes formatter,src/Rose/BinaryAnalysis/SymbolicExpression.C src/Rose/BinaryAnalysis/SymbolicExpression.h,drop,BinaryAnalysis dropped in REX
c8c75d337a1f512897171a5daf160fb8c4696a52,2025-06-14,(Jovial) Singleton status table,src/backend/unparser/JovialCodeGeneration/unparseJovial_statements.C src/backend/unparser/JovialCodeGeneration/unparseJovial_types.C src/frontend/Experimental_Jovial_ROSE_Connection/ATermToSageJovialTraversal.C,drop,Jovial components dropped in REX
c7a3ce946b08b595c48bd3d262e2c9322c5b50d5,2025-06-14,(Engineering) Fix compiler warnings issued by (Apple) clang,src/Rose/BinaryAnalysis/Disassembler/Jvm.C,drop,BinaryAnalysis dropped in REX
b12df84f4b8837e117ae4152114e920b48f8af6c,2025-06-14,(Release) Incremented version to 0.11.145.281,ROSE_VERSION config/SCM_DATE configure.ac src/frontend/CxxFrontend/EDG_VERSION,pick-partial,Updated ROSE_VERSION only; skipped EDG_VERSION configure.ac SCM_DATE
ba32b843dc49ca9540a5d0634fdab533a6a27503,2025-06-14,(Jovial) Partial include not grabbing table item,src/frontend/Experimental_General_Language_Support/ModuleBuilder.C src/frontend/Experimental_General_Language_Support/SageTreeBuilder.C src/frontend/Experimental_Jovial_ROSE_Connection/ATermToSageJovialTraversal.C,pick-partial,Applied ModuleBuilder modifier type handling; skipped missing SageTreeBuilder hunk and Jovial traversal file
db73cf79dc2c70f03c5672772b3d76534c62029b,2025-06-15,(Release) Incremented version to 0.11.145.282,ROSE_VERSION config/SCM_DATE configure.ac src/frontend/CxxFrontend/EDG_VERSION,pick-partial,Updated ROSE_VERSION only; skipped EDG_VERSION configure.ac SCM_DATE
bcc30b92abef5927e36a1584e9519ddfb5ed3c64,2025-06-18,(CMake) Fixed some issues with configuration macros,Tupfile cmake/rosePublicConfig.h.in.cmake cmake/rose_config.h.in.cmake src/rose.h,drop,CMake config files not present in REX; Tup inventory only; removed astVisualization comment references in src/rose.h
3ece98872f73145072e2cb6dba2f35af8e534e5d,2025-06-18,(DWARF) Enabled compilation and fixed compilation errors,src/CMakeLists.txt src/Rose/BinaryAnalysis/Dwarf/Dwarf.C src/frontend/SageIII/dwarfSupport.C,drop,BinaryAnalysis DWARF support dropped in REX
31c3872d5fff0bd4b354f5e18e990edd01f449d5,2025-06-18,"(Tup) ROSE is installed in ""latest-debug"" for ""-Og""",scripts/tup/install-staged,drop,Tup scripts dropped in REX
96603712a8ef658500618a84180d251a6e42cae3,2025-06-20,(Jovial) Status shadowed on procedure call,src/frontend/Experimental_Jovial_ROSE_Connection/ATermToSageJovialTraversal.C,drop,Jovial components dropped in REX
53916d373c5a150101f7a4991dabc972f672b144,2025-06-20,(Jovial) Status shadowed on procedure call,src/frontend/Experimental_General_Language_Support/SageTreeBuilder.C src/frontend/Experimental_General_Language_Support/SageTreeBuilder.h src/frontend/Experimental_Jovial_ROSE_Connection/ATermToSageJovialTraversal.C,drop,Jovial frontend dropped in REX; enum matching used only for Jovial.
65ae28d79e26849c317961c701320081cf72f129,2025-06-20,(Jovial) Status shadowed on procedure call; match formal types,src/frontend/Experimental_General_Language_Support/SageTreeBuilder.C,drop,Jovial-specific argument type matching not needed in REX.
563c180faae3fe59254308e3ef5fa15952a0a1b6,2025-06-20,(Release) Incremented version to 0.11.145.283,ROSE_VERSION config/SCM_DATE configure.ac src/frontend/CxxFrontend/EDG_VERSION,pick-partial,Updated ROSE_VERSION only; skipped EDG_VERSION configure.ac SCM_DATE.
25c9dfaf1d9d16ee8865065107cf3ce21f481ca3,2025-06-20,(Jovial) Var Ref; probably frontend,src/frontend/Experimental_Jovial_ROSE_Connection/ATermToSageJovialTraversal.C,drop,Jovial frontend dropped in REX.
3098f645e758534c38de887449bdc7e423f8ee9b,2025-06-22,(CMake) Search for z3folder when finding Z3,cmake/FindZ3.cmake src/CMakeLists.txt,drop,FindZ3.cmake not present in REX; Z3 integration not configured.
54c004d86c028dc0267e49490566c2f571debf34,2025-06-22,(Z3) Fix build typo when Z3 version is undefined,src/roseSupport/utility_functions.C,drop,src/roseSupport missing in REX; Z3 support not configured.
20b06b98904a690d3478ec44dfdccbb2ef3ee516,2025-06-22,(CMake) Add various headers to CMake install,src/Rose/BinaryAnalysis/InstructionSemantics/CMakeLists.txt src/Rose/BinaryAnalysis/InstructionSemantics2/CMakeLists.txt src/Sawyer/CMakeLists.txt src/frontend/Disassemblers/CMakeLists.txt,drop,BinaryAnalysis Sawyer and Disassemblers dropped in REX.
a393e41b75f6a2559af36f822e50785a48c8ea96,2025-06-22,(Release) Incremented version to 0.11.145.284,ROSE_VERSION config/SCM_DATE configure.ac src/frontend/CxxFrontend/EDG_VERSION,pick-partial,Updated ROSE_VERSION only; skipped EDG_VERSION configure.ac SCM_DATE.
3d97943fa66690f2352819b312fe7064d4552905,2025-06-22,(BinaryAnalysis) Zero-initialize SgAsmPointer subtype,src/AstNodes/BinaryAnalysis/SgAsmPointerType.C,drop,BinaryAnalysis dropped in REX.
148f5d4721c7996aad316bc17d439b4e4f34e5d2,2025-06-24,(Binary Analysis) Fixed failed assertion for PeImportDirectory,src/frontend/BinaryFormats/PeImportDirectory.C,drop,BinaryAnalysis dropped in REX.
861a0df9ab086eeaf9a3a5ff83b6af58c8d18fb6,2025-06-24,(Engineering) Fix compiler warnings issued by Apple clang,src/ROSETTA/Grammar/Support.code,drop,Mac platform dropped in REX; skip Apple clang cleanup.
9c1fabb84f896a4177386e1d331e3dcf416b186d,2025-06-24,(Release) Incremented version to 0.11.145.285,ROSE_VERSION config/SCM_DATE configure.ac src/frontend/CxxFrontend/EDG_VERSION,pick-partial,Updated ROSE_VERSION only; skipped EDG_VERSION configure.ac SCM_DATE.
3dcfac33885c6f0f716089acae407f77ac08c1b2,2025-06-24,(Libadalang) Pragmas,src/frontend/Experimental_Ada_ROSE_Connection/LibadalangExpression.C src/frontend/Experimental_Ada_ROSE_Connection/LibadalangStatement.C,drop,Ada Libadalang dropped in REX.
a3dfbdc5ebbc44dbaf960bacf7c6169c6f546f89,2025-06-24,(Libadalang) Attributes,src/frontend/Experimental_Ada_ROSE_Connection/AdaMaker.C src/frontend/Experimental_Ada_ROSE_Connection/LibadalangExpression.C,drop,Ada Libadalang dropped in REX.
f102cabe74a4fc77516dcaef9eb1ee9d27634181,2025-06-24,(Libadalang) Fix attribute arg passing,src/frontend/Experimental_Ada_ROSE_Connection/LibadalangExpression.C src/frontend/Experimental_Ada_ROSE_Connection/LibadalangExpression.h,drop,Ada Libadalang dropped in REX.
34db19ea9b67a7a854c02b1ef269305659b72f28,2025-06-24,(Libadalang) Change asserts; fix error,src/frontend/Experimental_Ada_ROSE_Connection/AdaMaker.C src/frontend/Experimental_Ada_ROSE_Connection/LibadalangExpression.C src/frontend/Experimental_Ada_ROSE_Connection/LibadalangStatement.C src/frontend/Experimental_Ada_ROSE_Connection/LibadalangType.C,drop,Ada Libadalang dropped in REX.
ce6ccccb3fee1992c7af78fe5abaaba7055f3d1f,2025-06-25,(Release) Incremented version to 0.11.145.286,ROSE_VERSION config/SCM_DATE configure.ac src/frontend/CxxFrontend/EDG_VERSION,pick-partial,Updated ROSE_VERSION only; skipped EDG_VERSION configure.ac SCM_DATE.
ea5e769755ce891bfcb63f64224b3def384dab70,2025-06-26,(Taint) Add copy-constructor for PM::RiscOperators,src/Rose/BinaryAnalysis/ModelChecker/PartitionerModel.C src/Rose/BinaryAnalysis/ModelChecker/PartitionerModel.h,drop,BinaryAnalysis dropped in REX.
3ffa2b6f9c3b1d8dec36293ea9a6e7c8d59f9009,2025-06-28,(SARIF) Add properties bag to SARIF ABC,src/AstNodes/Rose/Sarif/Node.h src/Rose/Sarif/Node.C src/Rosebud/CMakeLists.txt src/generated/Rose/Sarif/Analysis.C src/generated/Rose/Sarif/Analysis.h src/generated/Rose/Sarif/Artifact.C src/generated/Rose/Sarif/Artifact.h src/generated/Rose/Sarif/CMakeLists.txt src/generated/Rose/Sarif/CodeFlow.C src/generated/Rose/Sarif/CodeFlow.h src/generated/Rose/Sarif/Location.C src/generated/Rose/Sarif/Location.h src/generated/Rose/Sarif/Log.C src/generated/Rose/Sarif/Log.h src/generated/Rose/Sarif/Makefile.am src/generated/Rose/Sarif/Node.C src/generated/Rose/Sarif/Node.h src/generated/Rose/Sarif/NodeDeclarations.h src/generated/Rose/Sarif/Result.C src/generated/Rose/Sarif/Result.h src/generated/Rose/Sarif/Rule.C src/generated/Rose/Sarif/Rule.h src/generated/Rose/Sarif/ThreadFlow.C src/generated/Rose/Sarif/ThreadFlow.h src/generated/Rose/Sarif/ThreadFlowLocation.C src/generated/Rose/Sarif/ThreadFlowLocation.h src/generated/Rose/Sarif/Tupfile,drop,Sarif subsystem dropped in REX.
7cb79c698e0e9aa7d053be1fef7baf5d08737ced,2025-06-28,(SARIF) Emit properties bag,src/AstNodes/Rose/Sarif/Node.h src/Rose/Sarif/Analysis.C src/Rose/Sarif/Artifact.C src/Rose/Sarif/CodeFlow.C src/Rose/Sarif/Location.C src/Rose/Sarif/Log.C src/Rose/Sarif/Node.C src/Rose/Sarif/Result.C src/Rose/Sarif/Rule.C src/Rose/Sarif/ThreadFlow.C src/Rose/Sarif/ThreadFlowLocation.C src/generated/Rose/Sarif/Node.h,drop,Sarif subsystem dropped in REX.
013879376d50ff67a16558e637f0aeafb657b1b5,2025-06-28,(Escapade) Add serialization to JSON for SARIF properties support,src/3rdPartyLibraries/json/nlohmann/json.hpp,drop,Sarif support dropped in REX.
c1b97b1d27b9f057e87f45a6c1fe26e380033439,2025-06-28,(Sarif) Make generated properties accessor public,src/AstNodes/Rose/Sarif/Node.h src/generated/Rose/Sarif/Node.C src/generated/Rose/Sarif/Node.h,drop,Sarif subsystem dropped in REX.
d8a99338ea76a31db01be15c80dd534a39b1a5b5,2025-06-28,(Ada) support arithmetic on System.Address,src/frontend/Experimental_Ada_ROSE_Connection/AdaExpression.C src/frontend/Experimental_Ada_ROSE_Connection/AdaMaker.C src/frontend/Experimental_Ada_ROSE_Connection/AdaType.C src/frontend/Experimental_Ada_ROSE_Connection/Ada_to_ROSE.C src/frontend/Experimental_Ada_ROSE_Connection/LibadalangType.C src/frontend/SageIII/sageInterface/sageInterfaceAda.C src/frontend/SageIII/sageInterface/sageInterfaceAda.h,drop,Ada support dropped in REX.
2d976ca10215460f61259d408dc07f5580aafa8c,2025-06-28,(CodeThorn) class hierarchy/call graph exprt,tools/CodeThorn/src/CallGraphAnalysis.C tools/CodeThorn/src/CallGraphExport.C tools/CodeThorn/src/ClassHierarchyAnalysis.C tools/CodeThorn/src/RoseCompatibility.C,drop,CodeThorn dropped in REX.
d9eaf27298a4a7d4dc64cc2441acc599a16d6bf2,2025-06-28,(Release) Incremented version to 0.11.145.287,ROSE_VERSION config/SCM_DATE configure.ac src/frontend/CxxFrontend/EDG_VERSION,pick-partial,Updated ROSE_VERSION only; skipped EDG_VERSION configure.ac SCM_DATE.
71d10fa91776c738b08cf94270828ebb21ce58b3,2025-07-01,(cil) Robustify CIL parser,src/AstNodes/BinaryAnalysis/SgAsmCilMethodDef.h src/ROSETTA/src/binaryInstruction.C src/ROSETTA/src/grammarGenerator.C src/ROSETTA/src/jovialNodes.C src/frontend/BinaryFormats/CilImpl.C src/generated/BinaryAnalysis/SgAsmCilMethodDef.C src/generated/Rose/Sarif/Analysis.C src/generated/Rose/Sarif/Analysis.h src/generated/Rose/Sarif/Artifact.C src/generated/Rose/Sarif/Artifact.h src/generated/Rose/Sarif/CMakeLists.txt src/generated/Rose/Sarif/CodeFlow.C src/generated/Rose/Sarif/CodeFlow.h src/generated/Rose/Sarif/Location.C src/generated/Rose/Sarif/Location.h src/generated/Rose/Sarif/Log.C src/generated/Rose/Sarif/Log.h src/generated/Rose/Sarif/Makefile.am src/generated/Rose/Sarif/Node.h src/generated/Rose/Sarif/NodeDeclarations.h src/generated/Rose/Sarif/Result.C src/generated/Rose/Sarif/Result.h src/generated/Rose/Sarif/Rule.C src/generated/Rose/Sarif/Rule.h src/generated/Rose/Sarif/ThreadFlow.C src/generated/Rose/Sarif/ThreadFlow.h src/generated/Rose/Sarif/ThreadFlowLocation.C src/generated/Rose/Sarif/ThreadFlowLocation.h src/generated/Rose/Sarif/Tupfile,drop,BinaryAnalysis CIL Sarif and Jovial dropped in REX.
bccf142d0677c38a9a98587806e547c01a4a06db,2025-07-02,(clang) add support for newer clang libraries,CMakeLists.txt cmake/rosePublicConfig.h.in.cmake src/CMakeLists.txt src/frontend/CxxFrontend/Clang/CMakeLists.txt,pick-partial,Added LLVM_HOME handling and CLANG_LIBS version gates; rosePublicConfig and Clang CMakeLists not used in REX.
22bd350846d8697ee602f89233b6502a93fe35e6,2025-07-03,(Binary Analysis) Support more recent versions of libdwarf,src/Rose/BinaryAnalysis/Dwarf/Dwarf.C,drop,BinaryAnalysis dropped in REX.
48ec51daabbd60f565d61233d2a9623c8e2f44ba,2025-07-03,(AstUtil) Revise the syntax for dependence table,src/midend/astUtil/dependenceTracking/dependence_table.C src/midend/astUtil/dependenceTracking/dependence_table.h,pick,Updated dependence table parsing and output syntax.
629528134b35df5aca7e2cf343b63a6c8d2a324d,2025-07-03,(Z3) Avoid using problematic CMake module,cmake/FindZ3.cmake,drop,FindZ3.cmake not present in REX.
49b88b91a683b56761f5fe8edf36d5fa7ad94d36,2025-07-03,(ROSE) added configuration support for dwarf include and lib paths,config/Makefile.for.ROSE.includes.and.libs config/support-dwarf.m4,drop,Autotools config inventory and BinaryAnalysis dwarf dropped.
04854c9ec3071225efb6ed44d2e95a1caab06039,2025-07-03,(Release) Incremented version to 0.11.145.288,ROSE_VERSION config/SCM_DATE configure.ac src/frontend/CxxFrontend/EDG_VERSION,pick-partial,Updated ROSE_VERSION only; skipped EDG_VERSION configure.ac SCM_DATE.
7d7755c40d1437f1d4c335cf0e6fc68208bd85e2,2025-07-03,(CICD) Add ASIS Coverage Analysis,.gitlab-ci.yml Makefile.am config/choose-backend-compiler.m4 src/CMakeLists.txt src/Makefile.am,drop,CI and Ada ASIS support dropped; autotools inventory.
e3fe7ed4b34ed92524bd033a5b45dfd05e0e9d69,2025-07-04,(Release) Incremented version to 0.11.145.289,ROSE_VERSION config/SCM_DATE configure.ac src/frontend/CxxFrontend/EDG_VERSION,pick-partial,Updated ROSE_VERSION only; skipped EDG_VERSION configure.ac SCM_DATE.
1c7c5945a11f0ccf8047bea61d603e5334b8ea6f,2025-07-05,(ROSE) fixed configuration support for dwarf-2,config/support-dwarf.m4,drop,Autotools config and BinaryAnalysis dwarf dropped.
0cfcf3ba1df8c1df1060e4cd461023b7c173d6c9,2025-07-05,(Release) Incremented version to 0.11.145.290,ROSE_VERSION config/SCM_DATE configure.ac src/frontend/CxxFrontend/EDG_VERSION,pick-partial,Updated ROSE_VERSION only; skipped EDG_VERSION configure.ac SCM_DATE.
b587a53a441cd249a62978b76a69e46e55fdffa3,2025-07-08,(fix) SgArrowStarOp::get_type,src/AstNodes/Expression/SgArrowStarOp.C,pick,Handle SgTypeUnknown and SgNonrealType cases.
c7b8bc3a9660bb156459f206030414a525e3c821,2025-07-09,(Release) Incremented version to 0.11.145.291,ROSE_VERSION config/SCM_DATE configure.ac src/frontend/CxxFrontend/EDG_VERSION,pick-partial,Updated ROSE_VERSION only; skipped EDG_VERSION configure.ac SCM_DATE.
4c818839c4d3200c15f64875250f2aace5aab547,2025-07-09,(AstUtil) Additional fix for syntax of dependence table,src/midend/astUtil/astInterface/AstInterface.C src/midend/astUtil/dependenceTracking/dependence_table.C src/midend/astUtil/dependenceTracking/dependence_table.h,pick,Handled escaping and side effect naming; added Output filter.
0ce870680577f78c3580d05b3bd94a2d973899d8,2025-07-09,(C++) Undefine __restrict so it is properly seen by EDG,config/rose_edg_required_macros_and_functions.h.in,drop,EDG frontend dropped in REX.
65550665ce0dd007b8693286cf20477642a8f58b,2025-07-09,(Engineering) Make __restrict over array unparse properly inside square brackets,src/ROSETTA/Grammar/Support.code src/backend/unparser/CxxCodeGeneration/unparseCxx_types.C,pick,Added unparse info flag and array bracket restrict handling.
38364eece1733b20ec994218b232cd7668cfee9c,2025-07-09,(Rose::SourceCode) Created sub-namespace,docs/Rose/rose.cfg.in src/CMakeLists.txt src/Rose/SourceCode src/Rose/AST src/Rose/CodeGen src/Rose/Sarif src/frontend/SageIII/Utf8.C src/frontend/SageIII/Utf8.h src/frontend/SageIII/sage_support/cmdline.C src/rose-compiler.C src/roseSupport/utility_functions.C,drop,Introduces Rose::SourceCode and Sarif and moves Rose::AST and CodeGen; dropped in REX.
56f686e9b18f3d1dc508604a472f6950ed4ac057,2025-07-10,(PrePostCondition) Fix symbolic expression output,src/midend/astUtil/astInterface/AstInterface.C src/midend/astUtil/symbolicVal/SymbolicVal.C src/midend/programAnalysis/prePostConditionAnalysis/PrePostCondition.C src/midend/programAnalysis/prePostConditionAnalysis/PrePostCondition.h src/midend/programAnalysis/prePostConditionAnalysis/PrePostConditionAnalysis.C src/midend/programAnalysis/prePostConditionAnalysis/PrePostConditionAnalysis.h,pick-partial,Applied AstInterface and SymbolicVal fixes; prePostConditionAnalysis subtree missing in REX.
cb9683d806b03b340e32ea5775ddf49f433c5f91,2025-07-10,(Release) Incremented version to 0.11.145.292,ROSE_VERSION config/SCM_DATE configure.ac src/frontend/CxxFrontend/EDG_VERSION,pick-partial,Updated ROSE_VERSION only; skipped EDG_VERSION configure.ac SCM_DATE.
dae2344606c734638d01182ce8b6d7fe0b9c27c0,2025-07-10,(CICD) Update CMake to support check-nonsmoke,src/CMakeLists.txt tools/CMakeLists.txt,pick,Added check-hello-cxx target and moveDeclarationToInnermostScope tool build.
ed5c6b4a35d413e311ce92dbf6f5bdbabe9b8a47,2025-07-11,(Binary Analysis) InstructionProvider improvements,src/Rose/BinaryAnalysis/InstructionProvider.C src/Rose/BinaryAnalysis/InstructionProvider.h,drop,BinaryAnalysis dropped in REX.
2032d7f16619cf93957fc217cbbc8f044e4e5ba7,2025-07-11,(Binary Analysis) Debugger::Gdb can handle PowerPC firmware,src/Rose/BinaryAnalysis/Architecture/Powerpc32.C src/Rose/BinaryAnalysis/Debugger/Base.h src/Rose/BinaryAnalysis/Debugger/Gdb.C,drop,BinaryAnalysis dropped in REX.
2dc9f295e3df1970dba9b964304c02cecf1f3030,2025-07-11,(Binary Analysis) Model checker places stack at lower address,src/Rose/BinaryAnalysis/ModelChecker/PartitionerModel.C,drop,BinaryAnalysis dropped in REX.
b2e138a11c65b998684e1e4f2f0697b2bb2a1e47,2025-07-11,(Release) Incremented version to 0.11.145.293,ROSE_VERSION config/SCM_DATE configure.ac src/frontend/CxxFrontend/EDG_VERSION,pick-partial,Updated ROSE_VERSION only; skipped EDG_VERSION configure.ac SCM_DATE.
f9baed9de1bb421b6b0ed1584f9b4bbbdeae9fe8,2025-07-11,(CICD) Modified EDG,src/frontend/CxxFrontend/EDG,drop,EDG dropped in REX.
be42be7b881069ccca6a950da6528b2b61343ead,2025-07-14,(CIL) Robust parsing of non-compliant binaries,src/frontend/BinaryFormats/CilImpl.C,drop,BinaryFormats and Sawyer logging dropped in REX.
debdd05655f09f2aac2c0c36d4cd7dfc8038e790,2025-07-15,(Ada) Revise label; attribute handling,src/frontend/Experimental_Ada_ROSE_Connection src/frontend/SageIII/sageInterface/sageInterfaceAda.C,drop,Ada support dropped in REX.
ee28242a37e14cbea20d6d49f3e144b4ac8add64,2025-07-15,(Testing) Disable windows testing,.gitlab-ci.yml,drop,CI config not used in REX; Windows dropped.
fb24b40b5a416c22c597d842288ce5f5d357ed9d,2025-07-15,(Release) Incremented version to 0.11.145.294,ROSE_VERSION config/SCM_DATE configure.ac src/frontend/CxxFrontend/EDG_VERSION,pick-partial,Updated ROSE_VERSION only; skipped EDG_VERSION configure.ac SCM_DATE.
523ee46d642985ed95c6187993bf0f580c466653,2025-07-15,(Support) Fixed compile error in Sawyer::Tree,src/Sawyer/Tree.h,drop,Sawyer dropped in REX.
af31c2a523a2a4b48ade8dde6542ec6575a9daa5,2025-07-15,(Support) Removed function definitions from Sawyer/CommandLine.h,src/Sawyer/CommandLine.C src/Sawyer/CommandLine.h,drop,Sawyer dropped in REX.
b3ec5c4b813b0e7fcd4f91ef2bf939c6567d0a57,2025-07-15,(Support) Replace boost aligned_storage with C++11 features,src/Sawyer/Optional.h,drop,Sawyer dropped in REX.
1beec48b2a306b90c2830d6b3b1cfb7307c1eaaf,2025-07-15,(Warnings) Fixed compiler warnings and errors,tools/BinaryAnalysis/fake-vxworks-server.C,drop,BinaryAnalysis tools dropped in REX.
f59bd7da09ee3d006ebb9ca013142d5712a1b425,2025-07-15,(Engineering) Fixed compiler warnings and errors,src/Rose/BinaryAnalysis/ModelChecker/PartitionerModel.C src/Rose/CommandLine/SuffixMultiplierParser.h src/Rose/Sarif/Location.C,drop,BinaryAnalysis Sarif and CommandLine dropped in REX.
06456fbf2bb51514611203cdf1ee73270157dcf3,2025-07-15,(Source Tools) Removed boost/filesystem/convenience.hpp,tools/ReadWriteSetGeneration/LocalRWSetGeneratorMain.C tools/ReadWriteSetGeneration/Name2NodeMain.C,drop,ReadWriteSetGeneration tools dropped in REX.
95d938c534a2138482298f621ff3eff80a3c07a0,2025-07-15,(Engineering) Only unparse __restrict inside brackets when C lang,src/backend/unparser/CxxCodeGeneration/unparseCxx_types.C,pick,Restrict in array brackets limited to C language.
d350ee139789fc340e9a3f634f3f25bdf507cc9c,2025-07-16,(CICD) Add Blame-Warnings job,.gitlab-ci.yml,drop,CI config not used in REX.
4a86278ed6736aa0f3a0b8cc19d5584da5fbbb4e,2025-07-16,(CMake) Create the option ENABLE-CLANG-FRONTEND,CMakeLists.txt cmake/ClangFrontendChecks.cmake cmake/blt/cmake/BLTOptions.cmake src/CMakeLists.txt src/frontend/CxxFrontend/CMakeLists.txt src/frontend/CxxFrontend/Clang/CMakeLists.txt,drop,BLT build system not used; new cmake files absent in REX.
6a46ffa6ae046baac9c8b103bfe73ec2ffbdf690,2025-07-16,(clang-frontend) Added CMake support for clang frontend,cmake/ClangFrontendChecks.cmake cmake/blt/cmake/BLTOptions.cmake src/Rose/Diagnostics/Diagnostics.C src/frontend/CxxFrontend/Clang/CMakeLists.txt src/frontend/SageIII/astPostProcessing/CMakeLists.txt src/frontend/SageIII/sageInterface/sageInterface.C,drop,Touches dropped Diagnostics and BLT; no matching files in REX.
c84b169e0a71caac7f4efef21c3a02dd5220cd41,2025-07-16,(clang-frontend) disabled codethorn if using clang-frontend,tools/CodeThorn/src/CMakeLists.txt,drop,CodeThorn dropped in REX.
92a0848d408437e40ec67a136ed5decb603237c1,2025-07-16,(clang) fixed ROSE_BACKEND_CXX_COMPILER cmake variable,cmake/modules/roseChooseBackendCompiler.cmake,drop,BACKEND_CXX_COMPILER already uses CMAKE_CXX_COMPILER in REX.
732a2435b60a6467f7ef63b2f4658e72a081d702,2025-07-16,(CMake) Fixed CXX and C include string,CMakeLists.txt cmake/modules/roseChooseBackendCompiler.cmake src/frontend/CxxFrontend/Clang/CMakeLists.txt,pick-partial,Reordered C include string; clang builtins already installed; clang++ override not needed in REX.
4368390f17f2e364e1210b81b4a91441c9cdd9df,2025-07-16,(rose-config) fix using compiler macros,src/CMakeLists.txt,drop,append_bool_config not present; rose-config already uses compiler names in REX.
6002097b3ae6350a7e7a423048ea791f5dad4d8e,2025-07-16,(deadcode) remove deadcode,src/CMakeLists.txt,pick,Dead commented code already absent in REX.
87129409ee3dd8d739b1ac92084981866a3d028e,2025-07-16,(config) fixed RPATH and libdirs passed to config,src/CMakeLists.txt,pick,Set ROSE_RPATHS using -R entries; kept existing libdir list.
b4281cb00da05df9abee70ac2e1f430ace5452ad,2025-07-16,(Release) Incremented version to 0.11.145.295,ROSE_VERSION config/SCM_DATE configure.ac src/frontend/CxxFrontend/EDG_VERSION,pick-partial,Updated ROSE_VERSION only; skipped EDG_VERSION configure.ac SCM_DATE.
db70af0728901b85709b3bfb84746be619dc7182,2025-07-16,(Source Analysis) Fixed compiler warning,src/AstNodes/Expression/SgConstructorInitializer.C,pick,Already simplified in REX; Ada and Java types removed.
3e36327cf3b369c803a57cc363a03f89cfd3fadd,2025-07-16,(EDG) Modified source code to fix an EDG compile error,src/Rose/BinaryAnalysis/Partitioner2/AddressUsageMap.C src/Rose/BinaryAnalysis/Partitioner2/AddressUsageMap.h,drop,BinaryAnalysis and EDG dropped in REX.
05f6c4a3546c4aa2f631b464f6f88f0f31460d0e,2025-07-16,(Libadalang) Instantiation Decls,src/frontend/Experimental_Ada_ROSE_Connection/LibadalangExpression.C src/frontend/Experimental_Ada_ROSE_Connection/LibadalangStatement.C src/frontend/Experimental_Ada_ROSE_Connection/LibadalangType.C src/frontend/Experimental_Ada_ROSE_Connection/LibadalangType.h,drop,Ada Libadalang dropped in REX.
99238cfedb00b0e0fd4c76cb1b7f0fc5f0f33340,2025-07-18,(Release) Incremented version to 0.11.145.296,ROSE_VERSION config/SCM_DATE configure.ac src/frontend/CxxFrontend/EDG_VERSION,pick-partial,Updated ROSE_VERSION only; skipped EDG_VERSION configure.ac SCM_DATE.
06bf8954f897a12a3255952e6c4ac671a20e506a,2025-07-18,(Libadalang) Fix ada_accept_stmt and ada_at_clause,src/frontend/Experimental_Ada_ROSE_Connection/AdaMaker.C src/frontend/Experimental_Ada_ROSE_Connection/LibadalangExpression.C src/frontend/Experimental_Ada_ROSE_Connection/LibadalangStatement.C src/frontend/Experimental_Ada_ROSE_Connection/LibadalangType.C,drop,Ada Libadalang dropped in REX.
efeb65320bf38876178e428ec0bf59d3eb63074a,2025-07-18,(CICD) Fixing CMake check-hello-cxx,src/CMakeLists.txt,pick,Cleanup now removes hello-world.cpp for check-hello-cxx.
df4db5ac2814a610b07d4dfb7e8a8555e01005d5,2025-07-19,(Release) Incremented version to 0.11.145.297,ROSE_VERSION config/SCM_DATE configure.ac src/frontend/CxxFrontend/EDG_VERSION,pick-partial,Updated ROSE_VERSION only; skipped EDG_VERSION configure.ac SCM_DATE.
181a252dd6e829b720c971584d519996c44566e2,2025-07-21,(AstUtil) Support saving and outputing dictionary of variable signatures,src/midend/astUtil/AstUtilInterface.C src/midend/astUtil/AstUtilInterface.h,pick,Added variable signature dictionary save and output support.
98a87d1890a1cde0344eb6211366175ec09dc088,2025-07-21,(RHEL9) Update rose-tests,no-paths,drop,Empty commit to trigger CI pipeline only.
5095e540caf84853c173557984c630cf02bef0da,2025-07-22,(Release) Incremented version to 0.11.145.298,ROSE_VERSION config/SCM_DATE configure.ac src/frontend/CxxFrontend/EDG_VERSION,pick-partial,Updated ROSE_VERSION only; skipped EDG_VERSION configure.ac SCM_DATE.
bd0233deb27e8ecac012df7c7d97c04a6d62e7cd,2025-07-22,(AstUtil) Minor fix in saving dictionary of variable signatures,src/midend/astUtil/AstUtilInterface.C,pick,Guard saving with do_save flag.
18d19d9ffe8588e19ac16ed1c8fa4dc5d90728a6,2025-07-22,(warning) Unused variable blow-up logs,src/Rose/Traits/Traversal.h src/Rose/metaprog.h,drop,Rose Traits subtree dropped in REX.
1b5be796a348272d1246bad03cc9ca996c6714b6,2025-07-23,(Release) Incremented version to 0.11.145.299,ROSE_VERSION config/SCM_DATE configure.ac src/frontend/CxxFrontend/EDG_VERSION,pick-partial,Updated ROSE_VERSION only; skipped EDG_VERSION configure.ac SCM_DATE.
941a3baaf132866de62ce006aa4200f0f03b0d1d,2025-07-24,(EDG) Fixed issues in EDG debugging support (EDG/ROSE),src/frontend/CxxFrontend/EDG,drop,EDG frontend dropped in REX.
70f0c61804749a35f309a297cb00b6ab342f37c0,2025-07-24,(Performance) Improved ROSE performance,src/ROSETTA/Grammar/Statement.code src/ROSETTA/Grammar/Support.code src/ROSETTA/src/CxxGrammarMetaProgram.C src/ROSETTA/src/support.C src/backend/unparser/nameQualificationSupport.C src/frontend/SageIII/astPostProcessing/fixupCxxSymbolTablesToSupportAliasingSymbols.C src/frontend/SageIII/astPostProcessing/fixupFunctionDefaultArguments.C src/frontend/SageIII/sageInterface/sageInterface.C src/midend/astDiagnostics/AstPerformance.C src/midend/astDiagnostics/AstPerformance.h src/rose-compiler.C,pick-partial,Applied performance timers and counters in symbol table fixup and default args; skipped src/Sawyer/SharedPointer.h (Sawyer dropped); cmdline usage entry absent; avoided boost include.
8af7e9320c3d3ae5490afcafd1b3cdf2e0eda2f7,2025-07-24,(Testing) Turning off redundent test,.gitlab-ci.yml,drop,CI config not used in REX.
d793c182e1331898462e511d942b3810a34596f8,2025-07-24,(Release) Incremented version to 0.11.145.300,ROSE_VERSION config/SCM_DATE configure.ac src/frontend/CxxFrontend/EDG_VERSION,pick-partial,Updated ROSE_VERSION only; skipped EDG_VERSION configure.ac SCM_DATE.
fc8b0360635a5caa96b2558ce9118f13ed1e52af,2025-07-25,(Cil) robustify parser,src/frontend/BinaryFormats/CilImpl.C,drop,BinaryFormats and BinaryAnalysis dropped in REX.
4afecd3dd5409eb8812a692c87ab0d7c7eda8593,2025-07-26,(Release) Incremented version to 0.11.145.301,ROSE_VERSION config/SCM_DATE configure.ac src/frontend/CxxFrontend/EDG_VERSION,pick-partial,Updated ROSE_VERSION only; skipped EDG_VERSION configure.ac SCM_DATE.
87ed0ca739006efaf4400f8c446f384b2830de4d,2025-07-28,(Engineering) Fixed compiler warnings,src/ROSETTA/Grammar/Node.code src/ROSETTA/Grammar/Statement.code src/ROSETTA/Grammar/Support.code src/Rose/BinaryAnalysis/Disassembler/X86.C src/Rose/BinaryAnalysis/ModelChecker/PartitionerModel.C src/backend/unparser/unparser.C src/frontend/SageIII/rose_attributes_list.C src/frontend/SageIII/virtualCFG/memberFunctions.C,pick-partial,Replaced ASSERT_not_null(this) with ASSERT_this() where applicable; skipped BinaryAnalysis files (component dropped). Removed drop-list references in Statement.code and Support.code and rose_attributes_list.C comments.
1f4106288fd459881b9006bb9949ad85e605639d,2025-07-28,(Binary Analysis) Added some additional PowerPC registers,src/Rose/BinaryAnalysis/Architecture/Powerpc32.C src/Rose/BinaryAnalysis/Architecture/Powerpc64.C src/Rose/BinaryAnalysis/InstructionEnumsPowerpc.h src/Rose/BinaryAnalysis/RegisterDescriptor.h,drop,BinaryAnalysis dropped in REX.
36bf69d8c42ec45ffdd9065f49420439e248dad8,2025-07-28,(Binary Analysis) Debugger ThreadId is printable,src/Rose/BinaryAnalysis/Debugger/ThreadId.C src/Rose/BinaryAnalysis/Debugger/ThreadId.h,drop,BinaryAnalysis dropped in REX.
3bd5f571f96656db27606fabea13dda55951c856,2025-07-28,(Binary Analysis) Ability to print Gdb::Specimen,src/Rose/BinaryAnalysis/Debugger/Gdb.C src/Rose/BinaryAnalysis/Debugger/Gdb.h,drop,BinaryAnalysis dropped in REX.
465896817f4595bc86082ce8a648848deb1489bf,2025-07-28,(Binary Analysis) Remote debugger improvements,src/Rose/BinaryAnalysis/Debugger/Gdb.C src/Rose/BinaryAnalysis/Debugger/Gdb.h,drop,BinaryAnalysis dropped in REX.
1efeabe7b15fd4f05dbeac0f5442bed65ed7070e,2025-07-29,(Ada) revise type cast inserts for System.Address,src/backend/unparser/AdaCodeGeneration/unparseAda_types.C src/frontend/Experimental_Ada_ROSE_Connection/AdaMaker.C src/frontend/Experimental_Ada_ROSE_Connection/AdaMaker.h src/frontend/Experimental_Ada_ROSE_Connection/AdaType.C src/frontend/Experimental_Ada_ROSE_Connection/Ada_to_ROSE.C src/frontend/SageIII/sageInterface/sageInterfaceAda.C src/frontend/SageIII/sageInterface/sageInterfaceAda.h,drop,Ada support dropped in REX.
4231de032f84f6f9cb199bc6e136d3e2baa61966,2025-07-29,(AstUtil) Minor fix in symbolicVal and dependence table,src/midend/astUtil/dependenceTracking/dependence_table.C src/midend/astUtil/symbolicVal/SymbolicVal.C,pick,Handled empty dependence query and added bitwise operators in SymbolicVal.
a747582dc08580f8de0d760a37bbbe4fe8389316,2025-07-29,(Performance) support std::unordered_map/set,src/ROSETTA/Grammar/Support.code src/ROSETTA/src/AstNodeClass.h src/ROSETTA/src/buildStorageClasses.C src/ROSETTA/src/support.C src/backend/unparser/nameQualificationSupport.C src/frontend/SageIII/astFileIO/StorageClassMemoryManagement.C src/frontend/SageIII/astFileIO/StorageClassMemoryManagement.h src/frontend/SageIII/astPostProcessing/fixupCxxSymbolTablesToSupportAliasingSymbols.C src/frontend/SageIII/rtiHelpers.h src/frontend/SageIII/sageInterface/sageContainer.h src/midend/programAnalysis/ssaUnfilteredCfg/reachingDefUnfilteredCfg.C src/midend/programAnalysis/staticSingleAssignment/reachingDef.C src/midend/programAnalysis/staticSingleAssignment/staticSingleAssignmentInterprocedural.C src/roseSupport/stringify.C,pick-partial,Applied Support.code unordered set update plus rtiHelpers; added SgUnorderedNodeSet typedefs in Node.code and unordered headers in rosedefs.h since sageContainer.h absent; updated AstNodeClass.C for new enum names; skipped buildStorageClasses.C astFileIO StorageClassMemoryManagement.* sageContainer.h SSA files and roseSupport/stringify.C missing.
347929acaf60914547eaf0a4a594e7ed63006287,2025-07-29,(Release) Incremented version to 0.11.145.302,ROSE_VERSION config/SCM_DATE configure.ac src/frontend/CxxFrontend/EDG_VERSION,pick-partial,Updated ROSE_VERSION only; skipped EDG_VERSION configure.ac SCM_DATE.
430ceec6f8a154b3b59ea6d6f081b7ccbab1e769,2025-07-29,(mangling) update internal name mangling,src/ROSETTA/Grammar/Statement.code src/ROSETTA/Grammar/Support.code src/ROSETTA/Grammar/Type.code src/ROSETTA/src/type.C src/frontend/SageIII/astPostProcessing/fixupNames.C src/frontend/SageIII/manglingSupport.C src/frontend/SageIII/sageInterface/sageBuilder.C,pick-partial,Applied mangling updates and decltype uniqueness; buildOpaqueType sets scope; skipped SgTypeFixed section and instantiateNonrealTypes depth/position block not present in REX.
1be5b883c2743bf0029f5b583ee786deb40a6f05,2025-07-30,(Release) Incremented version to 0.11.145.303,ROSE_VERSION config/SCM_DATE configure.ac src/frontend/CxxFrontend/EDG_VERSION,pick-partial,Updated ROSE_VERSION only; skipped EDG_VERSION configure.ac SCM_DATE.
fc4c9c0d6a82ecc24be4b17e6b5fa535359a80c2,2025-07-31,(Support) Make Sawyer::SharedPointer compile with EDG,src/Sawyer/SharedPointer.h,drop,Sawyer dropped in REX; EDG not supported.
c4460be0b8f85e7b32e5c471f2cf5b435839cbe7,2025-07-31,(Ada) revise type cast logic for System.Address,src/frontend/Experimental_Ada_ROSE_Connection/Ada_to_ROSE.C src/frontend/SageIII/sageInterface/sageInterfaceAda.C,drop,Ada support dropped in REX.
34925cab18b9f21ec639f52591df174031f9e17d,2025-07-31,(Release) Incremented version to 0.11.145.304,ROSE_VERSION config/SCM_DATE configure.ac src/frontend/CxxFrontend/EDG_VERSION,pick-partial,Updated ROSE_VERSION only; skipped EDG_VERSION configure.ac SCM_DATE.
79ff7535f09ef34115e364a44f85739996d43fb1,2025-08-01,(Libadalang) ada_generic_formal_package,src/frontend/Experimental_Ada_ROSE_Connection/LibadalangExpression.C src/frontend/Experimental_Ada_ROSE_Connection/LibadalangStatement.C src/frontend/Experimental_Ada_ROSE_Connection/Libadalang_to_ROSE.C,drop,Ada Libadalang dropped in REX.
34ec5037b815e11373a6568ffdb188104cc96607,2025-08-01,(Libadalang) Scope Fix,src/frontend/Experimental_Ada_ROSE_Connection/LibadalangExpression.C src/frontend/Experimental_Ada_ROSE_Connection/LibadalangStatement.C src/frontend/Experimental_Ada_ROSE_Connection/LibadalangStatement.h,drop,Ada Libadalang dropped in REX.
2ebb7623560eb2e1152fd09b8799c3a4e85cd16a,2025-08-01,(cmake) fix compiler vendor hack,CMakeLists.txt config/get_compiler_header_dirs,pick-partial,CMake already passes vendor; lowercased vendor in get_compiler_header_dirs.
630583028d0c0ca9abc04c1c5d50289afc3e1fe2,2025-08-01,(Tup) Adjusted tup build system for recent changes in CMake build system,src/Rose/SourceCode/AST/Tupfile src/Rose/SourceCode/Analysis/Tupfile src/Rose/SourceCode/CodeGen/Tupfile,drop,Tup build system ignored in REX.
1f62f57e7bdd336a8abcbc579c9457b1be4a5b0f,2025-08-01,(Engineering) Fixed a compiler warning when a feature is disabled,src/Rose/BinaryAnalysis/Debugger/Gdb.C,drop,BinaryAnalysis dropped in REX.
ccac3492cb5e329b475f7e260664d0ec0b2e6cdc,2025-08-01,(Binary Analysis) batSupport is always installed,tools/BinaryAnalysis/CMakeLists.txt tools/BinaryAnalysis/Makefile.am tools/BinaryAnalysis/Tupfile tools/BinaryAnalysis/batSupport.C tools/BinaryAnalysis/batSupport.h,drop,BinaryAnalysis dropped in REX.
42173e6108a58207b7148ec87a171ce1b2dcdf9c,2025-08-01,(Engineering) Fix compiler warnings issued by (Apple) clang,src/midend/astProcessing/AstJSONGeneration.C,drop,AstJSONGeneration.C not present in REX.
669c5d31ca7b8ae78197b0f59a30609d73f67726,2025-08-01,(Engineering) Fix compiler warnings issued by (Apple) clang,src/midend/astRewriteMechanism/ASTFragmentCollectorTraversalImpl.h src/midend/astRewriteMechanism/prefixGenerationImpl.h,drop,astRewriteMechanism subtree not present in REX.
8002a2fec0e11838eb894eacc0e99873ed35211e,2025-08-01,(Release) Incremented version to 0.11.145.305,ROSE_VERSION config/SCM_DATE configure.ac src/frontend/CxxFrontend/EDG_VERSION,pick-partial,Updated ROSE_VERSION only; skipped EDG_VERSION configure.ac SCM_DATE.
0887e81ff96b9b6226bf0ef4391ae70f2ec8a50f,2025-08-01,(Engineering) Fix compiler warnings issued by (Apple) clang,src/midend/programTransformation/extractFunctionArgumentsNormalization/functionEvaluationOrderTraversal.C,pick,Updated asserts and nullptr checks; marked unused functionCall parameter.
8cfaf8ceacf17dc08a0375121fd34402628cb7c4,2025-08-02,(Engineering) Fix compiler warnings issued by (Apple) clang,src/midend/programTransformation/astOutlining/StmtRewrite.cc,pick,Removed dead code; updated asserts and nullptr checks.
5e53e8ecbda5005d4116c1e296da85b4431ffe97,2025-08-02,(Engineering) Fix compiler warnings issued by (Apple) clang,src/Rose/BinaryAnalysis/Disassembler/Powerpc.C,drop,BinaryAnalysis dropped in REX.
420d0608781b8485953c7dd9f81cc608d0bbe898,2025-08-02,(Release) Incremented version to 0.11.145.306,ROSE_VERSION config/SCM_DATE configure.ac src/frontend/CxxFrontend/EDG_VERSION,pick-partial,Updated ROSE_VERSION only; skipped EDG_VERSION configure.ac SCM_DATE.
4200b5ede25a40da2b52c499d70d573d516c4b3b,2025-08-06,(Cil) improve diagnostics,src/AstNodes/BinaryAnalysis/SgAsmCilErrorHeap.h src/AstNodes/BinaryAnalysis/SgAsmCilMetadataRoot.h src/CMakeLists.txt src/ROSETTA/astNodeList src/ROSETTA/src/Makefile.am src/ROSETTA/src/binaryInstruction.C src/Rose/Diagnostics/Diagnostics.C src/frontend/BinaryFormats/CilImpl.C src/frontend/SageIII/Makefile.am src/generated/BinaryAnalysis/CMakeLists.txt src/generated/BinaryAnalysis/Makefile.am src/generated/BinaryAnalysis/SgAsmCilErrorHeap.C src/generated/BinaryAnalysis/SgAsmCilMetadataRoot.C src/generated/BinaryAnalysis/Tupfile src/generated/Rose/Sarif/Analysis.C src/generated/Rose/Sarif/Analysis.h src/generated/Rose/Sarif/Artifact.C src/generated/Rose/Sarif/Artifact.h src/generated/Rose/Sarif/CMakeLists.txt src/generated/Rose/Sarif/CodeFlow.C src/generated/Rose/Sarif/CodeFlow.h src/generated/Rose/Sarif/Location.C src/generated/Rose/Sarif/Location.h src/generated/Rose/Sarif/Log.C src/generated/Rose/Sarif/Log.h src/generated/Rose/Sarif/Makefile.am src/generated/Rose/Sarif/Node.C src/generated/Rose/Sarif/Node.h src/generated/Rose/Sarif/NodeDeclarations.h src/generated/Rose/Sarif/Result.C src/generated/Rose/Sarif/Result.h src/generated/Rose/Sarif/Rule.C src/generated/Rose/Sarif/Rule.h src/generated/Rose/Sarif/ThreadFlow.C src/generated/Rose/Sarif/ThreadFlow.h src/generated/Rose/Sarif/ThreadFlowLocation.C src/generated/Rose/Sarif/ThreadFlowLocation.h src/generated/Rose/Sarif/Tupfile,drop,BinaryAnalysis and Sarif dropped in REX.
d2c27590b0c3b7bd2a5e7a091362f78331dfcae8,2025-08-07,(Release) Incremented version to 0.11.145.307,ROSE_VERSION config/SCM_DATE configure.ac src/frontend/CxxFrontend/EDG_VERSION,pick-partial,Updated ROSE_VERSION only; skipped EDG_VERSION configure.ac SCM_DATE.
55cb82cd65862962bb971fe0726af6f905bd0f8d,2025-08-07,(AstUtil) Minor fix in dependence table,src/midend/astUtil/dependenceTracking/dependence_table.h,pick,Allow empty tag_first_ in dependence query.
b88c4b166fd263733fedbc821761591ee867fb65,2025-08-08,(codethorn) call graph support,tools/CodeThorn/src/CallGraphExport.C tools/CodeThorn/src/CallGraphExport.h tools/CodeThorn/src/ClassHierarchyAnalysis.C tools/CodeThorn/src/RoseCompatibility.C tools/CodeThorn/src/RoseCompatibility.h,drop,CodeThorn dropped in REX.
5a918499fbce2476af7cb044f890a2fe21d56fcc,2025-08-08,(Release) Incremented version to 0.11.145.308,ROSE_VERSION config/SCM_DATE configure.ac src/frontend/CxxFrontend/EDG_VERSION,pick-partial,Updated ROSE_VERSION only; skipped EDG_VERSION configure.ac SCM_DATE.
2a9b2fb18291026128b7caa6ce534490f67c041d,2025-08-08,(Libadalang) Instantiation fix,src/frontend/Experimental_Ada_ROSE_Connection/LibadalangStatement.C src/frontend/Experimental_Ada_ROSE_Connection/Libadalang_to_ROSE.C,drop,Ada Libadalang dropped in REX.
cf5d17b656cd9d7525b6fc69ef438b7e2932b8c7,2025-08-08,(Libadalang) Better enum values,src/frontend/Experimental_Ada_ROSE_Connection/LibadalangExpression.C src/frontend/Experimental_Ada_ROSE_Connection/LibadalangStatement.C src/frontend/Experimental_Ada_ROSE_Connection/LibadalangType.C src/frontend/Experimental_Ada_ROSE_Connection/Libadalang_to_ROSE.C,drop,Ada Libadalang dropped in REX.
6c95acd9c7320beb950993aec47192c5a0a06aca,2025-08-08,(Libadalang) queryCorrespondingAstNode,src/frontend/Experimental_Ada_ROSE_Connection/LibadalangExpression.C,drop,Ada Libadalang dropped in REX.
25228cd20cdde1f16302ebef8451cbff8e4a929b,2025-08-09,(ByteCode JVM) Implement JVM classpath,src/Rose/BinaryAnalysis/Partitioner2/EngineJvm.C src/backend/unparser/unparser.C,pick-partial,BinaryAnalysis JVM change dropped; unparser cleanup not applied.
c785c5f6b7903c4a88176fdff2461126d78b439c,2025-08-09,(Support) Fixed compile error in Sawyer/Tree.h,src/Sawyer/Tree.h,drop,Sawyer dropped in REX.
3750feca6e90adfbcf988cd803da35d1145c761c,2025-08-09,(Release) Incremented version to 0.11.145.309,ROSE_VERSION config/SCM_DATE configure.ac src/frontend/CxxFrontend/EDG_VERSION,pick-partial,Updated ROSE_VERSION only; skipped EDG_VERSION configure.ac SCM_DATE.
2d46bb1316cf9f8385f30a9a934cf707b954673f,2025-08-10,(Engineering) Fix compiler warnings issued by (Apple) clang,src/midend/programTransformation/ompLowering/omp_lowering.cpp,pick-partial,Marked map_alloc_clause unused; translationDriver::visit not present in REX.
2bf4368f4380dd46e09d73299feebd5a2e61eb8f,2025-08-10,(Release) Incremented version to 0.11.145.310,ROSE_VERSION config/SCM_DATE configure.ac src/frontend/CxxFrontend/EDG_VERSION,pick-partial,Updated ROSE_VERSION only; skipped EDG_VERSION configure.ac SCM_DATE.
251a3981084c09c1ce156effe4d427cacd31b0ca,2025-08-12,(ROSE) Group 7c code is missing some macro definitions; specific to ROSE,config/rose_edg_required_macros_and_functions.h.in,drop,EDG support dropped in REX.
0131f129c05b242a21cccff91095803f89452c90,2025-08-12,(CMake) Fixed unfound <featureTests.h> in tools/BinaryAnalysis,tools/BinaryAnalysis/CMakeLists.txt,drop,BinaryAnalysis dropped in REX.
a5d45b65ef9a47d19ad81a479903cd291e9df37a,2025-08-12,(Fortran Flang) Implemented label for TypeDeclarationStmt,config/Makefile.for.ROSE.includes.and.libs src/3rdPartyLibraries/flang-parser/flang-external-builder-main.cc src/frontend/Experimental_Flang_ROSE_Connection/BuildVisitor.h src/frontend/Experimental_Flang_ROSE_Connection/flang-sage.h src/frontend/Experimental_Flang_ROSE_Connection/parse-tree.h.preproc src/frontend/Experimental_Flang_ROSE_Connection/sage-build.C src/frontend/Experimental_Flang_ROSE_Connection/sage-build.h src/frontend/Experimental_Flang_ROSE_Connection/unparse-sage.cpp src/frontend/Experimental_Flang_ROSE_Connection/unparse-sage.h,pick,Updated flang parser snapshot and connection sources; replaced boost optional in Flang builder with std optional; removed drop-list include and lib references from config/Makefile.for.ROSE.includes.and.libs (Boost PHP Python Ada Libadalang Windows YAML EDG); removed src/generated and Java include paths.
2822b8df3ac6f3a64ca8cb57078134cc1ca40330,2025-08-12,(Engineering) Fix compiler warnings issued by (Apple) clang,src/midend/abstractLayer/VariableIdMapping.C src/midend/astDiagnostics/AstPerformance.C,pick-partial,Applied AstPerformance change; VariableIdMapping.C not present in REX.
3ab9dd87240346f1c58842cca13766a3f4121788,2025-08-12,(Release) Incremented version to 0.11.145.311,ROSE_VERSION config/SCM_DATE configure.ac src/frontend/CxxFrontend/EDG_VERSION,pick-partial,Updated ROSE_VERSION only; skipped EDG_VERSION configure.ac SCM_DATE.
2d2c29e6ee121ad259e2fd341db15c434e9f7e85,2025-08-12,(Engineering) use unordered_map for name qualification and unparsing,src/AstNodes/Expression/SgExpression.C src/ROSETTA/Grammar/Node.code src/ROSETTA/Grammar/Statement.code src/ROSETTA/Grammar/Support.code src/ROSETTA/Grammar/Type.code src/ROSETTA/src/node.C src/backend/unparser/nameQualificationSupport.C src/backend/unparser/nameQualificationSupport.h src/backend/unparser/unparser.C src/backend/unparser/CxxCodeGeneration/unparseCxx_expressions.C src/backend/unparser/CxxCodeGeneration/unparseCxx_statements.C src/backend/unparser/CxxCodeGeneration/unparseCxx_types.C src/backend/unparser/languageIndependenceSupport/name_qualification_support.C src/backend/unparser/languageIndependenceSupport/name_qualification_support.h src/frontend/SageIII/astHiddenTypeAndDeclarationLists/newHiddenList.C src/frontend/SageIII/astHiddenTypeAndDeclarationLists/newHiddenList.h,pick-partial,Applied unordered_map refactor for name qualification and unparser; updated newHiddenList to match map types; skipped Ada files; skipped astFileIO StorageClassMemoryManagement; skipped Rose/AST/Utility.C; skipped sageInterface/sageContainer.h not present.
17ae1fdc119d185cfa3e9514d83ef9b87fbfb335,2025-08-14,(ByteCode JVM) Implement JVM classpath,exampleTranslators/defaultTranslator/JvmParseUnparse.C exampleTranslators/defaultTranslator/Makefile.am src/Rose/BinaryAnalysis/Partitioner2/EngineJvm.C src/backend/unparser/unparser.C,drop,BinaryAnalysis and JVM support dropped in REX; skip unparser cleanup bundled with JVM classpath.
d8a7689f24d57d188c65b1c199b412d016926794,2025-08-14,(Fortran Flang) Implemented part of PrintStmt,src/backend/unparser/FortranCodeGeneration/unparseFortran_expressions.C src/frontend/Experimental_Flang_ROSE_Connection/BuildVisitor.h src/frontend/Experimental_Flang_ROSE_Connection/sage-build.C src/frontend/Experimental_Flang_ROSE_Connection/sage-build.h src/frontend/OpenFortranParser_SAGE_Connection/FortranParserActionROSE.C,pick,Added PrintStmt builder in Flang connection; removed PrintStmt stub; ASSERT_require for fmt token; nullptr cleanup in unparseLabelRefExp.
454066b68d6119241b256adf86801fdc1a142d4d,2025-08-14,(Release) Incremented version to 0.11.145.312,ROSE_VERSION config/SCM_DATE configure.ac src/frontend/CxxFrontend/EDG_VERSION,pick-partial,Updated ROSE_VERSION only; skipped EDG_VERSION configure.ac SCM_DATE.
703ceb247da6944edb4a9ce542eab7606b83d5b1,2025-08-14,(PrePostCondition) Add support for SYMOP_NOT,src/midend/astUtil/prePostConditionAnalysis/PrePostConditionAnalysis.C src/midend/astUtil/symbolicVal/CMakeLists.txt src/midend/astUtil/symbolicVal/Makefile.am-recursive src/midend/astUtil/symbolicVal/Makefile_variables src/midend/astUtil/symbolicVal/SymbolicExpr.C src/midend/astUtil/symbolicVal/SymbolicExpr.h src/midend/astUtil/symbolicVal/SymbolicOperator.C src/midend/astUtil/symbolicVal/SymbolicVal.C src/midend/astUtil/symbolicVal/SymbolicVal.h src/midend/astUtil/symbolicVal/UnaryOperators.h,pick-partial,Added unary NOT support in symbolicVal; added UnaryOperators header and build lists; PrePostConditionAnalysis.C not present in REX.
32f233b17597c24ba38e8dde64d1f7a53953c375,2025-08-14,(PrePostCondition) Add UnaryOperator class,src/midend/astUtil/symbolicVal/UnaryOperators.h,pick,Refactor unary operators with UnaryOperator and UnaryOPApplicator; SymbolicNot uses CreateUnaryOP.
408183f89dd2e0afebb718463491523af3f3009b,2025-08-15,(Libadalang) Abstract_State Aspect,src/frontend/Experimental_Ada_ROSE_Connection/LibadalangExpression.C src/frontend/Experimental_Ada_ROSE_Connection/LibadalangStatement.C,drop,Ada Libadalang dropped in REX.
10ddf8cfd695d099682560fe8341db37858b0fcf,2025-08-15,(Libadalang) logKind reporting overhaul and fixes,src/frontend/Experimental_Ada_ROSE_Connection/LibadalangExpression.C src/frontend/Experimental_Ada_ROSE_Connection/LibadalangStatement.C src/frontend/Experimental_Ada_ROSE_Connection/LibadalangType.C,drop,Ada Libadalang dropped in REX.
5bacfa4c8e53b91ed910c40b30cdcc3b2e7287a2,2025-08-15,(Release) Incremented version to 0.11.145.313,ROSE_VERSION config/SCM_DATE configure.ac src/frontend/CxxFrontend/EDG_VERSION,pick-partial,Updated ROSE_VERSION only; skipped EDG_VERSION configure.ac SCM_DATE.
0a122160e37d4397f7fef5d7ee33b19ba7b67cd2,2025-08-15,(SARIF) Add UUID to Rose SourceCode Analyzer,src/Rose/SourceCode/Analysis/Analyzer.C src/Rose/SourceCode/Sarif.C,drop,Sarif and Rose SourceCode dropped in REX.
fb77b13b9d555ef2c530701c2339a6b886facd4b,2025-08-16,(Release) Incremented version to 0.11.145.314,ROSE_VERSION config/SCM_DATE configure.ac src/frontend/CxxFrontend/EDG_VERSION,pick-partial,Updated ROSE_VERSION only; skipped EDG_VERSION configure.ac SCM_DATE.
244f6dabcda008b8b3b8f80d937e43c822355e4f,2025-08-17,(Tup) Added missing SgAsmCilErrorHeap.h,Tuprules.tup,drop,Tup build system dropped in REX.
a80f452f787e58b15cf5c58e6434f8ccc361a271,2025-08-17,(Autotools) libbatSupport installed as shared object,tools/BinaryAnalysis/Makefile.am,drop,BinaryAnalysis dropped in REX; autotools changes skipped.
ab3f4934a9076f58aa8a0d85edd359e05be1af67,2025-08-17,(Release) Incremented version to 0.11.145.315,ROSE_VERSION config/SCM_DATE configure.ac src/frontend/CxxFrontend/EDG_VERSION,pick-partial,Updated ROSE_VERSION only; skipped EDG_VERSION configure.ac SCM_DATE.
288dc26fc6d75080022d129a51c1f4917a079244,2025-08-18,(Engineering) Fix compiler warnings issued by Apple clang,src/midend/astMatching/MatchOperation.C src/midend/astUtil/dependenceTracking/dependence_analysis.h,pick-partial,astMatching dropped; dependence_analysis.h already matches upstream initializer order.
42e6fb7db5872eb2bdfe761149abcc51fc096386,2025-08-20,(Fortran Flang) Implement PrintStmt,src/frontend/Experimental_Flang_ROSE_Connection/BuildExprVisitor.h src/frontend/Experimental_Flang_ROSE_Connection/sage-build.C,pick,Added CharLiteralConstant handling in PrintStmt items; added PrintStmt info hook; KindParam still TODO.
4708a5430f52775a7f52e0775dfe26ea79a1de58,2025-08-20,(ROSE) Improve name qualification performance,src/ROSETTA/Grammar/Support.code src/ROSETTA/src/support.C src/backend/unparser/nameQualificationSupport.C src/backend/unparser/nameQualificationSupport.h src/frontend/SageIII/sage_support/cmdline.C src/midend/astDiagnostics/AstPerformance.C src/midend/astDiagnostics/AstPerformance.h,pick,Add -rose:suppressNameQualificationAcrossWholeTranslationUnit option; traverse input files when enabled; add AstPerformance counters; hash uses name.getString
0892ca8bac7442b6fb6bdc3b226bd5c41f9d2071,2025-08-20,(ROSE) Use getProject(node) in name qualification,src/backend/unparser/nameQualificationSupport.C,pick,Avoid multiple SgProject instances from SageInterface::getProject()
53390c59584a6615e36a21b726d66f35ef5bb625,2025-08-20,(Release) Incremented version to 0.11.145.316,ROSE_VERSION config/SCM_DATE configure.ac src/frontend/CxxFrontend/EDG_VERSION,pick-partial,Updated ROSE_VERSION only; skipped EDG_VERSION configure.ac SCM_DATE.
5250da5ebc7e3950841bbe7fb8f8e9728f6d8fcf,2025-08-20,(Jovial) Implement diff of unparsed specimens,src/frontend/Experimental_Jovial_ROSE_Connection/ATermToSageJovialTraversal.C src/frontend/SageIII/sageInterface/sageInterface.C,pick-partial,Applied SageInterface assert and label parent cleanup; skipped Jovial traversal change
a114175ca5bb006d01f56d22476c8a2b9748e52f,2025-08-22,(Release) Incremented version to 0.11.145.317,ROSE_VERSION config/SCM_DATE configure.ac src/frontend/CxxFrontend/EDG_VERSION,pick-partial,Updated ROSE_VERSION only; skipped EDG_VERSION configure.ac SCM_DATE.
d1aa8a680adcc9d1f3cfe8c1d2afb77a80e44997,2025-08-22,(Libadalang) Package Instantiation Parameters,src/frontend/Experimental_Ada_ROSE_Connection/LibadalangExpression.C src/frontend/Experimental_Ada_ROSE_Connection/LibadalangStatement.C,drop,Ada Libadalang dropped in REX.
706670bb1aecf79513e764c9f076626ac1fd32a5,2025-08-22,(Libadalang) Enum types and range constraints,src/frontend/Experimental_Ada_ROSE_Connection/LibadalangExpression.C src/frontend/Experimental_Ada_ROSE_Connection/LibadalangStatement.C src/frontend/Experimental_Ada_ROSE_Connection/LibadalangType.C,drop,Ada Libadalang dropped in REX.
ced36c99110df10b618836537e2542d18c654d89,2025-08-25,(Engineering) Fix clang warnings,src/Rose/BinaryAnalysis/BinaryLoaderPe.C src/Rose/SourceCode/Sarif.C src/frontend/SageIII/astPostProcessing/fixupFunctionDefaultArguments.C,pick-partial,Applied unused-variable cleanup in fixupFunctionDefaultArguments; skipped BinaryAnalysis and Sarif changes
7f387a21f59036bfbca67b8f89f4aa24044ed20d,2025-08-25,(Release) Incremented version to 0.11.145.318,ROSE_VERSION config/SCM_DATE configure.ac src/frontend/CxxFrontend/EDG_VERSION,pick-partial,Updated ROSE_VERSION only; skipped EDG_VERSION configure.ac SCM_DATE.
9b4181f8342bba6ec627a4eb68ca8e7cec78f00a,2025-08-25,(AstInterface) fix GetVariableSignature for array access,src/midend/astUtil/annotation/OperatorDescriptors.C src/midend/astUtil/astInterface/AstInterface.C src/midend/astUtil/dependenceTracking/dependence_table.C,pick,Handle array access in variable signature; avoid _UNKNOWN_ for non-var; update operator parameter naming
60061aa3e5050ef02870ef76013a802ef6580d71,2025-08-26,(AstUtil) Fix recording of memory allocation in side effects,src/midend/astUtil/AstUtilInterface.C src/midend/astUtil/astInterface/AstInterface.C src/midend/astUtil/astInterface/AstInterface.h src/midend/astUtil/astSupport/StmtInfoCollect.C src/midend/astUtil/dependenceTracking/dependence_analysis.C src/midend/astUtil/dependenceTracking/dependence_table.C,pick,Record allocation init expressions; extend IsMemoryAllocation signature; update side effect detail handling
0fff94c4d8450b3b6ed13fc27e133b3630f7d9f6,2025-08-28,(Release) Incremented version to 0.11.145.319,ROSE_VERSION config/SCM_DATE configure.ac src/frontend/CxxFrontend/EDG_VERSION,pick-partial,Updated ROSE_VERSION only; skipped EDG_VERSION configure.ac SCM_DATE.
43281a40f5f2a94be5da4287e9be9bf8f207b7fa,2025-08-28,(AstInterface) Fix GetVariableSignature for calls and constants,src/midend/astUtil/astInterface/AstInterface.C,pick,Return CONSTANT for constant expressions; use GetVariableSignature for call args; use class_name for unknown
c3aa5d7b8bda4ff7ec9218998ebf88042bf8bbac,2025-08-29,(Release) Incremented version to 0.11.145.320,ROSE_VERSION config/SCM_DATE configure.ac src/frontend/CxxFrontend/EDG_VERSION,pick-partial,Updated ROSE_VERSION only; skipped EDG_VERSION configure.ac SCM_DATE.
09dec4795bbafd037749400c35c1bdd2bd46e5ca,2025-08-29,(Libadalang) Attributes and file name,src/frontend/Experimental_Ada_ROSE_Connection/AdaMaker.C src/frontend/Experimental_Ada_ROSE_Connection/LibadalangExpression.C src/frontend/Experimental_Ada_ROSE_Connection/LibadalangStatement.C src/frontend/Experimental_Ada_ROSE_Connection/ada_support.C,drop,Ada Libadalang dropped in REX.
9ad24f74e7fb5d69bc055e402b5c6c21bf54f686,2025-08-29,(Libadalang) Many minor fixes,src/frontend/Experimental_Ada_ROSE_Connection/AdaMaker.C src/frontend/Experimental_Ada_ROSE_Connection/LibadalangStatement.C src/frontend/Experimental_Ada_ROSE_Connection/LibadalangStatement.h src/frontend/Experimental_Ada_ROSE_Connection/LibadalangType.C src/frontend/Experimental_Ada_ROSE_Connection/Libadalang_to_ROSE.h,drop,Ada Libadalang dropped in REX.
4873909b17c246ad79a8e6743e2804d222074c66,2025-08-30,(Release) Incremented version to 0.11.145.321,ROSE_VERSION config/SCM_DATE configure.ac src/frontend/CxxFrontend/EDG_VERSION,pick-partial,Updated ROSE_VERSION only; skipped EDG_VERSION configure.ac SCM_DATE.
560963dc9a3bd747fce0607b33efbbe375913d04,2025-09-02,(AstInterface) Fix GetVariableSignature for integer constants,src/midend/astUtil/astInterface/AstInterface.C,pick,Return integer literal values for int constants; keep CONSTANT for others
b83d028e6acb5721f9fdcae8049857b9751ad097,2025-09-03,(Release) Incremented version to 0.11.145.322,ROSE_VERSION config/SCM_DATE configure.ac src/frontend/CxxFrontend/EDG_VERSION,pick-partial,Updated ROSE_VERSION only; skipped EDG_VERSION configure.ac SCM_DATE.
93c3d9bcd4e2e8f210af10290083814ffd36f636,2025-09-04,(AstUtil) Skip side effect RHS detail annotation,src/midend/astUtil/dependenceTracking/dependence_table.C,pick,Log skipped details and avoid saving side effect detail attribute
c71319387b9a34b1a94c3ffd861f00a15e9c2538,2025-09-05,(Release) Incremented version to 0.11.145.323,ROSE_VERSION config/SCM_DATE configure.ac src/frontend/CxxFrontend/EDG_VERSION,pick-partial,Updated ROSE_VERSION only; skipped EDG_VERSION configure.ac SCM_DATE.
ab90b1ea61170f21fcbc2559d031ce3ab181c63d,2025-09-06,(CICD) Add Create-Generated and Push-Weekly-Generated jobs,.gitlab-ci.yml,drop,GitLab CI config not used in REX.
b618708e635df179b8e4a71485e4165ce1bac3b3,2025-09-06,(Release) Incremented version to 0.11.145.324,ROSE_VERSION config/SCM_DATE configure.ac src/frontend/CxxFrontend/EDG_VERSION,pick-partial,Updated ROSE_VERSION only; skipped EDG_VERSION configure.ac SCM_DATE.
3e07784c02eef91c9ed76222509bc84779444110,2025-09-08,(Engineering) Add GCC 13 EDG defines,config/rose_edg_required_macros_and_functions.h.in,drop,EDG support dropped in REX.
e59afc552c83c5bf288674704114b1464bae8321,2025-09-08,(Engineering) Short-circuit EDG concepts,src/frontend/CxxFrontend/EDG,drop,EDG support dropped in REX.
6a511fed308369572456d5807bbebcec6fd7feb9,2025-09-08,(Engineering) GCC 13 backend support,src/ROSETTA/Grammar/Statement.code src/frontend/SageIII/sage_support/cmdline.C,pick-partial,Added __cpp_concepts=0 for GNU backend C++20 and later; kept ROSE_ASSERT in Statement.code
e9a4f53469392888ffe9b3b002ec77f9b7f4fe39,2025-09-08,(Engineering) Fix GCC 13 header parsing,src/ROSETTA/Grammar/Statement.code src/frontend/SageIII/sageInterface/sageBuilder.C,pick,Removed template argument stripType in SageBuilder; Statement.code already kept ROSE_ASSERT
b9e9095e08893adcc50b841b4a89424245c064a9,2025-09-08,(Engineering) Disable EDG concept short-circuit,src/frontend/CxxFrontend/EDG,drop,EDG support dropped in REX.
6f38dab6f4689c924bba29328a96a0622248e167,2025-09-09,(Release) Incremented version to 0.11.145.325,ROSE_VERSION config/SCM_DATE configure.ac src/frontend/CxxFrontend/EDG_VERSION,pick-partial,Updated ROSE_VERSION only; skipped EDG_VERSION configure.ac SCM_DATE.
ef36c7a154601669b2ba35f7cc89a2b7a6eae935,2025-09-10,(Engineering) Fix compiler warnings issued by (Apple) clang,src/ROSETTA/Grammar/Node.code,pick-partial,Applied warning fixes in Node.code: unused parameters; ASSERT_require and ASSERT_this replacements; stat param unused marker; skipped dead-code and comment deletions.
573d85344a95fabd0155d1a306e331a5da025a4f,2025-09-10,(CMake) Changed ada_main to build with CMake,src/frontend/Experimental_Ada_ROSE_Connection/parser/CMakeLists.txt src/frontend/Experimental_Ada_ROSE_Connection/parser/ada_main/CMakeLists.txt,drop,Ada support dropped in REX.
28d458cc5a1021707ae8a78b3be6227845208e75,2025-09-10,(CMake) Added ADA and WINE support flags to build,CMakeLists.txt,drop,Ada and Windows support dropped in REX.
fc88435b6523bc8bd0411f1c396f3f713d3bc976,2025-09-10,(CMake) define ada variable,CMakeLists.txt,drop,Ada support dropped in REX.
253f626ff9dd1882a1c5ea134f0351468e63b5fb,2025-09-10,(CMake) Add Libadalang support to CMake,CMakeLists.txt cmake/rosePublicConfig.h.in.cmake src/CMakeLists.txt src/frontend/CMakeLists.txt src/frontend/CxxFrontend/Clang/CMakeLists.txt src/frontend/Experimental_Ada_ROSE_Connection/CMakeLists.txt src/frontend/Experimental_Libadalang_ROSE_Connection/CMakeLists.txt src/midend/programAnalysis/ReadWriteSetAnalysis/CMakeLists.txt,drop,Ada Libadalang and ReadWriteSetAnalysis dropped in REX; skip associated CMake changes.
97f121eb5ed547f02d09bc7f9f7e58212d579df7,2025-09-10,(cmake) add wine support to cmake,CMakeLists.txt cmake/rosePublicConfig.h.in.cmake,drop,Windows WINE support dropped in REX.
fbc0b7f17269dd39c2601df4677eb2ab9f4ba639,2025-09-10,"(CMake) clean up libdirs, fix codethorn name",src/CMakeLists.txt tools/CodeThorn/src/CMakeLists.txt,pick-partial,Applied rose_library_dir_list cleanup in src/CMakeLists.txt; skipped CodeThorn changes.
7a7370997617003b55edb82a060be3f7097c49ec,2025-09-10,(CMake) Remove problematic optimization logic,CMakeLists.txt,pick,Removed WITH_* optimize flags and custom optimization logic; rely on CMake build type defaults; keep Release add_compile_options -w.
9885b86f1bd984afd9c4b9137b74713f99a9931a,2025-09-10,(Release) Incremented version to 0.11.145.326,ROSE_VERSION config/SCM_DATE configure.ac src/frontend/CxxFrontend/EDG_VERSION,pick-partial,Updated ROSE_VERSION only; skipped EDG_VERSION configure.ac SCM_DATE.
f65d67088969d4ef925cecffa4992c0687d81234,2025-09-10,(AstInterface) Fix IsFunctionCall to correctly handle Fortran,src/midend/astUtil/astInterface/AstInterface.C,pick,Handle V_SgProcedureHeaderStatement as function decl; add debug for non function call.
fd47c49e9e041a0aba46c9b56b4638a7eb29b8f1,2025-09-11,(Release) Incremented version to 0.11.145.327,ROSE_VERSION config/SCM_DATE configure.ac src/frontend/CxxFrontend/EDG_VERSION,pick-partial,Updated ROSE_VERSION only; skipped EDG_VERSION configure.ac SCM_DATE.
5b6548da277791e6c1f0bec4c2ae78f84a878c22,2025-09-11,(CMake) stop installing java library,CMakeLists.txt,pick,Already absent in REX; Java frontend dropped.
5373197d424cc996b8a4ecf87a53f00656feb3be,2025-09-11,(CMake) Fix how quadmath is found,CMakeLists.txt,pick,Removed quadmath search; link quadmath only when HAVE_QUADMATH_COMPILE is set.
bd66503a37da36abd001c86ed9a8ad54dc8babf4,2025-09-12,(Libadalang) Pragma Extend_System and other fixes,src/frontend/Experimental_Libadalang_ROSE_Connection/AdaMaker.C src/frontend/Experimental_Libadalang_ROSE_Connection/AdaMaker.h src/frontend/Experimental_Libadalang_ROSE_Connection/LibadalangStatement.C src/frontend/Experimental_Libadalang_ROSE_Connection/LibadalangType.C src/frontend/Experimental_Libadalang_ROSE_Connection/Libadalang_to_ROSE.C src/frontend/Experimental_Libadalang_ROSE_Connection/Libadalang_to_ROSE.h src/frontend/Experimental_Libadalang_ROSE_Connection/ada_support.C,drop,Ada Libadalang dropped in REX.
aba8bb7240e81ee13b31aec25154260a03d68b93,2025-09-12,(Libadalang) Update handleExtendSystem,src/frontend/Experimental_Libadalang_ROSE_Connection/LibadalangStatement.C,drop,Ada Libadalang dropped in REX.
79d461cc4015c7cb308f5ced07d4508af6dd0f7d,2025-09-12,(Release) Incremented version to 0.11.145.328,ROSE_VERSION config/SCM_DATE configure.ac src/frontend/CxxFrontend/EDG_VERSION,pick-partial,Updated ROSE_VERSION only; skipped EDG_VERSION configure.ac SCM_DATE.
3ab9e779c29dce9f6324045272d088186127aab3,2025-09-15,(AstInterface) Make IsFunctionDefinition recognize CtorInitializers,src/midend/astUtil/astInterface/AstInterface.C src/midend/astUtil/dependenceTracking/dependence_table.h,pick-partial,Applied IsFunctionDefinition template and ctor initializer handling; updated SelectDependences tag sets; AstIdentical function not present in REX.
b02e35accd0a2d4da63f6e56ba27c54bde4a1fad,2025-09-17,(Release) Incremented version to 0.11.145.329,ROSE_VERSION config/SCM_DATE configure.ac src/frontend/CxxFrontend/EDG_VERSION,pick-partial,Updated ROSE_VERSION only; skipped EDG_VERSION configure.ac SCM_DATE.
1764de405a647d1c28c5647d6ddb50c9077f17c4,2025-09-19,(Engineering) Fix compiler warnings issued by (Apple) clang,src/ROSETTA/Grammar/dataMemberAccessFunctions.macro,pick,Removed dead debug blocks; use ASSERT_this in accessors.
73b8d835bb1d05da95b7d6ee43544566691a1231,2025-09-20,(Engineering) Fix compiler warnings issued by (Apple) clang,src/ROSETTA/src/buildStorageClasses.C,drop,File not present in REX.
183f29a5581cef69c18cbc1d0e6498301a00d5a7,2025-09-20,(Engineering) Fix compiler warnings issued by (Apple) clang,src/frontend/SageIII/astVisualization/wholeAST.C,drop,astVisualization dropped in REX; removed colorAST_tests and astVisualization mentions in tests/tutorial/exampleTranslators/Makefile comments and include paths.
498afa610c7737056c5dc614bc1876dbcd1953cc,2025-09-20,(ByteCode JVM) Implement load-all-classes command line option,src/Rose/BinaryAnalysis/Partitioner2/EngineJvm.C,drop,BinaryAnalysis and JVM support dropped in REX.
c8e9e8e456a177d6d16c566304c2c8ac8dd05581,2025-09-20,(Release) Incremented version to 0.11.145.330,ROSE_VERSION config/SCM_DATE configure.ac src/frontend/CxxFrontend/EDG_VERSION,pick-partial,Updated ROSE_VERSION only; skipped EDG_VERSION configure.ac SCM_DATE.
a25699116c41204b1215dd88325f853a5f33e192,2025-09-22,(Fortran Flang) Implement PrintStmt,src/3rdPartyLibraries/flang-parser/FlangParseArgs.hh src/3rdPartyLibraries/flang-parser/Makefile.am src/3rdPartyLibraries/flang-parser/f18-parse-demo.cpp src/3rdPartyLibraries/flang-parser/flang-external-builder-main.cc,pick-partial,Applied FlangParseArgs and driver updates; skipped Makefile.am autotools inventory.
e9231a5de22031ec75a2eb8bdb80bf73148ef5f5,2025-09-23,(Release) Incremented version to 0.11.145.331,ROSE_VERSION config/SCM_DATE configure.ac src/frontend/CxxFrontend/EDG_VERSION,pick-partial,Updated ROSE_VERSION only; skipped EDG_VERSION configure.ac SCM_DATE.
a36c6eec75d1b5ebcf85a3415ed23d529fecd973,2025-09-23,(boost::uuid) SHA1 only in 1.71+,src/Rose/SourceCode/Analysis/Analyzer.C,drop,Rose SourceCode and Sarif dropped in REX.
0a74a488487d848575fbe098e59ddae42de49dff,2025-09-24,(ByteCode JVM) Implement RuntimeInvisibleAnnotations attribute,src/AstNodes/BinaryAnalysis/SgAsmJvmRuntimeAnnotation.h src/AstNodes/BinaryAnalysis/SgAsmJvmRuntimeAnnotationPair.h src/AstNodes/BinaryAnalysis/SgAsmJvmRuntimeAnnotationValue.h src/AstNodes/BinaryAnalysis/SgAsmJvmRuntimeVisibleAnnotations.h src/CMakeLists.txt src/ROSETTA/astNodeList src/ROSETTA/src/Makefile.am src/ROSETTA/src/binaryInstruction.C src/frontend/BinaryFormats/JvmAttribute.C src/frontend/SageIII/Makefile.am src/generated/BinaryAnalysis/CMakeLists.txt src/generated/BinaryAnalysis/Makefile.am src/generated/BinaryAnalysis/SgAsmJvmRuntimeAnnotation.C src/generated/BinaryAnalysis/SgAsmJvmRuntimeAnnotationPair.C src/generated/BinaryAnalysis/SgAsmJvmRuntimeAnnotationValue.C src/generated/BinaryAnalysis/SgAsmJvmRuntimeVisibleAnnotations.C src/generated/BinaryAnalysis/Tupfile src/generated/Rose/Sarif/Analysis.C src/generated/Rose/Sarif/Analysis.h src/generated/Rose/Sarif/Artifact.C src/generated/Rose/Sarif/Artifact.h src/generated/Rose/Sarif/CMakeLists.txt src/generated/Rose/Sarif/CodeFlow.C src/generated/Rose/Sarif/CodeFlow.h src/generated/Rose/Sarif/Location.C src/generated/Rose/Sarif/Location.h src/generated/Rose/Sarif/Log.C src/generated/Rose/Sarif/Log.h src/generated/Rose/Sarif/Makefile.am src/generated/Rose/Sarif/Node.C src/generated/Rose/Sarif/Node.h src/generated/Rose/Sarif/NodeDeclarations.h src/generated/Rose/Sarif/Result.C src/generated/Rose/Sarif/Result.h src/generated/Rose/Sarif/Rule.C src/generated/Rose/Sarif/Rule.h src/generated/Rose/Sarif/ThreadFlow.C src/generated/Rose/Sarif/ThreadFlow.h src/generated/Rose/Sarif/ThreadFlowLocation.C src/generated/Rose/Sarif/ThreadFlowLocation.h src/generated/Rose/Sarif/Tupfile,drop,BinaryAnalysis JVM and Sarif dropped in REX.
6eaa8a8d13fccd2dea66fe73269ce7700e0425f3,2025-09-24,(Release) Incremented version to 0.11.145.332,ROSE_VERSION config/SCM_DATE configure.ac src/frontend/CxxFrontend/EDG_VERSION,pick-partial,Updated ROSE_VERSION only; skipped EDG_VERSION configure.ac SCM_DATE.
2f664095ed8f4491062e8a51c11a3f7eca138e28,2025-09-25,(EDG) building dynamic library,src/CMakeLists.txt src/frontend/CxxFrontend/EDG,drop,EDG dropped in REX.
de95b40652dbe0a529a0799a63d5d3836dad0f65,2025-09-25,(Matrix Testing) Fix rose-tests,rose-tests,drop,No changes in ROSE; rose-test only.
f892844aaedd5cd8f1b5dd6913fab8a66dcef682,2025-09-25,(Tup) build system generates rosePublicConfig.h,Tupfile,drop,Tup build system dropped in REX.
69085f4b8c4e51d10cb419923c8e05434843e31f,2025-09-25,(Sawyer) Added Optional::isSome and Optional::isEmpty,src/Sawyer/Optional.h,drop,Sawyer dropped in REX.
691453f6c12b9feb7a3b94a912741514689f5b91,2025-09-25,(Binary Analysis) Improve how the BMC allocates stacks in the specimen,src/Rose/BinaryAnalysis/ModelChecker/PartitionerModel.C,drop,BinaryAnalysis dropped in REX.
e40cd0da3a0c18c8b6fc4bd702dc6cf8d5cc1e97,2025-09-25,(Release) Incremented version to 0.11.145.333,ROSE_VERSION config/SCM_DATE configure.ac src/frontend/CxxFrontend/EDG_VERSION,pick-partial,Updated ROSE_VERSION only; skipped EDG_VERSION configure.ac SCM_DATE.
0180b7ee03f9b6d26546c80b32eee7cde4221f9c,2025-09-26,(CMake) Fixing JVM Runtime Installation,cmake/copy_files.cmake src/ROSETTA/src/CMakeLists.txt,drop,BinaryAnalysis JVM generated headers dropped in REX.
22905886d0b035a47a79b536f9361432e79a2170,2025-09-26,(Release) Incremented version to 0.11.145.334,ROSE_VERSION config/SCM_DATE configure.ac src/frontend/CxxFrontend/EDG_VERSION,pick-partial,Updated ROSE_VERSION only; skipped EDG_VERSION configure.ac SCM_DATE.
16daee3b3d97a97ee084d85659af453933162d22,2025-09-28,(codethorn) enhance API,tools/CodeThorn/src/ClassHierarchyAnalysis.C tools/CodeThorn/src/RoseCompatibility.C tools/CodeThorn/src/RoseCompatibility.h,drop,CodeThorn dropped in REX.
1f05ff51bdccd5c7a262fb14451c0a6926f88e2d,2025-09-28,(feature) preserve auto types in the ROSE AST,src/ROSETTA/Grammar/Statement.code src/ROSETTA/Grammar/Type.code src/ROSETTA/src/type.C src/backend/unparser/CxxCodeGeneration/unparseCxx_statements.C src/frontend/CxxFrontend/EDG src/frontend/OpenFortranParser_SAGE_Connection/FortranParserActionROSE.C src/midend/programTransformation/implicitCodeGeneration/defaultFunctionGenerator.C,pick-partial,Applied type_syntax return type handling and orig_return_type removal in ROSETTA and unparser; updated Fortran parser and defaultFunctionGenerator; skipped EDG change.
63a2f720ed1348df8222f06defea0cfc958c825c,2025-09-28,(ByteCode JVM) Implement RuntimeInvisibleAnnotations attribute,cmake/copy_files.cmake src/AstNodes/BinaryAnalysis/SgAsmJvmRuntimeAnnotation.h src/AstNodes/BinaryAnalysis/SgAsmJvmRuntimeInvisibleAnnotations.h src/CMakeLists.txt src/ROSETTA/astNodeList src/ROSETTA/src/Makefile.am src/ROSETTA/src/binaryInstruction.C src/ROSETTA/src/jovialNodes.C src/frontend/BinaryFormats/JvmAttribute.C src/frontend/SageIII/Makefile.am src/generated/BinaryAnalysis/CMakeLists.txt src/generated/BinaryAnalysis/Makefile.am src/generated/BinaryAnalysis/SgAsmJvmRuntimeInvisibleAnnotations.C src/generated/BinaryAnalysis/Tupfile,drop,BinaryAnalysis JVM and Jovial dropped in REX.
70edb66528de145b7d5bb28d540008d21bb37ac9,2025-09-28,(Release) Incremented version to 0.11.145.335,ROSE_VERSION config/SCM_DATE configure.ac src/frontend/CxxFrontend/EDG_VERSION,pick-partial,Updated ROSE_VERSION only; skipped EDG_VERSION configure.ac SCM_DATE.
ee92e2919ac616b3e4e47b7ed2eeba874a612dc4,2025-09-29,(ByteCode JVM) Implement AnnotationDefault attribute,cmake/copy_files.cmake src/AstNodes/BinaryAnalysis/SgAsmJvmAnnotationDefault.h src/AstNodes/BinaryAnalysis/SgAsmJvmRuntimeAnnotationValue.h src/CMakeLists.txt src/ROSETTA/astNodeList src/ROSETTA/src/Makefile.am src/ROSETTA/src/binaryInstruction.C src/frontend/BinaryFormats/JvmAttribute.C src/frontend/SageIII/Makefile.am src/generated/BinaryAnalysis/CMakeLists.txt src/generated/BinaryAnalysis/Makefile.am src/generated/BinaryAnalysis/SgAsmJvmAnnotationDefault.C src/generated/BinaryAnalysis/Tupfile,drop,BinaryAnalysis JVM dropped in REX.
97bdcfa40934197d8da52cd9fa14fdb88326d31b,2025-09-30,(Release) Incremented version to 0.11.145.336,ROSE_VERSION config/SCM_DATE configure.ac src/frontend/CxxFrontend/EDG_VERSION,pick-partial,Updated ROSE_VERSION only; skipped EDG_VERSION configure.ac SCM_DATE.
1921a6d198405016bf0bbf9ad34177f01011bbe9,2025-10-01,(ROSE) Bug fixes,src/backend/unparser/nameQualificationSupport.C src/frontend/SageIII/sageInterface/sageBuilder.C src/frontend/SageIII/sageInterface/sageInterface.C,pick-partial,Applied template argument name handling in sageBuilder; nameQualificationSupport already aligned; skipped Jovial support tweak in sageInterface.
6d7017351a06611fd3b50218eb341d01880ff029,2025-10-01,(ByteCode JVM) Implement RuntimeVisibleParameterAnnotations attribute,cmake/copy_files.cmake src/AstNodes/BinaryAnalysis/SgAsmJvmRuntimeAnnotation.h src/AstNodes/BinaryAnalysis/SgAsmJvmRuntimeParameterAnnotation.h src/AstNodes/BinaryAnalysis/SgAsmJvmRuntimeVisibleParameterAnnotations.h src/CMakeLists.txt src/ROSETTA/astNodeList src/ROSETTA/src/Makefile.am src/ROSETTA/src/binaryInstruction.C src/frontend/BinaryFormats/JvmAttribute.C src/frontend/SageIII/Makefile.am src/generated/BinaryAnalysis/CMakeLists.txt src/generated/BinaryAnalysis/Makefile.am src/generated/BinaryAnalysis/SgAsmJvmRuntimeParameterAnnotation.C src/generated/BinaryAnalysis/SgAsmJvmRuntimeVisibleParameterAnnotations.C src/generated/BinaryAnalysis/Tupfile,drop,BinaryAnalysis JVM dropped in REX.
63c9c2369d056ee47a553fe8afa02432fa2add84,2025-10-01,(Release) Incremented version to 0.11.145.337,ROSE_VERSION config/SCM_DATE configure.ac src/frontend/CxxFrontend/EDG_VERSION,pick-partial,Updated ROSE_VERSION only; skipped EDG_VERSION configure.ac SCM_DATE.
33ee70dab25027f62e13388149e9332ed7ed5540,2025-10-02,AstUtil aliasing support + AstInterface fixes,src/midend/astUtil/AstUtilInterface.C src/midend/astUtil/AstUtilInterface.h src/midend/astUtil/astInterface/AstInterface.C src/midend/astUtil/astInterface/AstInterface.h src/midend/astUtil/astInterface/AstInterface_ROSE.h src/midend/astUtil/astSupport/AnalysisInterface.h src/midend/astUtil/astSupport/StmtInfoCollect.C src/midend/astUtil/astSupport/StmtInfoCollect.h src/midend/astUtil/dependenceTracking/dependence_analysis.C src/midend/astUtil/dependenceTracking/dependence_table.C src/midend/astUtil/dependenceTracking/dependence_table.h,pick,Added aliasing side-effect support and GLOBAL_SIGNATURE handling; adapted AstList/AstNodeList to AstNodePtr for signature propagation; updated dependence tracking save logic.
ce6aa5969798e8ef2eb11674a2c98f650665bcbb,2025-10-02,(Engineering) Fix compiler warnings issued by (Apple) clang,src/midend/astQuery/nodeQuery.C src/midend/astUtil/symbolicVal/BooleanOperators.h src/midend/astUtil/symbolicVal/UnaryOperators.h src/midend/programAnalysis/ReadWriteSetAnalysis/VxUtilFuncs.C,pick-partial,Applied warning fixes in nodeQuery and symbolicVal operators; skipped ReadWriteSetAnalysis/VxUtilFuncs.C (component dropped); no boost/bind include (boost dropped).
03a4cd1e3f5d66e6c12437fb9d846e03b74ef370,2025-10-02,(Release) Incremented version to 0.11.145.338,ROSE_VERSION config/SCM_DATE configure.ac src/frontend/CxxFrontend/EDG_VERSION,pick-partial,Updated ROSE_VERSION only; skipped EDG_VERSION configure.ac SCM_DATE.
5a14d58c9f6b5b6cc03297012c33423f6b813ee8,2025-10-02,(Tup) Add new SgAsmJvm* nodes to Tup build system,Tuprules.tup,drop,Tup build changes ignored in REX.
4ee3c2730d612df9d4f74a00461d6313a8bdfa40,2025-10-02,(Binary Analysis) Fixed remote system calls for Linux debugger,src/Rose/BinaryAnalysis/Debugger/Linux.C src/Rose/BinaryAnalysis/MemoryMap.C src/Rose/BinaryAnalysis/MemoryMap.h,drop,BinaryAnalysis dropped in REX.
3e02d90bcbb83987ea19aa2345d5a599bbb66e63,2025-10-02,(Binary Analysis) Avoid writing to x86-64 stack red zone in debugger,src/Rose/BinaryAnalysis/Debugger/Linux.C,drop,BinaryAnalysis dropped in REX.
72f51937a150f4cc6cec52b214706bd60040de31,2025-10-02,(Binary Analysis) Validate filename allocation in Linux debugger,src/Rose/BinaryAnalysis/Debugger/Linux.C src/Rose/BinaryAnalysis/MemoryMap.C,drop,BinaryAnalysis dropped in REX.
bf504a736284f2fe573f0cdee33eca038ced2a4b,2025-10-03,(Binary Analysis) Data dependence graph (DDG),src/Rose/BinaryAnalysis.h src/Rose/BinaryAnalysis/CMakeLists.txt src/Rose/BinaryAnalysis/DataDependence.C src/Rose/BinaryAnalysis/DataDependence.h src/Rose/BinaryAnalysis/Tupfile tools/BinaryAnalysis/CMakeLists.txt tools/BinaryAnalysis/bat-ddg.C src/Makefile.am src/Rose/Diagnostics/Diagnostics.C src/Rose/Makefile.am tools/BinaryAnalysis/Makefile.am tools/BinaryAnalysis/Tupfile,drop,BinaryAnalysis/tools dropped in REX.
c0d6ccece727231af113b73f79c32dd889f5c6c2,2025-10-03,(Git) Ignore certain build directories,.gitignore,pick,Added _build ignores; .tup ignore block already absent in REX.
effc764b9bf08a881f84f0b577022b97ecb0e85d,2025-10-03,(CMake) Removed ENABLE-BINARY-ANALYSIS-TESTS,CMakeLists.txt,pick,Option already absent in REX.
db681c6dd5ac2be4aa02f7b28182c2ddd023cec7,2025-10-03,(CMake) Phase 1 Binary analysis tests,cmake/RoseBinaryTestHelpers.cmake,drop,BinaryAnalysis tests dropped in REX.
80459395f5b47371e2038f467e4e62cad5da98b1,2025-10-03,(CMake) Binary tests should clear ROSE_ARGS environment variable,cmake/RoseBinaryTestHelpers.cmake,drop,BinaryAnalysis tests dropped in REX.
7d68ef4259a7130358fd56955474b94b464f988f,2025-10-04,(Release) Incremented version to 0.11.145.339,ROSE_VERSION config/SCM_DATE configure.ac src/frontend/CxxFrontend/EDG_VERSION,pick-partial,Updated ROSE_VERSION only; skipped EDG_VERSION configure.ac SCM_DATE.
51670ef54d38f8bd36c5899d715b259a6677de8f,2025-10-07,(CICD) Updating SAPOH jobs,.gitlab-ci.yml,drop,CI config not used in REX.
221a9823dfe00c93588300fe19a97199d6728847,2025-10-07,(BinaryAnalysis) Implement x86 isControlTransfer function,src/Rose/BinaryAnalysis/Architecture/X86.C src/Rose/BinaryAnalysis/Architecture/X86.h,drop,BinaryAnalysis dropped in REX.
853d24c00168da2a3a148bf191c2ed06b3ec27cc,2025-10-07,(ByteCode JVM) Implement RuntimeVisibleParameterAnnotations attribute,cmake/copy_files.cmake src/AstNodes/BinaryAnalysis/SgAsmJvmRuntimeParameterAnnotation.h src/AstNodes/BinaryAnalysis/SgAsmJvmRuntimeVisibilityParamAnnotations.h src/AstNodes/BinaryAnalysis/SgAsmJvmRuntimeVisibleParameterAnnotations.h src/CMakeLists.txt src/ROSETTA/astNodeList src/ROSETTA/src/Makefile.am src/ROSETTA/src/binaryInstruction.C src/Rose/BinaryAnalysis/Partitioner2/EngineJvm.C src/frontend/BinaryFormats/JvmAttribute.C src/frontend/SageIII/Makefile.am src/generated/BinaryAnalysis/CMakeLists.txt src/generated/BinaryAnalysis/Makefile.am src/generated/BinaryAnalysis/SgAsmJvmRuntimeVisibilityParamAnnotations.C src/generated/BinaryAnalysis/SgAsmJvmRuntimeVisibleParameterAnnotations.C src/generated/BinaryAnalysis/Tupfile,drop,BinaryAnalysis/JVM dropped in REX.
89e564a57d2a4226e5d1ab991a7ba3581004b190,2025-10-07,(Engineering) Fix compiler warnings issued by (Apple) clang,src/Rose/BinaryAnalysis/DataDependence.C,drop,BinaryAnalysis dropped in REX.
4726da6b0dfe71f40e811e1554e6dc45c55898f6,2025-10-07,(Release) Incremented version to 0.11.145.340,ROSE_VERSION config/SCM_DATE configure.ac src/frontend/CxxFrontend/EDG_VERSION,pick-partial,Updated ROSE_VERSION only; skipped EDG_VERSION configure.ac SCM_DATE.
9f254de6f542e59e518254b108c9a37b7c3f92f7,2025-10-08,(Rose::) Changed Rose::SourceCode to Rose::Source,docs/Rose/rose.cfg.in src/CMakeLists.txt src/Makefile.am src/Rose/CMakeLists.txt src/Rose/Makefile.am src/Rose/Source.h src/Rose/Source/AST.h src/Rose/Source/Analysis.h src/Rose/Source/Analysis/CMakeLists.txt src/Rose/Source/CodeGen.h src/Rose/Source/CodeGen/API.C src/Rose/Source/CodeGen/Factory.C src/Rose/SourceCode src/Rose/Source/AST src/Rose/Source/Analysis src/Rose/Source/CodeGen src/Rose/Source/Sarif.C src/Rose/Source/Sarif.h src/Rose/Source/Tupfile src/rose-compiler.C src/roseSupport/utility_functions.C src/frontend/SageIII/sage_support/cmdline.C,drop,Rose::SourceCode/Source and Sarif subsystems dropped in REX.
73a6614eeadfa5144ce1cb69c87f4abd5cff1d9a,2025-10-08,(Rose::) Changed Rose::Source::CodeGen to Rose::Source::Generation,docs/Rose/rose.cfg.in src/CMakeLists.txt src/Makefile.am src/Rose/Makefile.am src/Rose/Source.h src/Rose/Source/CMakeLists.txt src/Rose/Source/CodeGen.h src/Rose/Source/CodeGen/API.C src/Rose/Source/CodeGen/Factory.C src/Rose/Source/Generation.h src/Rose/Source/Generation/API.C src/Rose/Source/Generation/API.h src/Rose/Source/Generation/API.txx src/Rose/Source/Generation/CMakeLists.txt src/Rose/Source/Generation/Driver.C src/Rose/Source/Generation/Driver.h src/Rose/Source/Generation/Factory.C src/Rose/Source/Generation/Factory.h src/Rose/Source/Generation/Object.h src/Rose/Source/Generation/PolicyControl.txt src/Rose/Source/Generation/SymbolScanner.C src/Rose/Source/Generation/SymbolScanner.h src/Rose/Source/Generation/SymbolScanner.txx src/Rose/Source/Generation/Tupfile src/Rose/Source/Generation/factory/Tupfile src/Rose/Source/Generation/factory/classes.txx src/Rose/Source/Generation/factory/factory.txx src/Rose/Source/Generation/factory/functions.txx src/Rose/Source/Generation/factory/namespaces.txx src/Rose/Source/Generation/factory/typedefs.txx src/Rose/Source/Generation/factory/variables.txx src/Rose/Source/PolicyControl.txt src/Rose/Source/Tupfile,drop,Rose::Source subsystem dropped in REX.
ac0f8077a252dada6a5e42007fc653e54625a030,2025-10-08,(Engineering) Fix compiler warnings issued by (Apple) clang,src/ROSETTA/Grammar/Support.code,pick,Removed dead-code blocks and unused-parameter warnings; preserved REX drop-list removals (no boost serialization).
17a4a0e7d9088814afa69ee354d1da7e28000a96,2025-10-08,(Release) Incremented version to 0.11.145.341,ROSE_VERSION config/SCM_DATE configure.ac src/frontend/CxxFrontend/EDG_VERSION,pick-partial,Updated ROSE_VERSION only; skipped EDG_VERSION configure.ac SCM_DATE.
1624ec901cd441a6b3e102c1470b27590bfe343c,2025-10-09,(AST) Increase depth of type hierarchy,src/ROSETTA/astNodeList src/ROSETTA/src/type.C,pick-partial,Added Integral/Floating type nonterminals; kept AdaModularType excluded (Ada dropped in REX).
e6884c138c8a72ef8c5ca92c4b3c1c69e81ee28d,2025-10-09,(CABBS) Missing import for RHEL9 gcc 14 toolset,src/Sawyer/Database.h,drop,Sawyer dropped in REX.
3c7b324c2e24930b0c81cf6471c1f0af5aa109ae,2025-10-09,(CodeThorn) Class hierarchy export,tools/CodeThorn/src/ClassHierarchyExport.C tools/CodeThorn/src/ClassHierarchyExport.h tools/CodeThorn/src/ClassHierarchyWriter.C tools/CodeThorn/src/ExternalMangling.C tools/CodeThorn/src/ExternalMangling.h tools/CodeThorn/src/LibCodeThornSources.cmake tools/CodeThorn/src/Makefile.am tools/CodeThorn/src/NormalizationCxx.C tools/CodeThorn/src/ObjectLayoutAnalysis.h tools/CodeThorn/src/RoseCompatibility.C,drop,CodeThorn dropped in REX.
02d224a7267a5e5414fcbc0ed084b3023148a6e6,2025-10-09,(Release) Incremented version to 0.11.145.342,ROSE_VERSION config/SCM_DATE configure.ac src/frontend/CxxFrontend/EDG_VERSION,pick-partial,Updated ROSE_VERSION only; skipped EDG_VERSION configure.ac SCM_DATE.
e7aedc1e010b9dc6c4eac52f9b559b7d9f5643ba,2025-10-11,(Engineering) Capture version-specific macros for each C/C++ version,config/create_system_headers config/rose_edg_required_macros_and_functions.h.in src/frontend/SageIII/sage_support/cmdline.C,drop,EDG macro capture and system headers not used in REX (Clang-only).
18294e6936ec94277b9c92f04733e7ff626c691f,2025-10-11,(Engineering) Fix issues with version-specific macros,config/macro_names_to_remove config/rose_edg_required_macros_and_functions.h.in,drop,EDG macro list not used in REX (Clang-only).
887b1649ee9e330b1aea2e5d779b31d6429fdb39,2025-10-11,(Engineering) Fix issues with version-specific macros,config/rose_edg_required_macros_and_functions.h.in,drop,EDG macro list not used in REX (Clang-only).
0c65bd2d2b037d26b80c2b1232fb339b62f96132,2025-10-11,(Engineering) Fix issues with version-specific macros,config/macro_names_to_remove config/rose_edg_required_macros_and_functions.h.in,drop,EDG macro list not used in REX (Clang-only).
22b69cc8be19eab34d281e8adf042969dad5ac26,2025-10-11,(Engineering) Add GNU versions for version-specific macros,config/create_system_headers config/rose_edg_required_macros_and_functions.h.in src/frontend/SageIII/sage_support/cmdline.C,drop,EDG macro capture not used in REX (Clang-only).
2e4d9dd91ef4df1cdcf03eceaa9adc3c0999f02c,2025-10-11,(Engineering) Change GNU default standard from gnu11/gnu++11,src/frontend/SageIII/sage_support/cmdline.C,pick,Use set_gnu_standard for GNU backend defaults.
9f567f9f049e57d6f1f8ea1fc70394efb6e4a730,2025-10-11,(Engineering) Prevent gnu_standard from being always disabled on C,src/frontend/SageIII/sage_support/sage_support.C,pick,Avoid forcing GNU standard for default C files.
705c63315246b33e585d939537ef7976b68964f7,2025-10-11,(Engineering) Restore GNU99 as default C language version,src/frontend/SageIII/sage_support/cmdline.C,pick,Set GNU C default to gnu99 while keeping C++ GNU extensions.
86635b5cf0f5e7cd391a1febac8987e2cdab3829,2025-10-11,(Engineering) Fix pipeline bugs related to GNU C/C++ standards,config/rose_edg_required_macros_and_functions.h.in src/frontend/SageIII/sage_support/cmdline.C,pick-partial,Applied GNU standard guard for Microsoft extensions; skipped EDG macro header and EDG commandline change (EDG dropped).
7b1b659e1772c18900f706c3c9063ba8889912c5,2025-10-11,(Engineering) Fix issue with erroneous warning when compiling C,src/frontend/SageIII/sage_support/cmdline.C,pick,Warn only when C mode + C++ suffix.
aa782e40453641971cc894df5d50dedb90e812f4,2025-10-11,(Release) Incremented version to 0.11.145.343,ROSE_VERSION config/SCM_DATE configure.ac src/frontend/CxxFrontend/EDG_VERSION,pick-partial,Updated ROSE_VERSION only; skipped EDG_VERSION configure.ac SCM_DATE.
ee0f1bb82351bddf73cf4eee4c427b6f5f0545a5,2025-10-11,(Builtin Fix) Fixed an atomic from C++11 that accidentally was gated by C++20,config/rose_edg_required_macros_and_functions.h.in exampleTranslators/defaultTranslator/CMakeLists.txt,pick-partial,Added textASTGenerator target in CMake without Boost; skipped EDG macro header change.
53910a9372be8e6773b3445e7bfc1215e3f990a7,2025-10-13,(Release) Incremented version to 0.11.145.344,ROSE_VERSION config/SCM_DATE configure.ac src/frontend/CxxFrontend/EDG_VERSION,pick-partial,Updated ROSE_VERSION only; skipped EDG_VERSION configure.ac SCM_DATE.
ebc924cb5ca07d1e1206c982377b9af3ee01bdf6,2025-10-13,(C/C++) Fix issue where C++ files could not be compiled with -std=c,config/create_system_headers,drop,EDG system headers not used in REX (Clang-only).
d0250d3892c932e9e62cf9ff90a5ee8f4852559b,2025-10-14,(ByteCode JVM) Implement PermittedSubclasses attribute,cmake/copy_files.cmake src/AstNodes/BinaryAnalysis/SgAsmJvmIndexedAttribute.h src/CMakeLists.txt src/ROSETTA/astNodeList src/ROSETTA/src/Makefile.am src/ROSETTA/src/binaryInstruction.C src/frontend/BinaryFormats/JvmAttribute.C src/frontend/SageIII/Makefile.am src/generated/BinaryAnalysis/CMakeLists.txt src/generated/BinaryAnalysis/Makefile.am src/generated/BinaryAnalysis/SgAsmJvmIndexedAttribute.C src/generated/BinaryAnalysis/Tupfile,drop,BinaryAnalysis JVM dropped in REX.
c9db5a133ad01664e754f247b9f578e9748da609,2025-10-14,(Release) Incremented version to 0.11.145.345,ROSE_VERSION config/SCM_DATE configure.ac src/frontend/CxxFrontend/EDG_VERSION,pick-partial,Updated ROSE_VERSION only; skipped EDG_VERSION configure.ac SCM_DATE.
0d7acca1d6f540956193b8c43b99b0d97beeca9d,2025-10-15,(CMake) install from staging area,scripts/tup/install-staged,drop,Tup build scripts are inventory-only in REX.
1a390d584d91cc9e0f8cabcc4e47f5a4d4910261,2025-10-15,(CMake) Set GCRYPT_HEADER_PATH and fix rose-config flags,cmake/FindGcrypt.cmake src/CMakeLists.txt,drop,Gcrypt support not present in REX (BinaryAnalysis dependency).
3f9baaa5dd2f3e3a3f081d8993ac68b6346c922b,2025-10-15,(CMake) Set GPG_HEADER_PATH and fix rose-config flags,cmake/FindGpgError.cmake src/CMakeLists.txt,drop,GpgError/Gcrypt support not present in REX (BinaryAnalysis dependency).
9856513fa94a3da6f8c32ffd07339288e5f34367,2025-10-15,(CMake) Added a CMake Modernization Plan,CMAKE_MIGRATION_PLAN.md,pick,Added upstream CMake migration plan doc.
2ec6a94dc878e4669e317c69d9a15974d67b5896,2025-10-15,(CMake) Added ROSE version parsing,CMakeLists.txt CMAKE_MIGRATION_PLAN.md docs/CMakeModernizationPlan.md,pick,Added version parsing and moved CMake migration plan to docs.
2a46fd6baa073e8dce634122ffd0cb6c1855acbf,2025-10-15,"(CMake) Create namespaced alias ""Rose::rose""",docs/CMakeModernizationPlan.md src/CMakeLists.txt,pick,Added Rose::rose alias and updated CMake modernization plan.
3747d30731c845bb997136b6d1e6d315dbcf830a,2025-10-15,(CMake) Add proper include directory propagation,docs/CMakeModernizationPlan.md src/CMakeLists.txt,pick,Added target include dirs and C++14 requirement for Rose::rose.
95080d73fe1c3873427fec23685410c8b9c47d8f,2025-10-15,(CMake) ROSE library should use PUBLIC or PRIVATE for dependencies,docs/CMakeModernizationPlan.md src/CMakeLists.txt,pick-partial,Converted existing REX deps to PUBLIC/PRIVATE; skipped Boost/YAML/DWARF/etc. (dropped components).
744d088b7bd18a9f642157cf89efb98e4bec8b6d,2025-10-15,(CMake) Update ROSE library installation with EXPORT,docs/CMakeModernizationPlan.md src/CMakeLists.txt,pick-partial,Added RoseTargets export install; skipped Boost target wiring and EDG-related change.
37f024c5b760537ff139617adbc9ea998b07f094,2025-10-15,(CMake) Add CMake package version file for ROSE,CMakeLists.txt docs/CMakeModernizationPlan.md,pick,Added RoseConfigVersion.cmake generation and install.
b1f705297669f4d0d1b01406b83b9337a36ff4ba,2025-10-15,"(CMake) Create minimal RoseConfig.cmake, core dependencies",CMakeLists.txt cmake/FindGcrypt.cmake cmake/FindGpgError.cmake cmake/RoseConfig.cmake.in,drop,RoseConfig depends on Boost/Gcrypt; Boost and BinaryAnalysis deps dropped in REX.
bc4bca6841cf618733daa760f405e189c19b12d8,2025-10-15,(CMake) RoseConfig.cmake includes info about optional dependencies,CMakeLists.txt cmake/RoseConfig.cmake.in docs/CMakeModernizationPlan.md,drop,Optional dependency propagation includes dropped BinaryAnalysis/Boost/YAML/etc.
46091ba3e64f361ab8cfed82fd0dceb5e329351e,2025-10-15,(CMake) Fix conditional header dependencies,cmake/RoseConfig.cmake.in docs/CMakeModernizationPlan.md src/CMakeLists.txt,drop,Depends on Capstone/Gcrypt/YAML/Dlib/BinaryAnalysis headers (dropped in REX).
f316e1e16497f7783bb85f9e2736319b59d7fe7c,2025-10-15,(CMake) EDG is compiled only if available and C/C++ analysis is enabled,docs/CMakeModernizationPlan.md src/CMakeLists.txt src/frontend/CxxFrontend/CMakeLists.txt,drop,EDG frontend dropped in REX.
847c4cee843613fccfb6183320d7ee8746178df1,2025-10-15,(CMake) Propagate OBJECT library include directories to ROSE consumers,docs/CMakeModernizationPlan.md src/CMakeLists.txt,drop,rose_LIB_OBJS object library linkage not used in REX CMake.
0e989bb19b55a1114d71f39535ad6c45851e8f0d,2025-10-15,(CMake) Export OBJECT libraries and fix include directory propagation,src/CMakeLists.txt src/frontend/Experimental_Ada_ROSE_Connection/CMakeLists.txt src/frontend/Experimental_Jovial_ROSE_Connection/CMakeLists.txt src/midend/programTransformation/extractFunctionArgumentsNormalization/CMakeLists.txt src/midend/programTransformation/singleStatementToBlockNormalization/CMakeLists.txt,drop,Uses rose_LIB_OBJS and Ada/Jovial components (dropped in REX).
69c3f10fe4bc08d1b2dd96aaff391f4e656f972e,2025-10-15,(CMake) Add feature detection variables to RoseConfig.cmake,cmake/RoseConfig.cmake.in docs/CMakeModernizationPlan.md,drop,RoseConfig.cmake not used in REX (Boost/BinaryAnalysis deps dropped).
8af9a53d420ce31d89b72796c205b11938dc02f4,2025-10-15,(CMake) Fix duplicate export and conditional OpenMP linking,src/CMakeLists.txt tools/CodeThorn/src/CMakeLists.txt,drop,EDG and CodeThorn dropped in REX.
38d9cf3531209c85b5c118e637cbf080fc4437c7,2025-10-15,(CMake) Add pkg-config support for non-CMake build systems,CMakeLists.txt cmake/rose.pc.in docs/CMakeModernizationPlan.md scripts/tup/install-staged,drop,pkg-config file includes Boost/Gcrypt/Capstone/YAML (dropped) and Tup scripts.
e44fbc6a483534601a33397e7715a778b78e7488,2025-10-15,(CMake) Add integration tests for CMake modernization,cmake-integration/01-basic-cmake/CMakeLists.txt cmake-integration/01-basic-cmake/test.sh cmake-integration/01-basic-cmake/test_basic_rose.cpp cmake-integration/02-version-check/CMakeLists.txt cmake-integration/02-version-check/CMakeLists_min.txt cmake-integration/02-version-check/test.sh cmake-integration/02-version-check/test_version.cpp cmake-integration/03-pkgconfig/Makefile cmake-integration/03-pkgconfig/test.sh cmake-integration/03-pkgconfig/test_pkgconfig.cpp cmake-integration/README.md cmake-integration/run-all-tests.sh docs/CMakeModernizationPlan.md,drop,Integration tests depend on RoseConfig/pkg-config/Boost not used in REX.
5b4b228819c1381b608eff40b78f301090dd8f31,2025-10-15,(CMake) Propagate -pthread flag to external projects,CMakeLists.txt cmake/RoseConfig.cmake.in src/CMakeLists.txt,drop,Depends on RoseConfig/Boost threading logic removed in REX.
42d89f76fef61675a8d93da60d0c4a9d2e9fd4cc,2025-10-15,(CMake) Add documentation and examples for external projects,docs/CMakeModernizationPlan.md docs/cmake-integration.md docs/examples/README.md docs/examples/external-project-autotools/Makefile.am docs/examples/external-project-autotools/README.md docs/examples/external-project-autotools/autogen.sh docs/examples/external-project-autotools/configure.ac docs/examples/external-project-autotools/simple_analyzer.cpp docs/examples/external-project-autotools/test_input.c docs/examples/external-project-cmake/CMakeLists.txt docs/examples/external-project-cmake/README.md docs/examples/external-project-cmake/binary_analyzer.cpp docs/examples/external-project-cmake/fortran_analyzer.cpp docs/examples/external-project-cmake/simple_analyzer.cpp docs/examples/external-project-cmake/test_input.c docs/examples/external-project-cmake/test_input.exe docs/examples/external-project-makefile/Makefile docs/examples/external-project-makefile/README.md docs/examples/external-project-makefile/simple_analyzer.cpp docs/examples/external-project-makefile/test_input.c docs/examples/test-all-examples.sh,drop,Examples depend on RoseConfig/pkg-config and BinaryAnalysis (dropped in REX).
2fb11068abe5647b211fd01cdd304b8a36587eaf,2025-10-15,(Policy) Fix bugs in policy scripts,scripts/policies/UniqueHeaderNames.pl scripts/policies/UnusedHeaders.pl,pick,Fixed header scan logic and typo in report.
88a83cf50c596dda682b0dc8720043f39960daf1,2025-10-15,(Binary Analysis) Removed deprecated InstructionSemantics2,docs/CMakeModernizationPlan.md src/Makefile.am src/Rose/BinaryAnalysis/CMakeLists.txt src/Rose/BinaryAnalysis/InstructionSemantics2.h src/Rose/BinaryAnalysis/InstructionSemantics2/BaseSemantics.h src/Rose/BinaryAnalysis/InstructionSemantics2/BaseSemantics/CMakeLists.txt src/Rose/BinaryAnalysis/InstructionSemantics2/BaseSemantics/Dispatcher.h src/Rose/BinaryAnalysis/InstructionSemantics2/BaseSemantics/Exception.h src/Rose/BinaryAnalysis/InstructionSemantics2/BaseSemantics/Formatter.h src/Rose/BinaryAnalysis/InstructionSemantics2/BaseSemantics/MemoryCell.h src/Rose/BinaryAnalysis/InstructionSemantics2/BaseSemantics/MemoryCellList.h src/Rose/BinaryAnalysis/InstructionSemantics2/BaseSemantics/MemoryCellMap.h src/Rose/BinaryAnalysis/InstructionSemantics2/BaseSemantics/MemoryCellState.h src/Rose/BinaryAnalysis/InstructionSemantics2/BaseSemantics/MemoryState.h src/Rose/BinaryAnalysis/InstructionSemantics2/BaseSemantics/Merger.h src/Rose/BinaryAnalysis/InstructionSemantics2/BaseSemantics/RegisterState.h src/Rose/BinaryAnalysis/InstructionSemantics2/BaseSemantics/RegisterStateGeneric.h src/Rose/BinaryAnalysis/InstructionSemantics2/BaseSemantics/RiscOperators.h src/Rose/BinaryAnalysis/InstructionSemantics2/BaseSemantics/SValue.h src/Rose/BinaryAnalysis/InstructionSemantics2/BaseSemantics/State.h src/Rose/BinaryAnalysis/InstructionSemantics2/BaseSemantics/SymbolicMemory.h src/Rose/BinaryAnalysis/InstructionSemantics2/BaseSemantics/Tupfile src/Rose/BinaryAnalysis/InstructionSemantics2/BaseSemantics/Types.h src/Rose/BinaryAnalysis/InstructionSemantics2/CMakeLists.txt src/Rose/BinaryAnalysis/InstructionSemantics2/ConcreteSemantics.h src/Rose/BinaryAnalysis/InstructionSemantics2/DataFlowSemantics.h src/Rose/BinaryAnalysis/InstructionSemantics2/DispatcherAarch32.h src/Rose/BinaryAnalysis/InstructionSemantics2/DispatcherAarch64.h src/Rose/BinaryAnalysis/InstructionSemantics2/DispatcherCil.h src/Rose/BinaryAnalysis/InstructionSemantics2/DispatcherM68k.h src/Rose/BinaryAnalysis/InstructionSemantics2/DispatcherPowerpc.h src/Rose/BinaryAnalysis/InstructionSemantics2/DispatcherX86.h src/Rose/BinaryAnalysis/InstructionSemantics2/IntervalSemantics.h src/Rose/BinaryAnalysis/InstructionSemantics2/LlvmSemantics.h src/Rose/BinaryAnalysis/InstructionSemantics2/MultiSemantics.h src/Rose/BinaryAnalysis/InstructionSemantics2/NativeSemantics.h src/Rose/BinaryAnalysis/InstructionSemantics2/NullSemantics.h src/Rose/BinaryAnalysis/InstructionSemantics2/PartialSymbolicSemantics.h src/Rose/BinaryAnalysis/InstructionSemantics2/SourceAstSemantics.h src/Rose/BinaryAnalysis/InstructionSemantics2/StaticSemantics.h src/Rose/BinaryAnalysis/InstructionSemantics2/SymbolicSemantics.h src/Rose/BinaryAnalysis/InstructionSemantics2/TestSemantics.h src/Rose/BinaryAnalysis/InstructionSemantics2/TraceSemantics.h src/Rose/BinaryAnalysis/InstructionSemantics2/Tupfile src/Rose/BinaryAnalysis/InstructionSemantics2/Util.h src/Rose/BinaryAnalysis/Partitioner2/Partitioner.h src/Rose/BinaryAnalysis/Tupfile tools/BinaryAnalysis/bat-dataflow.C,drop,BinaryAnalysis dropped in REX.
40223540df6cd78912a0f52475655ece5006c10c,2025-10-15,(CMake) Improved tools/BinaryAnalysis build scripts,tools/BinaryAnalysis/CMakeLists.txt,drop,BinaryAnalysis dropped in REX.
7f47f08f0815a5c2139da659ac714aeff0cff83a,2025-10-15,(CMake) Modernize FindDlib to use native Dlib CMake config,cmake/FindDlib.cmake src/CMakeLists.txt src/roseSupport/CMakeLists.txt,drop,Dlib/Capstone/YAML/Gcrypt and rose_LIB_OBJS logic tied to BinaryAnalysis (dropped).
236a294c2dddee981701f12026e34ef347064fa2,2025-10-15,(CMake) Fix binary analysis tools build by modernizing include directories,CMakeLists.txt src/CMakeLists.txt tools/BinaryAnalysis/CMakeLists.txt,pick-partial,Added build include for ${ROSE_TOP_BINARY_DIR}/src/util; skipped BinaryAnalysis tools changes.
bb761048ecdb739026a6fc634977b15a46acdfd4,2025-10-15,(CMake) Install RMC/Spock dependency information,CMakeLists.txt,pick,Install .spock as lib/rmc/rose when present.
9c8ee22ff8f8446571ed52cbeb288ccc692b6bb5,2025-10-15,(CMake) Install RMC/Spock config if available,CMakeLists.txt,pick,Guarded .spock install behind SPOCK_EMPLOYED.
d73853ba0f8ba186d96cc1d849a2ad575b0a0042,2025-10-15,(CMake) find_package(Rose) sets Rose_INSTALL_PREFIX,cmake/RoseConfig.cmake.in,drop,RoseConfig.cmake not used in REX (Boost/BinaryAnalysis deps dropped).
82ea6ae677a29fdab89b063073261a08be9387d4,2025-10-15,(CMake) Fix header install paths to respect --prefix override,src/frontend/Experimental_Ada_ROSE_Connection/CMakeLists.txt src/frontend/SageIII/sageInterface/CMakeLists.txt,pick-partial,sageInterface install already uses INCLUDE_INSTALL_DIR; skipped Ada change (dropped).
8ab952f35cb5f0d1fac5d27050411b646770367e,2025-10-15,(Binary Analysis) Boost serialization was not disabled on RHEL 8,src/featureTests.h,drop,Boost/BinaryAnalysis dropped in REX.
c6ccc8b70555b5a78ebc5e8f2dbfe613ba97f68c,2025-10-15,(CMake) Documentation and deprecation,docs/CMakeModernizationPlan.md docs/cmake-integration.md docs/examples/README.md docs/examples/external-project-autotools/Makefile.am docs/examples/external-project-autotools/README.md docs/examples/external-project-autotools/autogen.sh docs/examples/external-project-autotools/configure.ac docs/examples/external-project-autotools/simple_analyzer.cpp docs/examples/external-project-autotools/test_input.c docs/examples/external-project-cmake/CMakeLists.txt docs/examples/external-project-cmake/README.md docs/examples/external-project-cmake/binary_analyzer.cpp docs/examples/external-project-cmake/fortran_analyzer.cpp docs/examples/external-project-cmake/simple_analyzer.cpp docs/examples/external-project-cmake/test_input.c docs/examples/external-project-cmake/test_input.exe docs/examples/external-project-makefile/Makefile docs/examples/external-project-makefile/README.md docs/examples/external-project-makefile/simple_analyzer.cpp docs/examples/external-project-makefile/test_input.c docs/examples/integration-guide-autotools.md docs/examples/integration-guide-cmake.md docs/examples/integration-guide-make.md docs/examples/test-all-examples.sh src/CMakeLists.txt src/Makefile.am src/rose-config.C,drop,Deprecation references pkg-config/RoseConfig not present in REX; examples depend on dropped features.
cdd2952aef428de8a20a52330a91faf973a5b46c,2025-10-15,(CMake) Added a script to help choose the installation prefix,scripts/installation-prefix,pick,Added upstream installation-prefix helper script.
7ed834ee9435a7ebaad343e635a790754729a1c0,2025-10-15,(CMake) Use $ORIGIN for relocatable RPATH on Linux,CMakeLists.txt,pick-partial,Applied $ORIGIN RPATH; skipped Boost_LIBRARY_DIRS fallback (Boost dropped).
5812eef582a358180bd07970b42cee1e43c6a2f0,2025-10-15,(Engineering) Fix compiler warnings issued by (Apple) clang,src/frontend/SageIII/sageInterface/sageBuilder.C,pick-partial,Removed unused bit_array in template arg handling; skipped broader dead-code pruning due to REX divergence.
93cd536bb9c7f9241fba8ba25993115d252a0f2e,2025-10-15,(fix) out of bounds access in Ada name qual,src/backend/unparser/nameQualificationSupport.C,drop,Ada name qualification helper not present in REX.
d3bd1299a0906f82150affcbf45d91b9a80490f2,2025-10-15,(Engineering) Fix Phil Miller's warnings,src/midend/programAnalysis/bitvectorDataflow/ReachingDefinition.C src/midend/programAnalysis/genericDataflow/AnalysisDebuggingUtils.C src/midend/programAnalysis/genericDataflow/analysis/partitionedAnalysis.h src/midend/programAnalysis/genericDataflow/cfgUtils/DataflowCFG.C src/midend/programAnalysis/genericDataflow/lattice/lattice.C src/midend/programAnalysis/genericDataflow/lattice/latticeFull.h src/midend/programAnalysis/genericDataflow/simpleAnalyses/liveDeadVarAnalysis.C,pick,"Fixed exception catches, base initializers, and conditional parentheses."
c34489796c00b45db335d95e773ae36aca2caff4,2025-10-15,(CodeThorn) C++ compatibility,tools/CodeThorn/src/ExternalMangling.C,drop,CodeThorn dropped in REX.
a958d84636947306c5d8b7aad966bd2b68ae84a7,2025-10-15,(Engineering) Add support for several new floating-point types,src/ROSETTA/Grammar/Type.code src/ROSETTA/astNodeList src/ROSETTA/src/expression.C src/ROSETTA/src/type.C src/backend/unparser/CxxCodeGeneration/unparseCxx_types.C src/backend/unparser/languageIndependenceSupport/unparseLanguageIndependentConstructs.C src/backend/unparser/languageIndependenceSupport/unparseLanguageIndependentConstructs.h src/backend/unparser/nameQualificationSupport.C src/frontend/SageIII/sageInterface/sageBuilder.C src/frontend/SageIII/sageInterface/sageBuilder.h src/frontend/SageIII/sageInterface/sageGeneric.h,pick-partial,Applied ROSETTA types/values and unparser/sageBuilder support; mapped Cxx unparse changes to unparseCxx_types.C; skipped EDG and VariableIdMapping (not present in REX).
dff0fecc80e2b25f73a842d44d407e8a24c0f853,2025-10-15,(Engineering) Add support for several C++23 GNU intrinsics,config/Builtins.def config/rose_edg_required_macros_and_functions.h.in scripts/builtinLlvmFunctions.pl,pick-partial,Added _Float16 intrinsics in Builtins.def and builtinLlvmFunctions.pl; skipped EDG macro header change.
21d8e712a24114ea115c75d2232ee28839f2d40f,2025-10-15,(Headers) Replace GNU 13 type_traits header with ROSE specific version,config/create_system_headers config/rose_specific_type_traits,pick,Added GNU 13 type_traits override for system header generation.
94986c550d6bc2368b66ce97a9cc8b6a2f008a0e,2025-10-15,(Engineering) Fix issue unparsing fixed-length float literals,src/backend/unparser/CxxCodeGeneration/unparseCxx.h src/backend/unparser/CxxCodeGeneration/unparseCxx_expressions.C src/backend/unparser/languageIndependenceSupport/unparseLanguageIndependentConstructs.h,pick,Added fixed-length float literal handling in C++ unparser and declarations.
451e4b4c4c4a576dec2e6d92db895634cbca2371,2025-10-15,(Engineering) Regenerate this file after adding new builtins,cmake/rose_generated_builtin_functions.h.pre,drop,File not present in REX; builtins generated via config/scripts so keep file absent.
340ee26ad66baa9f1f73f4c5aafe824ca08960f5,2025-10-15,(Engineering) Allow macros of floating-point types in C,config/rose_edg_required_macros_and_functions.h.in,drop,EDG macro header not used in REX.
06193ced4723eb7a8cfce6bc36736a0385e52589,2025-10-15,(Engineering) Provide fix for compilers without _Float16 type,config/rose_edg_required_macros_and_functions.h.in,drop,EDG macro header not used in REX.
32cc7c9024a8e59f691f7e6f4c39ecc2c6998e1e,2025-10-15,(Engineering) Do not define _Float16 when in C mode,config/rose_edg_required_macros_and_functions.h.in,drop,EDG macro header not used in REX.
86aedfe816ddf48b38e3cc659c30f8e6db288a15,2025-10-15,(Engineering) More exhaustive testing for _Float16 support,config/rose_edg_required_macros_and_functions.h.in,drop,EDG macro header not used in REX.
561f058ba258ab32198936f6775bcfbab175c036,2025-10-15,(Engineering) Comment out __is_identifier check because of EDG bug,config/rose_edg_required_macros_and_functions.h.in,drop,EDG macro header not used in REX.
2ad282c08860a9aadb9d25aeb952bf4267d69e57,2025-10-15,(Engineering) Update ABI stuff in SageInterface for _Float16,src/frontend/SageIII/sageInterface/abiStuff.C src/frontend/SageIII/sageInterface/abiStuff.h,pick,Added _Float16 layout support in ABI sizing.
4240177f5bcb8ff8db5f3110b7a6e234961119b1,2025-10-15,(Engineering) Reorder check for _Float16 for proper Windows support,config/rose_edg_required_macros_and_functions.h.in,drop,EDG header and Windows handling dropped in REX.
e1269b62dca19a9ba4915b3259189b918fccabee,2025-10-15,(Engineering) Update ABI stuff in SageInterface for _Float16,src/frontend/SageIII/sageInterface/abiStuff.C,pick,Added float16 layout handling in X86_64/custom/system generators.
62cd77c9d520c0684ce9f1300b1cf9c55f66a1f1,2025-10-15,(C++23) Fix C++23 support with new compiler-specific macro functionality,config/rose_edg_required_macros_and_functions.h.in,drop,EDG macro header not used in REX.
9b09261f5ab2888f5549e0acd7b9a291555beb46,2025-10-15,(EDG) Add new float types to GraphViz representation,src/frontend/CxxFrontend/EDG,drop,EDG frontend dropped in REX.
95d7fc83fc18a9449fbbbf6bfc5e0db490f05aa0,2025-10-15,(Engineering) Replace complicated expression with simplified expression,src/midend/abstractLayer/VariableIdMapping.C,drop,VariableIdMapping not present in REX.
d72909e13b3a2fb61d444bce9b789cbc45199757,2025-10-15,(C/C++) Remove duplicate unparsing code,src/backend/unparser/languageIndependenceSupport/unparseLanguageIndependentConstructs.C src/backend/unparser/languageIndependenceSupport/unparseLanguageIndependentConstructs.h,pick,Removed base-class float16/bfloat16 unparse paths now handled in C++ unparser.
742063cd4edade1161f19a96ad91b1dbca517adc,2025-10-15,(Release) Incremented version to 0.11.145.346,ROSE_VERSION config/SCM_DATE configure.ac src/frontend/CxxFrontend/EDG_VERSION,pick-partial,Updated ROSE_VERSION only; skipped EDG_VERSION/configure/SCM_DATE.
14d71ba81a5281da2b305677f4e6e27e4d42d9ee,2025-10-15,(Engineering) Simplify logic due to addition of new AST nodes,src/ROSETTA/Grammar/Type.code src/frontend/SageIII/sageInterface/sageInterface_type.C,pick,Simplified integer/float/unsigned/primitive checks using SgIntegralType and SgFloatingType.
c6dcac5d0da5491512d48532e9f506e383d8562e,2025-10-15,(Engineering) Simplify logic due to addition of new AST nodes,src/ROSETTA/Grammar/Type.code src/ROSETTA/astNodeList src/ROSETTA/src/type.C src/backend/unparser/nameQualificationSupport.C src/frontend/SageIII/sageInterface/sageInterface_type.C src/midend/abstractLayer/VariableIdMapping.C,pick-partial,Applied FloatingPointType/IntegralType simplifications and name-qualification default handling; skipped VariableIdMapping (component absent).
509df335a7dc53362fdcdcca66a99af741cf88c4,2025-10-16,(Release) Incremented version to 0.11.145.347,ROSE_VERSION config/SCM_DATE configure.ac src/frontend/CxxFrontend/EDG_VERSION,pick-partial,Updated ROSE_VERSION only; skipped EDG_VERSION/configure/SCM_DATE.
4574562dd5dd61576c7af518618264d4cacbfae6,2025-10-16,(CMake) Use underscores instead of hyphens like in ENABLE_C,CMakeLists.txt cmake/RoseConfig.cmake.in cmake/blt/cmake/BLTOptions.cmake cmake/modules/roseChooseBackendCompiler.cmake docs/CMakeModernizationPlan.md docs/external-project-cmake/README.md exampleTranslators/CMakeLists.txt scripts/rhel-install src/**/CMakeLists.txt tools/**/CMakeLists.txt tutorial/CMakeLists.txt,drop,Renames options across dropped components and reintroduces deprecated flags for removed frontends; keep current REX option naming.
a8b8d48b040bbe59534a6923463f8596b041179d,2025-10-16,(CMake) Minor fixes to the external project example/test,docs/external-project-cmake/CMakeLists.txt docs/external-project-cmake/VERSION docs/external-project-cmake/binary_analyzer.cpp,drop,External-project example targets BinaryAnalysis; component dropped in REX.
a19528935675458f32a04ea1ececc7777c3b94ec,2025-10-17,(C++) Fix widespread unparsing bugs with C++,src/backend/unparser/CxxCodeGeneration/unparseCxx_expressions.C src/backend/unparser/CxxCodeGeneration/unparseCxx_statements.C,pick,Avoid empty template argument list in template var refs and emit template<> for template variable instantiations.
cb0ae94b12f676a72c9184e9ceb8427fd49fd167,2025-10-17,(Release) Incremented version to 0.11.145.348,ROSE_VERSION config/SCM_DATE configure.ac src/frontend/CxxFrontend/EDG_VERSION,pick-partial,Updated ROSE_VERSION only; skipped EDG_VERSION/configure/SCM_DATE.
82cd461ab299c60a8b4e792a89b7cf73e14c5da3,2025-10-17,(CMake) rose-config understands cmake install-time prefixes,src/Sawyer/Sawyer.C src/Sawyer/Sawyer.h src/rose-config.C,pick-partial,Applied rose-config search path using /proc/self/exe; skipped Sawyer additions (component dropped).
80a31d2226a1ccbad27c8875949ef81f835150c3,2025-10-17,(CMake) Some tools are built and installed by default,CMakeLists.txt tools/CMakeLists.txt,drop,Tools list already trimmed in REX and BinaryAnalysis/CodeThorn/ReadWriteSetGeneration are dropped; keep current tools target behavior.
ad4e0543fe82a5dd875806fa8ddac986291a75f7,2025-10-17,(CMake) Document that find_package looks at $PATH,docs/external-project-integration/integration-guide-cmake.md,drop,Docs path not present in REX; skip adding new external-project integration docs.
d45eca8089acf8f0fdce9acf855b13379183205c,2025-10-17,(CMake) Adjustments to default optim and assertions for Debug and RelWithDebInfo,CMakeLists.txt,pick,Removed -DNDEBUG from RelWithDebInfo and added -Og for Debug builds.
e17760cc5c73e953126f69b260881d4a667fadb5,2025-10-17,(CMake) Fixed a couple variables that aren't spelled write,cmake/blt/cmake/BLTOptions.cmake src/CMakeLists.txt tools/CodeThorn/src/CMakeLists.txt,drop,BLT and CodeThorn are not in REX and ENABLE_* underscore rename not applied.
01a0611fd649d1dfbb4f1c00e167395a668cb16d,2025-10-17,(CMake) librose.so has compatibility symlinks,CMakeLists.txt src/CMakeLists.txt,pick,Set ROSE_DLL VERSION to ROSE_PACKAGE_VERSION and SOVERSION to major.minor; dropped extra version-components status line.
737cdbe0b6d7f96c9bccd8e81ff6ecd3705101ad,2025-10-17,(CMake) Code review and update modernization plan for next steps,docs/CMakeModernizationPlan.md,pick,Updated modernization plan to upstream version.
cec3fab1bf61e4735f85f493ce3a5b63b5f75c1d,2025-10-17,(CMake) Fix module path precedence in RoseConfig.cmake.in,cmake/RoseConfig.cmake.in docs/CMakeModernizationPlan.md,pick-partial,Updated modernization plan doc; RoseConfig.cmake.in not present in REX.
f1bf3ee264c70a0cb0f3d71bcf073d5706ae32a7,2025-10-17,(CMake) Fix librose.so versioning,CMakeLists.txt src/CMakeLists.txt,pick,Read ROSE_VERSION before project() and use PROJECT_VERSION for ROSE_DLL VERSION and SOVERSION.
450512f16365ec56dd9006f29918b2a16bd99234,2025-10-18,(Release) Incremented version to 0.11.145.349,ROSE_VERSION config/SCM_DATE configure.ac src/frontend/CxxFrontend/EDG_VERSION,pick-partial,Updated ROSE_VERSION only; skipped EDG_VERSION/configure/SCM_DATE.
b7a645ca29a45c0363eae78f95805464a56b13d8,2025-10-20,(C/C++) Fix issue with GNU 12 redeclaration of _Float16,config/rose_edg_required_macros_and_functions.h.in,drop,EDG macro header not used in REX.
3b6231aaa316206288fea8d130b85f58c9c2eb17,2025-10-21,(Release) Incremented version to 0.11.145.350,ROSE_VERSION config/SCM_DATE configure.ac src/frontend/CxxFrontend/EDG_VERSION,pick-partial,Updated ROSE_VERSION only; skipped EDG_VERSION/configure/SCM_DATE.
38cd574c075e82bc522678ca1234462cbf9db423,2025-10-22,(CMake) CodeThorn now build with install-tools or cd tools;make,tools/CMakeLists.txt,drop,CodeThorn is dropped in REX.
25f6044ef95623824989160379784d1447a60da3,2025-10-22,(CodeThorn) general enhancements,src/frontend/SageIII/sageInterface/sageGeneric.h tools/CodeThorn/src/*,pick-partial,Added SageGeneric visitor entries for template variable instantiation and integral/floating/scoped types; skipped CodeThorn changes (component dropped) and binary-node visit additions.
bca75dcdfc0e3f6ddcca1973f5f2db5b30cb6419,2025-10-22,(CMake) Modernize Z3 dependency detection,cmake/FindZ3.cmake cmake/RoseConfig.cmake.in cmake/rosePublicConfig.h.in.cmake src/CMakeLists.txt src/roseSupport/utility_functions.C,drop,FindZ3 and rosePublicConfig files not present in REX; roseSupport dropped; skip Z3 modernization.
682787bf40e672375aaba6ca147372e55c7fd918,2025-10-22,(CMake) Reject static dlib libraries,cmake/FindDlib.cmake,drop,Dlib support not present in REX.
a7aea30b45aa5680bee53848faed9fd4c9d9320a,2025-10-22,(C++) Fix issue where ROSE-specific headers weren't being copied,cmake/modules/roseGenerateBackendCompilerSpecificHeaders.cmake config/create_system_headers config/generate-backend-compiler-specific-headers.m4,pick-partial,Passed compiler major version into create_system_headers and updated GNU version checks; skipped autotools m4 file.
6bcf6217685a4d5b20378894fa5e5e2933b9424a,2025-10-22,(Release) Incremented version to 0.11.145.351,ROSE_VERSION config/SCM_DATE configure.ac src/frontend/CxxFrontend/EDG_VERSION,pick-partial,Updated ROSE_VERSION only; skipped EDG_VERSION/configure/SCM_DATE.
52f2e33956a371ef41cc57b0ec0543687a2cd165,2025-10-22,(C++) Change install location of ROSE-specific type_traits,config/create_system_headers,pick,Moved ROSE-specific type_traits install to hdrs1 for CMake compatibility.
02738c4bc058b5771e1e31a70a57bb88ff7a6534,2025-10-23,(ByteCode JVM) Implement Module attribute,src/AstNodes/BinaryAnalysis src/Rose/BinaryAnalysis src/frontend/BinaryFormats src/generated/BinaryAnalysis src/ROSETTA/src/binaryInstruction.C cmake/copy_files.cmake,drop,BinaryAnalysis/JVM dropped in REX.
f78f6f3198dc44e4f15921874a019e123e4a4980,2025-10-23,(Release) Incremented version to 0.11.145.352,ROSE_VERSION config/SCM_DATE configure.ac src/frontend/CxxFrontend/EDG_VERSION,pick-partial,Updated ROSE_VERSION only; skipped EDG_VERSION/configure/SCM_DATE.
1923c23faa506e196ead3f73fa1c3fcc4ba421e6,2025-10-24,(CMake) Remove legacy DLIB_LIBRARY and DLIB_LIBRARIES variables,cmake/FindDlib.cmake cmake/rosePublicConfig.h.in.cmake src/roseSupport/utility_functions.C,drop,Dlib config and roseSupport files not present in REX.
83361682dc211910051ab604212650a915e77dc7,2025-10-24,(CMake) Require at least one analysis to be explicitly enabled,CMakeLists.txt,drop,Upstream text and defaults reference EDG/Boost/BinaryAnalysis/Ada/Java/Python/PHP (dropped); keep current REX enable defaults.
223c04634ceac3bcb54383c986899a17a1bf3e3b,2025-10-24,(CMake) Remove non-functional FindQt.cmake module,CMakeLists.txt cmake/FindQt.cmake,drop,Qt/qrose support dropped and FindQt.cmake not present in REX.
f5510d6f960b6abf5b616773e708074f22ff6830,2025-10-24,(Claude Code) Add commit-staged slash command,.claude/commands/commit-staged.md,pick,Updated command help text to match upstream.
bbae7065251ca39c468e21790d088e9df5c89c7b,2025-10-24,(CMake) Make Qt4 dependencies optional for qrose and qtWidgets,CMakeLists.txt src/3rdPartyLibraries/qrose src/roseExtensions/qtWidgets,drop,Qt/qrose components dropped in REX.
b9b563fb39a1786921212438076ab0cfb49d9f06,2025-10-24,(CMake) Enable CMP0144 policy for upper-case _ROOT variables,CMakeLists.txt cmake/RoseConfig.cmake.in,pick-partial,Enabled CMP0144 for LLVM/Clang _ROOT support; skipped RoseConfig.cmake.in (not present) and Boost-specific wording.
110fc91b2d4584c04a166bb475d5ee7e1b52acd2,2025-10-24,(Release) Incremented version to 0.11.145.353,ROSE_VERSION config/SCM_DATE configure.ac src/frontend/CxxFrontend/EDG_VERSION,pick-partial,Updated ROSE_VERSION only; skipped EDG_VERSION/configure/SCM_DATE.
5e620f5eb6ff0beef56ab492153dc1e8ae6a2fd0,2025-10-25,(C++) Add guard to avoid adding empty string to type name map,src/backend/unparser/nameQualificationSupport.C,pick,Guarded addToNameMap when inside template instantiation definitions.
0b719fdb580870462ea95564e1a0f1fa7a2accc3,2025-10-25,(ByteCode JVM) Reduce number of Sage nodes used for attributes,src/AstNodes/BinaryAnalysis src/Rose/BinaryAnalysis src/frontend/BinaryFormats src/generated/BinaryAnalysis src/ROSETTA/src/binaryInstruction.C cmake/copy_files.cmake,drop,BinaryAnalysis/JVM dropped in REX.
5ee6c0aa91cc364344116a894c6c62443242b75e,2025-10-25,(Release) Incremented version to 0.11.145.354,ROSE_VERSION config/SCM_DATE configure.ac src/frontend/CxxFrontend/EDG_VERSION,pick-partial,Updated ROSE_VERSION only; skipped EDG_VERSION/configure/SCM_DATE.
952d570808f7a56ed693327cc6f341cab65d2e39,2025-10-27,(Libadalang) Pragma Extend_System continued,src/frontend/Experimental_Ada_ROSE_Connection,drop,Ada/Libadalang support dropped in REX.
d1b143fc5dd1d0e8cbc7ec6f002e1ddbf6e4b814,2025-10-27,"(Libadalang) Extend_System subps, sanity checks, & logic reworks",CMakeLists.txt src/frontend/Experimental_Libadalang_ROSE_Connection/AdaMaker.C src/frontend/Experimental_Libadalang_ROSE_Connection/CMakeLists.txt src/frontend/Experimental_Libadalang_ROSE_Connection/LibadalangExpression.C src/frontend/Experimental_Libadalang_ROSE_Connection/LibadalangStatement.C src/frontend/Experimental_Libadalang_ROSE_Connection/Libadalang_to_ROSE.C src/frontend/Experimental_Libadalang_ROSE_Connection/Libadalang_to_ROSE.h src/frontend/Experimental_Libadalang_ROSE_Connection/ada_support.C,drop,Ada/Libadalang support dropped in REX.
789624ed8ab374f52211f298ea37248e6c76847d,2025-10-27,(Libadalang) Remove extra code,src/frontend/Experimental_Ada_ROSE_Connection/LibadalangStatement.C,drop,Ada/Libadalang support dropped in REX.
73c65c2477e51ce0005816a59bc3f8cf695626e2,2025-10-28,(CMake) Reduce compilation time for SerialIo.C in Debug builds,src/Rose/BinaryAnalysis/CMakeLists.txt,drop,BinaryAnalysis dropped in REX.
2b4b7da6f9df8eaa1bc0017071165bb731a74f7f,2025-10-28,(Sawyer) Fix IntervalMap::lastUnmapped method,src/Sawyer/IntervalMap.h,drop,Sawyer dropped in REX.
fdc648eeb4060b1fbd785d90b6f4ffe3507aa2b3,2025-10-28,(Binary Analysis) Fix ELF PLT relocation address calculation,src/Rose/BinaryAnalysis/Partitioner2/ModulesElf.C,drop,BinaryAnalysis dropped in REX.
6180dc9b0c1c52ad90eebd0af77fa2bb724cc2a6,2025-10-28,(Binary Analysis) Preserve user-configured memory maps in EngineBinary,src/Rose/BinaryAnalysis/Partitioner2/EngineBinary.C,drop,BinaryAnalysis dropped in REX.
ad06a21f761d152f452612f48f587489d8d324e5,2025-10-28,(CMake) Use -O0 instead of -Og for Debug builds,CMakeLists.txt,pick,Use -O0 for Debug flags to improve debugging.
a3c721567c03bb81aa40166955ba24311d0e12ab,2025-10-28,(CMake) Export build type in RoseConfig.cmake,cmake/RoseConfig.cmake.in,drop,RoseConfig.cmake.in not present in REX.
6dca6633d2a39968e26ab66fd52e9da254f54086,2025-10-28,(CMake) Update external project example to inherit ROSE build type,docs/external-project-integration/external-project-cmake/CMakeLists.txt,drop,Docs example not present in REX.
b91248fbd7bd773bdcce78c36aa673b1790030eb,2025-10-28,(Release) Incremented version to 0.11.145.355,ROSE_VERSION config/SCM_DATE configure.ac src/frontend/CxxFrontend/EDG_VERSION,pick-partial,Updated ROSE_VERSION only; skipped EDG_VERSION/configure/SCM_DATE.
e6a3d187f294890c221e01ecd78c3a966522b252,2025-10-30,(codethorn) support fortran call graphs,tools/CodeThorn/src,drop,CodeThorn dropped in REX.
d625ea6b83957527c252b84966a43210894dc08c,2025-10-31,(Release) Incremented version to 0.11.145.356,ROSE_VERSION config/SCM_DATE configure.ac src/frontend/CxxFrontend/EDG_VERSION,pick-partial,Updated ROSE_VERSION only; skipped EDG_VERSION/configure/SCM_DATE.
a68a11e83d90cdbf91417382362fc8ea79882ff6,2025-11-02,(Binary Analysis) Link dynamic PLT stubs to their definitions,src/Rose/BinaryAnalysis/ModelChecker,drop,BinaryAnalysis dropped in REX.
532a70ef08eddfcc9beab63cae1b05da12461b28,2025-11-02,(CMake) Build stringify-enums tool and update restringify script,scripts/restringify src/Sawyer/CMakeLists.txt,drop,Sawyer dropped in REX; scripts/restringify not present.
3edee0483d06c2a0bcc91ef090669402b659a328,2025-11-02,(Widgets) Remove unmaintained Qt-based GUI libraries qrose and qtWidgets,config/support-rose.m4 src/3rdPartyLibraries/qrose src/roseExtensions/qtWidgets,pick-partial,Applied QRose autotools cleanup in config/support-rose.m4; qrose/qtWidgets already absent in REX.
3dbaef2b1b985756786654855cd263ea6f044504,2025-11-02,(Support) Regenerate stringify enum conversion functions,src/roseSupport/stringify.C src/roseSupport/stringify.h,drop,stringify files not present in REX.
8448b8c91a997e1813bfbc7b64fee5df1573645a,2025-11-02,(ByteCode JVM) Reduce number of Sage nodes used for attributes.,src/AstNodes/BinaryAnalysis src/Rose/BinaryAnalysis src/frontend/BinaryFormats src/generated/BinaryAnalysis src/ROSETTA/src/binaryInstruction.C cmake/copy_files.cmake,drop,BinaryAnalysis/JVM dropped in REX.
7ba8c62f0f47cfbac302198c05fd41519e307066,2025-11-02,(Release) Incremented version to 0.11.145.357,ROSE_VERSION config/SCM_DATE configure.ac src/frontend/CxxFrontend/EDG_VERSION,pick-partial,Updated ROSE_VERSION only; skipped EDG_VERSION/configure/SCM_DATE.
2eedff8258682e2daf6c490dbb8ab8854513ac79,2025-11-02,(ByteCode JVM) Reduce number of Sage nodes used for attributes.,src/AstNodes/BinaryAnalysis src/Rose/BinaryAnalysis src/frontend/BinaryFormats src/generated/BinaryAnalysis src/ROSETTA/src/binaryInstruction.C,drop,BinaryAnalysis/JVM dropped in REX.
fbeffb21df758dbc3e76c2020680cdb22e1c0ca4,2025-11-02,(ByteCode JVM) Reduce number of Sage nodes used for attributes.,src/frontend/BinaryFormats/JvmAttribute.C,drop,BinaryAnalysis/JVM dropped in REX.
a5ad93378279c11f5221c84a3a3095b9edfd85ce,2025-11-03,(Release) Incremented version to 0.11.145.358,ROSE_VERSION config/SCM_DATE configure.ac src/frontend/CxxFrontend/EDG_VERSION,pick-partial,Updated ROSE_VERSION only; skipped EDG_VERSION/configure/SCM_DATE.
a2cdb7e216c310e9071e9589dc3c09722e8a154d,2025-11-03,(CMake) Remove unused KDE/Qt CMake module files,cmake/modules/FindKDE4Internal.cmake cmake/modules/FindQt4.cmake,drop,KDE/Qt4 module files not present in REX.
747cc697c183725aa9ebe71f54a9a94ff5e62067,2025-11-03,(Examples) Remove non-functional GUI example programs,exampleTranslators/graphicalUserInterfaceExamples,pick,Removed qrose/Qt GUI example programs and stale QRose Makefile.am comment.
8eb9ec14a7eb5d72010ddd18b7f76914677a3003,2025-11-03,(CMake) Remove KDE4 references and replace kde4_add_executable,docs/*/CMakeLists.txt exampleTranslators/*/CMakeLists.txt src/midend/*/CMakeLists.txt tutorial/*/CMakeLists.txt,pick-partial,Removed KDE4/Qt includes and kde4_add_executable where present; skipped dropped or missing paths.
eaa14b0b0c22e6ac60e3b2ffbca682c9fde53c29,2025-11-03,(CMake) Remove root-level KDE4 conditional and unused modules,CMakeLists.txt cmake/modules/FindBlitz.cmake cmake/modules/FindTaglib.cmake,drop,KDE4 conditional already absent; modules not present in REX.
afc17bf833ada0025eeb2b7e23ce2257eef6aaf6,2025-11-03,(CMake) Remove unused KDE-era CMake modules,cmake/modules/FindAGG.cmake cmake/modules/FindFFmpeg.cmake,drop,Modules not present in REX.
80cb7731455a8c8748517f3927a7c7aa5c1184f6,2025-11-03,(CMake) Remove additional unused KDE-era modules and OpenSSL,CMakeLists.txt cmake/modules/FindOpenSSL.cmake cmake/modules/FindLibraryWithDebug.cmake,drop,OpenSSL references and modules not present in REX.
5e83589a976883e2ee5d51d2f3eb662069f223ec,2025-11-03,(CMake) Remove unused macro modules and FindMySQL,CMakeLists.txt cmake/ConfigureChecks.cmake cmake/modules/Macro*.cmake,pick-partial,Removed MacroLibrary/MacroBoolTo01 usage and deleted Macro* modules; FindMySQL not present.
4fab9dd292136b707b377fff171d421117569798,2025-11-03,(CMake) Fix Java detection to use find_package instead of include,CMakeLists.txt,drop,Java support dropped in REX.
903ad41b874623df734f215ec00652adb74be160,2025-11-03,(CMake) Added rose-build-project script,scripts/CMakeLists.txt scripts/rose-build-project,drop,BinaryAnalysis tooling dropped; script not present in REX.
ed27582ebe4f9df0109b99a5944ec07d280a8018,2025-11-03,(CMake) Add helper functions for external ROSE projects,cmake/RoseUse.cmake cmake/RoseConfig.cmake.in docs/external-project-integration/external-project-cmake,drop,RoseConfig/external template not present in REX.
2177e75a23273a1af43e07ffc389299c373fac77,2025-11-04,(ByteCode JVM) Reduce number of Sage nodes used for attributes.,src/AstNodes/BinaryAnalysis src/frontend/BinaryFormats src/generated/BinaryAnalysis src/ROSETTA/src/binaryInstruction.C,drop,BinaryAnalysis/JVM dropped in REX.
2333aeb03dd4d9d164c82a4bd1630f76043616e2,2025-11-04,(Release) Incremented version to 0.11.145.359,ROSE_VERSION config/SCM_DATE configure.ac src/frontend/CxxFrontend/EDG_VERSION,pick-partial,Updated ROSE_VERSION only; skipped EDG_VERSION/configure/SCM_DATE.
47766499c4984346ac459f47b4a32224a641ada5,2025-11-04,(cmake) add thorn2 and thorn4,tools/CodeThorn/src/CMakeLists.txt,drop,CodeThorn dropped in REX.
556071565a032b92dee6b2b2942ae8d77960b26f,2025-11-04,(CMake) Add liboutlining,src/midend/programTransformation/astOutlining/CMakeLists.txt,pick,Added outlining_lib install list and outlining static library target.
4d193744c7649ae44a3c141cdd789d943165a193,2025-11-04,(CMake) remove ATERM_LIBRARY from rose_LIB_OBJS,src/CMakeLists.txt,drop,rose_LIB_OBJS/ATERM not present in REX; ATERM/Jovial dropped.
b13a1b8357f236fef6af3ba005081275ecca9b79,2025-11-04,(CMake) add PRIVATE to roseClangFrontend,src/frontend/CxxFrontend/Clang/CMakeLists.txt,drop,Clang frontend uses libroseClangFrontend without target_link_libraries in REX.
04e0f4ac531ed9c401f534502f76f9eeb2b3726a,2025-11-04,(CMake) add back aterm to ROSE_DLL,src/CMakeLists.txt,drop,ATerm/Jovial components dropped in REX.
742675326d862b4da4ba8984aeb2a2f95ad4d22f,2025-11-04,(CMake) Fix Quadmath macro,cmake/rosePublicConfig.h.in.cmake,drop,rosePublicConfig.h.in.cmake not present in REX.
d889476431f132f28dcb1084049fa2b5762c5700,2025-11-04,(CMake) fix clang macros,rose_config.h.in.cmake src/frontend/SageIII/sage_support/sage_support.C,pick,Added BACKEND_CXX_IS_* defines and guarded clang backend check.
1092c0a682d0bd625f36191ad0be56a7c660b277,2025-11-04,(CMake) Add java classes to install,src/3rdPartyLibraries/java-parser/CMakeLists.txt,drop,Java parser dropped in REX.
4c7d08180cced83209c84603162806b050bfadd4,2025-11-04,(CMake) add rmod files required for fortran,src/3rdPartyLibraries/fortran-parser/CMakeLists.txt,pick,Installed iso_c_binding/openacc rmod files for Fortran.
cd0e28c50de475f56577e7000a7e0d7a29abde76,2025-11-04,(CMake) install thorn2 and thorn4,tools/CodeThorn/src/CMakeLists.txt,drop,CodeThorn dropped in REX.
15c3dc2eaa4e1b486b7a53412e8aeaaa6ac1cb43,2025-11-04,(CMake) Re-enable RWSets when Ada is on,tools/CMakeLists.txt tools/ReadWriteSetGeneration/CMakeLists.txt,drop,ReadWriteSetGeneration and Ada dropped in REX.
97b2fc915fdb45402ba7a7869e0868ed7db2b85a,2025-11-05,(Release) Incremented version to 0.11.145.360,ROSE_VERSION config/SCM_DATE configure.ac src/frontend/CxxFrontend/EDG_VERSION,pick-partial,Updated ROSE_VERSION only; skipped EDG_VERSION/configure/SCM_DATE.
e172d159ba12bd645977d6bfe1be567851d6f2a8,2025-11-05,(RHEL8) Disable serialization for all RHEL 8 compilers,src/featureTests.h,drop,Serialization macros not present in REX featureTests.h.
ec73b04f9a7177be1dd1f3feb985151471f93fe8,2025-11-05,(CMake) Add Z3 to rose_object_library_dependencies,src/CMakeLists.txt,drop,rose_object_library_dependencies not present; Z3 usage differs in REX.
16180a9716dc51194f6088d569c2a7942a5a05c1,2025-11-06,(Release) Incremented version to 0.11.145.361,ROSE_VERSION config/SCM_DATE configure.ac src/frontend/CxxFrontend/EDG_VERSION,pick-partial,Updated ROSE_VERSION only; skipped EDG_VERSION/configure/SCM_DATE.
e45fe17668e268ebb24d5bf6174f9781d17013c5,2025-11-07,(Cleanup) Remove YAML-CPP support from ROSE,CMakeLists.txt cmake/FindYamlcpp.cmake src/roseSupport/utility_functions.C,drop,YAML-CPP already removed in REX.
e0be22569919e22e0fff7f0a56877efe4f345506,2025-11-08,(Serialization) Add warning when compiling on RHEL8,CMakeLists.txt cmake/rosePublicConfig.h.in.cmake src/featureTests.h,drop,Serialization/Boost logic and rosePublicConfig.h.in.cmake not present in REX.
d3d85ccc35311c2a144a96489bc4d171c87b0a31,2025-11-08,(Serialization) Fix error message for clang,src/featureTests.h,drop,Serialization macros not present in REX featureTests.h.
ef9d7dbdb65fb047a971c4dbabbdb3ba8d9984db,2025-11-08,(Cleanup) Remove libreadline support from ROSE,CMakeLists.txt cmake/FindReadline.cmake src/roseSupport/utility_functions.C,drop,Readline support already absent; BinaryAnalysis dropped.
d7f9f7c2d2db91601927eb0ed8d569ee33d78512,2025-11-08,(Cleanup) Removed some additional YAML-CPP that went unnoticed earlier,cmake/RoseConfig.cmake.in cmake-integration/README.md,drop,YAML-CPP already removed and RoseConfig.cmake.in not present in REX.
60520504186ebf47940b4a2444c5eb8a35057029,2025-11-08,(Cleanup) Update CMake to use scripts/run-test instead of scripts/tup/run-test,cmake/RoseBinaryTestHelpers.cmake scripts/run-test,drop,BinaryAnalysis/Tup scripts not present in REX.
36a833600e7c21e3c575ceab1e84a0225f65cf34,2025-11-08,(Cleanup) Remove Tup build system,scripts/tup Tupfile tup.config,drop,Tup cleanup not ported (per sync guide).
530fb3c7069f66060a68cd475166120610a548b4,2025-11-08,(Binary Analysis) Make StringFinder work with JVM files,src/Rose/BinaryAnalysis/String.C src/Rose/BinaryAnalysis/String.h,drop,BinaryAnalysis dropped in REX.
0765891d1c436f84e89b4ae449b9638bd27d4e28,2025-11-08,(Release) Incremented version to 0.11.145.362,ROSE_VERSION config/SCM_DATE configure.ac src/frontend/CxxFrontend/EDG_VERSION,pick-partial,Updated ROSE_VERSION only; skipped EDG_VERSION/configure/SCM_DATE.
a8f4bfe498c3b5297d56e12186a796ab13e0c0d9,2025-11-10,(Serialization) Add Autotools support for ROSE_ENABLE_BOOST_SERIALIZATION option,config/support-binary.m4,drop,Autotools change only; Boost serialization not used in REX.
d61ea907c5f01742c1df2919d298061486ca0ebc,2025-11-11,(CMake) Improve Z3 CMake support on RHEL9,cmake/FindZ3.cmake src/Rose/BinaryAnalysis/CMakeLists.txt,drop,FindZ3/BinaryAnalysis not present in REX.
2322b134bfb342463e3421a1f855fcabf3716d73,2025-11-11,(CMake) Conditionally add Z3 to binary analysis,src/Rose/BinaryAnalysis/CMakeLists.txt,drop,BinaryAnalysis dropped in REX.
600570f060ad528552e41b439a71589dcbca7a98,2025-11-11,(Release) Incremented version to 0.11.145.363,ROSE_VERSION config/SCM_DATE configure.ac src/frontend/CxxFrontend/EDG_VERSION,pick-partial,Updated ROSE_VERSION only; skipped EDG_VERSION/configure/SCM_DATE.
26667563b3ddfcddf763b4c077fa3d654f66b302,2025-11-12,(SideEffectAnalysis) Add interface for alternative naming of functions.,src/midend/astUtil/AstUtilInterface.C src/midend/astUtil/AstUtilInterface.h src/midend/astUtil/astInterface/AstInterface.C src/midend/astUtil/astInterface/AstInterface.h,pick,Added SetFunctionNameMangling hook and optional function name override.
3e1a3d9de5391c93e642e6d38fc7d33e09b5b6d9,2025-11-12,(Release) Incremented version to 0.11.145.364,ROSE_VERSION config/SCM_DATE configure.ac src/frontend/CxxFrontend/EDG_VERSION,pick-partial,Updated ROSE_VERSION only; skipped EDG_VERSION/configure/SCM_DATE.
a6fdc7fb5e1f366b91fdd0e98b1300a4cbe06eb5,2025-11-12,(CMake) Remove redundant target include directories from roseSupport,src/CMakeLists.txt src/roseSupport/CMakeLists.txt,drop,roseSupport and rose_object_library_dependencies not present in REX.
b86e72323957ac1c1375e67bc624c2e69206f7cf,2025-11-12,(CMake) Make CodeThorn tools conditional on OpenMP availability,tools/CodeThorn/src/CMakeLists.txt,drop,CodeThorn dropped in REX.
8029e83544930d4aaf6138ad3e3faa54b13f6b33,2025-11-12,(CMake) Remove unnecessary explicit OBJECT dependency,src/Rose/BinaryAnalysis/CMakeLists.txt,drop,BinaryAnalysis dropped in REX.
d3a44603afa30573798970da53e33fae529fd508,2025-11-12,(CMake) Export Rose_ROOT for external projects,cmake/RoseUse.cmake,drop,RoseUse.cmake not present in REX.
03250b11a9e39fe4561b481f3c8d3dbab828a913,2025-11-14,(SideEffectAnalysis) Revise alternative name mangling of functions.,src/midend/astUtil/annotation/OperatorDescriptors.C src/midend/astUtil/astInterface/AstInterface.C src/midend/astUtil/astInterface/AstInterface.h,pick,Switched to std::function hook and moved name mangling to GetGlobalUniqueName; cleaned debug output.
bbad65f4c221997d805ce6f2a6c5aabb8b99a9ce,2025-11-14,(CMake) Use GNUInstallDirs to find Z3 prefix,cmake/FindZ3.cmake,drop,FindZ3.cmake not present in REX.
84c8eeea3c8bd98c4fe432d53ae7add70ab0b71e,2025-11-14,(Release) Incremented version to 0.11.145.365,ROSE_VERSION config/SCM_DATE configure.ac src/frontend/CxxFrontend/EDG_VERSION,pick-partial,Updated ROSE_VERSION only; skipped EDG_VERSION/configure/SCM_DATE.
5b80f7426eadc01594bb5cd6e0385f088df17a2c,2025-11-19,(CMake) Fix Ada build order issue,src/frontend/Experimental_Ada_ROSE_Connection/parser/ada_main/CMakeLists.txt,drop,Ada/Libadalang dropped in REX.
63d925a253f7c42b3120baaeb97420dfdc5e6f1c,2025-11-19,(CI/CD) Add CMake build scripts,.gitlab-ci.yml,drop,CI config not used in REX.
a31b02927be95ac101685d4ef350a63c499b0d2b,2025-11-19,(Release) Incremented version to 0.11.145.366,ROSE_VERSION config/SCM_DATE configure.ac src/frontend/CxxFrontend/EDG_VERSION,pick-partial,Updated ROSE_VERSION only; skipped EDG_VERSION/configure/SCM_DATE.
229537b213c9247d06c0adb28c92babdae204ecc,2025-11-19,(Cleanup) remove EDG version check,src/frontend/SageIII/sage_support/sage_support.C,drop,EDG version check already removed in REX Clang frontend.
df50f8ee73cab78c5b055bad077212347dd454e2,2025-11-19,(CMake) build and install tools as part of all,CMakeLists.txt tools/CMakeLists.txt,drop,Would enable dropped tools (BinaryAnalysis/CodeThorn/etc); keep current defaults.
7a03078a55c3a49ef802d9ba5db8f9e86dcdedef,2025-11-20,(Release) Incremented version to 0.11.145.367,ROSE_VERSION config/SCM_DATE configure.ac src/frontend/CxxFrontend/EDG_VERSION,pick-partial,Updated ROSE_VERSION only; skipped EDG_VERSION/configure/SCM_DATE.
feef27f0d6f9dc171df30957e0f3e5034f744164,2025-12-02,(AstDiffAnalysis) Fix AstDiff of variable declaration comparison.,src/midend/astUtil/astInterface/AstInterface.C,drop,AstIdentical/AstDiff helpers not present in REX.
44254c0727c83df9877bf84eb35d34f739a65fa3,2025-12-05,(Release) Incremented version to 0.11.145.368,ROSE_VERSION config/SCM_DATE configure.ac src/frontend/CxxFrontend/EDG_VERSION,pick-partial,Updated ROSE_VERSION only; skipped EDG_VERSION/configure/SCM_DATE.
08f6f972e86fc05dcf63d241edd34bd9056aac01,2025-12-08,(DependenceTable) Fix parsing of empty dependence.,src/midend/astUtil/dependenceTracking/dependence_table.C,pick,Skip empty dependences and log warning.
89ee83645f1632a0a0a5d1dcd91155fc75f6287e,2025-12-09,(Release) Incremented version to 0.11.145.369,ROSE_VERSION config/SCM_DATE configure.ac src/frontend/CxxFrontend/EDG_VERSION,pick-partial,Updated ROSE_VERSION only; skipped EDG_VERSION/configure/SCM_DATE.
9462b1a8d4921b063c60d62b82f8f0089ff188bc,2025-12-10,(Ada) revise parameter representation,src/ROSETTA/Grammar/Support.code src/frontend/Experimental_Ada_ROSE_Connection,drop,Ada support dropped in REX; ROSETTA/Ada changes skipped.
0c0f03101f254df90ccd8dfd55bf1ecfd98ca16b,2025-12-10,(Release) Incremented version to 0.11.145.370,ROSE_VERSION config/SCM_DATE configure.ac src/frontend/CxxFrontend/EDG_VERSION,pick-partial,Updated ROSE_VERSION only; skipped EDG_VERSION/configure/SCM_DATE.
b4dd7262e5a2a2a0cd349ce1a116f0434dc40dd8,2025-12-16,(DependenceTable) Revise clustering of dot graph generation..,src/midend/astUtil/dependenceTracking/dependence_table.C src/midend/astUtil/astInterface/AstInterface.C,pick-partial,Applied clustering refactor; skipped AstIdentical change (not present in REX).
7f8373ba5f910e3dcc216f2a4743beca4ed47c86,2025-12-17,(Release) Incremented version to 0.11.145.371,ROSE_VERSION config/SCM_DATE configure.ac src/frontend/CxxFrontend/EDG_VERSION,pick-partial,Updated ROSE_VERSION only; skipped EDG_VERSION/configure/SCM_DATE.
df056d0dd2bca8315a9dea80ba988322acfe067f,2025-12-17,(Binary Analysis) Add instructions to PowerPC disassembler,src/Rose/BinaryAnalysis/Disassembler/Powerpc.C,drop,BinaryAnalysis dropped in REX.
942f25d11f99130dfa0910a4cf8765f70bf675fc,2025-12-18,(Release) Incremented version to 0.11.145.372,ROSE_VERSION config/SCM_DATE configure.ac src/frontend/CxxFrontend/EDG_VERSION,pick-partial,Updated ROSE_VERSION only; skipped EDG_VERSION/configure/SCM_DATE.
458ecf19f833fe155fe8ab65130a359612f036d6,2025-12-18,(AstDiff) Fix a few AstDiff bugs in AstInterface related to type declarations.,src/midend/astUtil/astInterface/AstInterface.C src/midend/astUtil/astInterface/AstInterface.h src/midend/astUtil/dependenceTracking/dependence_table.C,pick-partial,Applied clustering asserts and static IsReturn/IsSameVarRef; skipped AstIdentical changes (not present in REX).
dc8903fcd4d4160934c2650efd03812d1446183a,2025-12-19,(Release) Incremented version to 0.11.145.373,ROSE_VERSION config/SCM_DATE configure.ac src/frontend/CxxFrontend/EDG_VERSION,pick-partial,Updated ROSE_VERSION only; skipped EDG_VERSION/configure/SCM_DATE.
59660691a29f8f711c3b66b630b3b474596663c5,2025-12-20,(CMake) Add warning about EDG Binary not yet supported,CMakeLists.txt,drop,EDG binary support not used in REX.
f96f53074661b66d1b65d8943dad91c13bcfe676,2025-12-20,(AstDiff) Fix comparison of variables to use global unique name.,src/midend/astUtil/astInterface/AstInterface.C,pick,Use global unique name in IsSameVarRef.
c15ae25610b66eecb03e86884694f1d4fcd5786f,2025-12-20,(Release) Incremented version to 0.11.145.374,ROSE_VERSION config/SCM_DATE configure.ac src/frontend/CxxFrontend/EDG_VERSION,pick-partial,Updated ROSE_VERSION only; skipped EDG_VERSION/configure/SCM_DATE.
